track_id,midi_path,emotion,emotion_confidence,emotion_source,emotion_model
MIDI-Unprocessed_Chamber3_MID--AUDIO_10_R3_2018_wav--1,/Users/mymac/PycharmProjects/EEG-to-classical-music/data/maestro-v3.0.0/2018/MIDI-Unprocessed_Chamber3_MID--AUDIO_10_R3_2018_wav--1.midi,HVHA,0.4569988126993957,predicted,stacked_v4_40dim
MIDI-Unprocessed_03_R2_2008_01-03_ORIG_MID--AUDIO_03_R2_2008_wav--2,/Users/mymac/PycharmProjects/EEG-to-classical-music/data/maestro-v3.0.0/2008/MIDI-Unprocessed_03_R2_2008_01-03_ORIG_MID--AUDIO_03_R2_2008_wav--2.midi,HVHA,0.5755626482209029,predicted,stacked_v4_40dim
MIDI-Unprocessed_066_PIANO066_MID--AUDIO-split_07-07-17_Piano-e_3-02_wav--3,/Users/mymac/PycharmProjects/EEG-to-classical-music/data/maestro-v3.0.0/2017/MIDI-Unprocessed_066_PIANO066_MID--AUDIO-split_07-07-17_Piano-e_3-02_wav--3.midi,HVHA,0.7953439097081428,predicted,stacked_v4_40dim
MIDI-Unprocessed_XP_21_R1_2004_01_ORIG_MID--AUDIO_21_R1_2004_01_Track01_wav,/Users/mymac/PycharmProjects/EEG-to-classical-music/data/maestro-v3.0.0/2004/MIDI-Unprocessed_XP_21_R1_2004_01_ORIG_MID--AUDIO_21_R1_2004_01_Track01_wav.midi,HVHA,0.7257300157812022,predicted,stacked_v4_40dim
MIDI-Unprocessed_17_R1_2006_01-06_ORIG_MID--AUDIO_17_R1_2006_04_Track04_wav,/Users/mymac/PycharmProjects/EEG-to-classical-music/data/maestro-v3.0.0/2006/MIDI-Unprocessed_17_R1_2006_01-06_ORIG_MID--AUDIO_17_R1_2006_04_Track04_wav.midi,HVHA,0.7073927781471551,predicted,stacked_v4_40dim
MIDI-Unprocessed_07_R1_2009_04-05_ORIG_MID--AUDIO_07_R1_2009_07_R1_2009_04_WAV,/Users/mymac/PycharmProjects/EEG-to-classical-music/data/maestro-v3.0.0/2009/MIDI-Unprocessed_07_R1_2009_04-05_ORIG_MID--AUDIO_07_R1_2009_07_R1_2009_04_WAV.midi,HVHA,0.4379531534854614,predicted,stacked_v4_40dim
MIDI-Unprocessed_11_R1_2009_06-09_ORIG_MID--AUDIO_11_R1_2009_11_R1_2009_07_WAV,/Users/mymac/PycharmProjects/EEG-to-classical-music/data/maestro-v3.0.0/2009/MIDI-Unprocessed_11_R1_2009_06-09_ORIG_MID--AUDIO_11_R1_2009_11_R1_2009_07_WAV.midi,LVLA,0.8282565280034505,predicted,stacked_v4_40dim
ORIG-MIDI_03_7_8_13_Group__MID--AUDIO_19_R2_2013_wav--3,/Users/mymac/PycharmProjects/EEG-to-classical-music/data/maestro-v3.0.0/2013/ORIG-MIDI_03_7_8_13_Group__MID--AUDIO_19_R2_2013_wav--3.midi,HVHA,0.863703669502633,predicted,stacked_v4_40dim
MIDI-Unprocessed_02_R1_2009_03-06_ORIG_MID--AUDIO_02_R1_2009_02_R1_2009_04_WAV,/Users/mymac/PycharmProjects/EEG-to-classical-music/data/maestro-v3.0.0/2009/MIDI-Unprocessed_02_R1_2009_03-06_ORIG_MID--AUDIO_02_R1_2009_02_R1_2009_04_WAV.midi,LVHA,0.6480767115865179,predicted,stacked_v4_40dim
MIDI-Unprocessed_02_R1_2009_03-06_ORIG_MID--AUDIO_02_R1_2009_02_R1_2009_05_WAV,/Users/mymac/PycharmProjects/EEG-to-classical-music/data/maestro-v3.0.0/2009/MIDI-Unprocessed_02_R1_2009_03-06_ORIG_MID--AUDIO_02_R1_2009_02_R1_2009_05_WAV.midi,HVLA,0.7562062194141896,predicted,stacked_v4_40dim
MIDI-Unprocessed_15_R1_2011_MID--AUDIO_R1-D6_09_Track09_wav,/Users/mymac/PycharmProjects/EEG-to-classical-music/data/maestro-v3.0.0/2011/MIDI-Unprocessed_15_R1_2011_MID--AUDIO_R1-D6_09_Track09_wav.midi,HVHA,0.5864958853581038,predicted,stacked_v4_40dim
MIDI-Unprocessed_19_R1_2006_01-07_ORIG_MID--AUDIO_19_R1_2006_04_Track04_wav,/Users/mymac/PycharmProjects/EEG-to-classical-music/data/maestro-v3.0.0/2006/MIDI-Unprocessed_19_R1_2006_01-07_ORIG_MID--AUDIO_19_R1_2006_04_Track04_wav.midi,HVHA,0.7812340376742091,predicted,stacked_v4_40dim
ORIG-MIDI_02_7_10_13_Group_MID--AUDIO_11_R3_2013_wav--3,/Users/mymac/PycharmProjects/EEG-to-classical-music/data/maestro-v3.0.0/2013/ORIG-MIDI_02_7_10_13_Group_MID--AUDIO_11_R3_2013_wav--3.midi,HVLA,0.6153043838648015,predicted,stacked_v4_40dim
MIDI-Unprocessed_09_R1_2011_MID--AUDIO_R1-D3_15_Track15_wav,/Users/mymac/PycharmProjects/EEG-to-classical-music/data/maestro-v3.0.0/2011/MIDI-Unprocessed_09_R1_2011_MID--AUDIO_R1-D3_15_Track15_wav.midi,HVLA,0.48781937993259816,predicted,stacked_v4_40dim
MIDI-UNPROCESSED_14-15_R1_2014_MID--AUDIO_15_R1_2014_wav--5,/Users/mymac/PycharmProjects/EEG-to-classical-music/data/maestro-v3.0.0/2014/MIDI-UNPROCESSED_14-15_R1_2014_MID--AUDIO_15_R1_2014_wav--5.midi,HVLA,0.5678059835628565,predicted,stacked_v4_40dim
MIDI-Unprocessed_11_R1_2009_06-09_ORIG_MID--AUDIO_11_R1_2009_11_R1_2009_06_WAV,/Users/mymac/PycharmProjects/EEG-to-classical-music/data/maestro-v3.0.0/2009/MIDI-Unprocessed_11_R1_2009_06-09_ORIG_MID--AUDIO_11_R1_2009_11_R1_2009_06_WAV.midi,LVLA,0.5201563090468704,predicted,stacked_v4_40dim
MIDI-Unprocessed_01_R1_2008_01-04_ORIG_MID--AUDIO_01_R1_2008_wav--3,/Users/mymac/PycharmProjects/EEG-to-classical-music/data/maestro-v3.0.0/2008/MIDI-Unprocessed_01_R1_2008_01-04_ORIG_MID--AUDIO_01_R1_2008_wav--3.midi,HVHA,0.3199264466150813,predicted,stacked_v4_40dim
MIDI-Unprocessed_12_R1_2006_01-08_ORIG_MID--AUDIO_12_R1_2006_02_Track02_wav,/Users/mymac/PycharmProjects/EEG-to-classical-music/data/maestro-v3.0.0/2006/MIDI-Unprocessed_12_R1_2006_01-08_ORIG_MID--AUDIO_12_R1_2006_02_Track02_wav.midi,HVHA,0.5023244197910937,predicted,stacked_v4_40dim
MIDI-Unprocessed_Recital1-3_MID--AUDIO_01_R1_2018_wav--4,/Users/mymac/PycharmProjects/EEG-to-classical-music/data/maestro-v3.0.0/2018/MIDI-Unprocessed_Recital1-3_MID--AUDIO_01_R1_2018_wav--4.midi,HVHA,0.47553195026507855,predicted,stacked_v4_40dim
MIDI-Unprocessed_Recital17-19_MID--AUDIO_18_R1_2018_wav--2,/Users/mymac/PycharmProjects/EEG-to-classical-music/data/maestro-v3.0.0/2018/MIDI-Unprocessed_Recital17-19_MID--AUDIO_18_R1_2018_wav--2.midi,HVHA,0.574559645029329,predicted,stacked_v4_40dim
MIDI-Unprocessed_079_PIANO079_MID--AUDIO-split_07-09-17_Piano-e_1-04_wav--4,/Users/mymac/PycharmProjects/EEG-to-classical-music/data/maestro-v3.0.0/2017/MIDI-Unprocessed_079_PIANO079_MID--AUDIO-split_07-09-17_Piano-e_1-04_wav--4.midi,HVHA,0.5509544661326485,predicted,stacked_v4_40dim
MIDI-Unprocessed_Recital5-7_MID--AUDIO_07_R1_2018_wav--2,/Users/mymac/PycharmProjects/EEG-to-classical-music/data/maestro-v3.0.0/2018/MIDI-Unprocessed_Recital5-7_MID--AUDIO_07_R1_2018_wav--2.midi,HVHA,0.8708286495439717,predicted,stacked_v4_40dim
MIDI-Unprocessed_Recital9-11_MID--AUDIO_11_R1_2018_wav--2,/Users/mymac/PycharmProjects/EEG-to-classical-music/data/maestro-v3.0.0/2018/MIDI-Unprocessed_Recital9-11_MID--AUDIO_11_R1_2018_wav--2.midi,HVHA,0.848386939417937,predicted,stacked_v4_40dim
MIDI-Unprocessed_Chamber6_MID--AUDIO_20_R3_2018_wav--2,/Users/mymac/PycharmProjects/EEG-to-classical-music/data/maestro-v3.0.0/2018/MIDI-Unprocessed_Chamber6_MID--AUDIO_20_R3_2018_wav--2.midi,HVHA,0.8241672004316667,predicted,stacked_v4_40dim
ORIG-MIDI_01_7_6_13_Group__MID--AUDIO_03_R1_2013_wav--4,/Users/mymac/PycharmProjects/EEG-to-classical-music/data/maestro-v3.0.0/2013/ORIG-MIDI_01_7_6_13_Group__MID--AUDIO_03_R1_2013_wav--4.midi,HVHA,0.7279129323765638,predicted,stacked_v4_40dim
MIDI-Unprocessed_SMF_07_R1_2004_01_ORIG_MID--AUDIO_07_R1_2004_12_Track12_wav,/Users/mymac/PycharmProjects/EEG-to-classical-music/data/maestro-v3.0.0/2004/MIDI-Unprocessed_SMF_07_R1_2004_01_ORIG_MID--AUDIO_07_R1_2004_12_Track12_wav.midi,HVHA,0.4704925561587294,predicted,stacked_v4_40dim
MIDI-Unprocessed_Recital12_MID--AUDIO_12_R1_2018_wav--2,/Users/mymac/PycharmProjects/EEG-to-classical-music/data/maestro-v3.0.0/2018/MIDI-Unprocessed_Recital12_MID--AUDIO_12_R1_2018_wav--2.midi,HVHA,0.5083158735349727,predicted,stacked_v4_40dim
MIDI-Unprocessed_09_R1_2009_01-04_ORIG_MID--AUDIO_09_R1_2009_09_R1_2009_04_WAV,/Users/mymac/PycharmProjects/EEG-to-classical-music/data/maestro-v3.0.0/2009/MIDI-Unprocessed_09_R1_2009_01-04_ORIG_MID--AUDIO_09_R1_2009_09_R1_2009_04_WAV.midi,HVHA,0.5284432335539289,predicted,stacked_v4_40dim
MIDI-Unprocessed_19_R1_2009_03-04_ORIG_MID--AUDIO_19_R1_2009_19_R1_2009_04_WAV,/Users/mymac/PycharmProjects/EEG-to-classical-music/data/maestro-v3.0.0/2009/MIDI-Unprocessed_19_R1_2009_03-04_ORIG_MID--AUDIO_19_R1_2009_19_R1_2009_04_WAV.midi,HVHA,0.5512330726209116,predicted,stacked_v4_40dim
MIDI-Unprocessed_07_R1_2008_01-04_ORIG_MID--AUDIO_07_R1_2008_wav--4,/Users/mymac/PycharmProjects/EEG-to-classical-music/data/maestro-v3.0.0/2008/MIDI-Unprocessed_07_R1_2008_01-04_ORIG_MID--AUDIO_07_R1_2008_wav--4.midi,HVLA,0.5840391267981173,predicted,stacked_v4_40dim
MIDI-UNPROCESSED_21-22_R1_2014_MID--AUDIO_21_R1_2014_wav--6,/Users/mymac/PycharmProjects/EEG-to-classical-music/data/maestro-v3.0.0/2014/MIDI-UNPROCESSED_21-22_R1_2014_MID--AUDIO_21_R1_2014_wav--6.midi,HVHA,0.5895904115773466,predicted,stacked_v4_40dim
MIDI-UNPROCESSED_21-22_R1_2014_MID--AUDIO_22_R1_2014_wav--4,/Users/mymac/PycharmProjects/EEG-to-classical-music/data/maestro-v3.0.0/2014/MIDI-UNPROCESSED_21-22_R1_2014_MID--AUDIO_22_R1_2014_wav--4.midi,HVLA,0.5477725979368726,predicted,stacked_v4_40dim
MIDI-Unprocessed_01_R1_2006_01-09_ORIG_MID--AUDIO_01_R1_2006_04_Track04_wav,/Users/mymac/PycharmProjects/EEG-to-classical-music/data/maestro-v3.0.0/2006/MIDI-Unprocessed_01_R1_2006_01-09_ORIG_MID--AUDIO_01_R1_2006_04_Track04_wav.midi,HVLA,0.45101464282422216,predicted,stacked_v4_40dim
MIDI-Unprocessed_24_R1_2006_01-05_ORIG_MID--AUDIO_24_R1_2006_03_Track03_wav,/Users/mymac/PycharmProjects/EEG-to-classical-music/data/maestro-v3.0.0/2006/MIDI-Unprocessed_24_R1_2006_01-05_ORIG_MID--AUDIO_24_R1_2006_03_Track03_wav.midi,HVLA,0.6182811885815636,predicted,stacked_v4_40dim
MIDI-Unprocessed_11_R1_2009_06-09_ORIG_MID--AUDIO_11_R1_2009_11_R1_2009_08_WAV,/Users/mymac/PycharmProjects/EEG-to-classical-music/data/maestro-v3.0.0/2009/MIDI-Unprocessed_11_R1_2009_06-09_ORIG_MID--AUDIO_11_R1_2009_11_R1_2009_08_WAV.midi,LVLA,0.4937131336892695,predicted,stacked_v4_40dim
MIDI-Unprocessed_Recital13-15_MID--AUDIO_15_R1_2018_wav--1,/Users/mymac/PycharmProjects/EEG-to-classical-music/data/maestro-v3.0.0/2018/MIDI-Unprocessed_Recital13-15_MID--AUDIO_15_R1_2018_wav--1.midi,LVLA,0.47577797418070145,predicted,stacked_v4_40dim
MIDI-UNPROCESSED_14-15_R1_2014_MID--AUDIO_15_R1_2014_wav--3,/Users/mymac/PycharmProjects/EEG-to-classical-music/data/maestro-v3.0.0/2014/MIDI-UNPROCESSED_14-15_R1_2014_MID--AUDIO_15_R1_2014_wav--3.midi,LVLA,0.5741703284700066,predicted,stacked_v4_40dim
MIDI-UNPROCESSED_14-15_R1_2014_MID--AUDIO_15_R1_2014_wav--4,/Users/mymac/PycharmProjects/EEG-to-classical-music/data/maestro-v3.0.0/2014/MIDI-UNPROCESSED_14-15_R1_2014_MID--AUDIO_15_R1_2014_wav--4.midi,HVHA,0.8270954436784389,predicted,stacked_v4_40dim
MIDI-Unprocessed_09_R1_2009_01-04_ORIG_MID--AUDIO_09_R1_2009_09_R1_2009_01_WAV,/Users/mymac/PycharmProjects/EEG-to-classical-music/data/maestro-v3.0.0/2009/MIDI-Unprocessed_09_R1_2009_01-04_ORIG_MID--AUDIO_09_R1_2009_09_R1_2009_01_WAV.midi,HVLA,0.7266179971663296,predicted,stacked_v4_40dim
MIDI-Unprocessed_02_R3_2008_01-03_ORIG_MID--AUDIO_02_R3_2008_wav--3,/Users/mymac/PycharmProjects/EEG-to-classical-music/data/maestro-v3.0.0/2008/MIDI-Unprocessed_02_R3_2008_01-03_ORIG_MID--AUDIO_02_R3_2008_wav--3.midi,HVHA,0.7768378787963673,predicted,stacked_v4_40dim
MIDI-Unprocessed_08_R1_2006_01-04_ORIG_MID--AUDIO_08_R1_2006_Disk1_01_Track01_wav,/Users/mymac/PycharmProjects/EEG-to-classical-music/data/maestro-v3.0.0/2006/MIDI-Unprocessed_08_R1_2006_01-04_ORIG_MID--AUDIO_08_R1_2006_Disk1_01_Track01_wav.midi,HVHA,0.7624880625025985,predicted,stacked_v4_40dim
MIDI-Unprocessed_10_R3_2008_01-05_ORIG_MID--AUDIO_10_R3_2008_wav--4,/Users/mymac/PycharmProjects/EEG-to-classical-music/data/maestro-v3.0.0/2008/MIDI-Unprocessed_10_R3_2008_01-05_ORIG_MID--AUDIO_10_R3_2008_wav--4.midi,HVHA,0.5278816614612968,predicted,stacked_v4_40dim
ORIG-MIDI_03_7_10_13_Group_MID--AUDIO_18_R3_2013_wav--2,/Users/mymac/PycharmProjects/EEG-to-classical-music/data/maestro-v3.0.0/2013/ORIG-MIDI_03_7_10_13_Group_MID--AUDIO_18_R3_2013_wav--2.midi,LVLA,0.35236570695595254,predicted,stacked_v4_40dim
MIDI-Unprocessed_07_R3_2008_01-05_ORIG_MID--AUDIO_07_R3_2008_wav--3,/Users/mymac/PycharmProjects/EEG-to-classical-music/data/maestro-v3.0.0/2008/MIDI-Unprocessed_07_R3_2008_01-05_ORIG_MID--AUDIO_07_R3_2008_wav--3.midi,HVHA,0.8247526125970723,predicted,stacked_v4_40dim
MIDI-Unprocessed_10_R3_2008_01-05_ORIG_MID--AUDIO_10_R3_2008_wav--3,/Users/mymac/PycharmProjects/EEG-to-classical-music/data/maestro-v3.0.0/2008/MIDI-Unprocessed_10_R3_2008_01-05_ORIG_MID--AUDIO_10_R3_2008_wav--3.midi,HVHA,0.33736410076538415,predicted,stacked_v4_40dim
MIDI-Unprocessed_07_R3_2008_01-05_ORIG_MID--AUDIO_07_R3_2008_wav--4,/Users/mymac/PycharmProjects/EEG-to-classical-music/data/maestro-v3.0.0/2008/MIDI-Unprocessed_07_R3_2008_01-05_ORIG_MID--AUDIO_07_R3_2008_wav--4.midi,LVLA,0.6830027261818165,predicted,stacked_v4_40dim
MIDI-Unprocessed_R1_D1-1-8_mid--AUDIO-from_mp3_02_R1_2015_wav--3,/Users/mymac/PycharmProjects/EEG-to-classical-music/data/maestro-v3.0.0/2015/MIDI-Unprocessed_R1_D1-1-8_mid--AUDIO-from_mp3_02_R1_2015_wav--3.midi,HVHA,0.8087562243425193,predicted,stacked_v4_40dim
MIDI-Unprocessed_01_R1_2006_01-09_ORIG_MID--AUDIO_01_R1_2006_03_Track03_wav,/Users/mymac/PycharmProjects/EEG-to-classical-music/data/maestro-v3.0.0/2006/MIDI-Unprocessed_01_R1_2006_01-09_ORIG_MID--AUDIO_01_R1_2006_03_Track03_wav.midi,LVLA,0.5199888938065734,predicted,stacked_v4_40dim
MIDI-UNPROCESSED_09-10_R1_2014_MID--AUDIO_09_R1_2014_wav--4,/Users/mymac/PycharmProjects/EEG-to-classical-music/data/maestro-v3.0.0/2014/MIDI-UNPROCESSED_09-10_R1_2014_MID--AUDIO_09_R1_2014_wav--4.midi,HVHA,0.4574289717045558,predicted,stacked_v4_40dim
MIDI-Unprocessed_11_R1_2009_01-05_ORIG_MID--AUDIO_11_R1_2009_11_R1_2009_02_WAV,/Users/mymac/PycharmProjects/EEG-to-classical-music/data/maestro-v3.0.0/2009/MIDI-Unprocessed_11_R1_2009_01-05_ORIG_MID--AUDIO_11_R1_2009_11_R1_2009_02_WAV.midi,HVHA,0.5134980087113369,predicted,stacked_v4_40dim
MIDI-Unprocessed_11_R1_2009_01-05_ORIG_MID--AUDIO_11_R1_2009_11_R1_2009_04_WAV,/Users/mymac/PycharmProjects/EEG-to-classical-music/data/maestro-v3.0.0/2009/MIDI-Unprocessed_11_R1_2009_01-05_ORIG_MID--AUDIO_11_R1_2009_11_R1_2009_04_WAV.midi,HVHA,0.5426301604236933,predicted,stacked_v4_40dim
MIDI-Unprocessed_11_R1_2009_01-05_ORIG_MID--AUDIO_11_R1_2009_11_R1_2009_03_WAV,/Users/mymac/PycharmProjects/EEG-to-classical-music/data/maestro-v3.0.0/2009/MIDI-Unprocessed_11_R1_2009_01-05_ORIG_MID--AUDIO_11_R1_2009_11_R1_2009_03_WAV.midi,HVLA,0.4509426322292887,predicted,stacked_v4_40dim
MIDI-Unprocessed_11_R2_2008_01-05_ORIG_MID--AUDIO_11_R2_2008_wav--2,/Users/mymac/PycharmProjects/EEG-to-classical-music/data/maestro-v3.0.0/2008/MIDI-Unprocessed_11_R2_2008_01-05_ORIG_MID--AUDIO_11_R2_2008_wav--2.midi,HVLA,0.5297465474601626,predicted,stacked_v4_40dim
MIDI-Unprocessed_SMF_17_R1_2004_03-06_ORIG_MID--AUDIO_20_R2_2004_12_Track12_wav--1,/Users/mymac/PycharmProjects/EEG-to-classical-music/data/maestro-v3.0.0/2004/MIDI-Unprocessed_SMF_17_R1_2004_03-06_ORIG_MID--AUDIO_20_R2_2004_12_Track12_wav--1.midi,HVLA,0.40295855970106137,predicted,stacked_v4_40dim
MIDI-Unprocessed_18_R1_2006_01-05_ORIG_MID--AUDIO_18_R1_2006_02_Track02_wav,/Users/mymac/PycharmProjects/EEG-to-classical-music/data/maestro-v3.0.0/2006/MIDI-Unprocessed_18_R1_2006_01-05_ORIG_MID--AUDIO_18_R1_2006_02_Track02_wav.midi,HVHA,0.5297181500678568,predicted,stacked_v4_40dim
MIDI-Unprocessed_14_R1_2006_01-05_ORIG_MID--AUDIO_14_R1_2006_03_Track03_wav,/Users/mymac/PycharmProjects/EEG-to-classical-music/data/maestro-v3.0.0/2006/MIDI-Unprocessed_14_R1_2006_01-05_ORIG_MID--AUDIO_14_R1_2006_03_Track03_wav.midi,HVHA,0.7301180194476289,predicted,stacked_v4_40dim
MIDI-Unprocessed_XP_08_R1_2004_03_ORIG_MID--AUDIO_08_R1_2004_03_Track03_wav,/Users/mymac/PycharmProjects/EEG-to-classical-music/data/maestro-v3.0.0/2004/MIDI-Unprocessed_XP_08_R1_2004_03_ORIG_MID--AUDIO_08_R1_2004_03_Track03_wav.midi,LVLA,0.5174606216017942,predicted,stacked_v4_40dim
MIDI-UNPROCESSED_09-10_R1_2014_MID--AUDIO_10_R1_2014_wav--4,/Users/mymac/PycharmProjects/EEG-to-classical-music/data/maestro-v3.0.0/2014/MIDI-UNPROCESSED_09-10_R1_2014_MID--AUDIO_10_R1_2014_wav--4.midi,HVLA,0.3455023340665484,predicted,stacked_v4_40dim
MIDI-Unprocessed_24_R1_2006_01-05_ORIG_MID--AUDIO_24_R1_2006_02_Track02_wav,/Users/mymac/PycharmProjects/EEG-to-classical-music/data/maestro-v3.0.0/2006/MIDI-Unprocessed_24_R1_2006_01-05_ORIG_MID--AUDIO_24_R1_2006_02_Track02_wav.midi,HVHA,0.6405955645076793,predicted,stacked_v4_40dim
MIDI-Unprocessed_15_R1_2009_03-06_ORIG_MID--AUDIO_15_R1_2009_15_R1_2009_03_WAV,/Users/mymac/PycharmProjects/EEG-to-classical-music/data/maestro-v3.0.0/2009/MIDI-Unprocessed_15_R1_2009_03-06_ORIG_MID--AUDIO_15_R1_2009_15_R1_2009_03_WAV.midi,LVLA,0.3580381494865634,predicted,stacked_v4_40dim
MIDI-Unprocessed_06_R2_2008_01-05_ORIG_MID--AUDIO_06_R2_2008_wav--4,/Users/mymac/PycharmProjects/EEG-to-classical-music/data/maestro-v3.0.0/2008/MIDI-Unprocessed_06_R2_2008_01-05_ORIG_MID--AUDIO_06_R2_2008_wav--4.midi,HVHA,0.34964669907510343,predicted,stacked_v4_40dim
MIDI-Unprocessed_Recital20_MID--AUDIO_20_R1_2018_wav--3,/Users/mymac/PycharmProjects/EEG-to-classical-music/data/maestro-v3.0.0/2018/MIDI-Unprocessed_Recital20_MID--AUDIO_20_R1_2018_wav--3.midi,LVLA,0.48018639417273284,predicted,stacked_v4_40dim
MIDI-Unprocessed_06_R2_2008_01-05_ORIG_MID--AUDIO_06_R2_2008_wav--5,/Users/mymac/PycharmProjects/EEG-to-classical-music/data/maestro-v3.0.0/2008/MIDI-Unprocessed_06_R2_2008_01-05_ORIG_MID--AUDIO_06_R2_2008_wav--5.midi,HVLA,0.43223249919977397,predicted,stacked_v4_40dim
MIDI-Unprocessed_04_R3_2011_MID--AUDIO_R3-D2_05_Track05_wav,/Users/mymac/PycharmProjects/EEG-to-classical-music/data/maestro-v3.0.0/2011/MIDI-Unprocessed_04_R3_2011_MID--AUDIO_R3-D2_05_Track05_wav.midi,HVLA,0.45505398186798746,predicted,stacked_v4_40dim
MIDI-Unprocessed_15_R1_2011_MID--AUDIO_R1-D6_10_Track10_wav,/Users/mymac/PycharmProjects/EEG-to-classical-music/data/maestro-v3.0.0/2011/MIDI-Unprocessed_15_R1_2011_MID--AUDIO_R1-D6_10_Track10_wav.midi,HVLA,0.7660487596646548,predicted,stacked_v4_40dim
MIDI-UNPROCESSED_06-08_R1_2014_MID--AUDIO_07_R1_2014_wav--6,/Users/mymac/PycharmProjects/EEG-to-classical-music/data/maestro-v3.0.0/2014/MIDI-UNPROCESSED_06-08_R1_2014_MID--AUDIO_07_R1_2014_wav--6.midi,HVLA,0.6835243842625826,predicted,stacked_v4_40dim
ORIG-MIDI_02_7_7_13_Group__MID--AUDIO_15_R1_2013_wav--4,/Users/mymac/PycharmProjects/EEG-to-classical-music/data/maestro-v3.0.0/2013/ORIG-MIDI_02_7_7_13_Group__MID--AUDIO_15_R1_2013_wav--4.midi,HVLA,0.7765038985243777,predicted,stacked_v4_40dim
ORIG-MIDI_02_7_10_13_Group_MID--AUDIO_12_R3_2013_wav--3,/Users/mymac/PycharmProjects/EEG-to-classical-music/data/maestro-v3.0.0/2013/ORIG-MIDI_02_7_10_13_Group_MID--AUDIO_12_R3_2013_wav--3.midi,HVLA,0.5929934250408166,predicted,stacked_v4_40dim
MIDI-Unprocessed_071_PIANO071_MID--AUDIO-split_07-08-17_Piano-e_1-04_wav--4,/Users/mymac/PycharmProjects/EEG-to-classical-music/data/maestro-v3.0.0/2017/MIDI-Unprocessed_071_PIANO071_MID--AUDIO-split_07-08-17_Piano-e_1-04_wav--4.midi,HVLA,0.44237721658435847,predicted,stacked_v4_40dim
MIDI-Unprocessed_Recital1-3_MID--AUDIO_02_R1_2018_wav--4,/Users/mymac/PycharmProjects/EEG-to-classical-music/data/maestro-v3.0.0/2018/MIDI-Unprocessed_Recital1-3_MID--AUDIO_02_R1_2018_wav--4.midi,HVLA,0.700177870352572,predicted,stacked_v4_40dim
MIDI-Unprocessed_10_R3_2008_01-05_ORIG_MID--AUDIO_10_R3_2008_wav--2,/Users/mymac/PycharmProjects/EEG-to-classical-music/data/maestro-v3.0.0/2008/MIDI-Unprocessed_10_R3_2008_01-05_ORIG_MID--AUDIO_10_R3_2008_wav--2.midi,HVHA,0.7446340570902952,predicted,stacked_v4_40dim
MIDI-Unprocessed_05_R1_2008_01-04_ORIG_MID--AUDIO_05_R1_2008_wav--3,/Users/mymac/PycharmProjects/EEG-to-classical-music/data/maestro-v3.0.0/2008/MIDI-Unprocessed_05_R1_2008_01-04_ORIG_MID--AUDIO_05_R1_2008_wav--3.midi,LVLA,0.5400156720109124,predicted,stacked_v4_40dim
MIDI-Unprocessed_R2_D2-12-13-15_mid--AUDIO-from_mp3_12_R2_2015_wav--3,/Users/mymac/PycharmProjects/EEG-to-classical-music/data/maestro-v3.0.0/2015/MIDI-Unprocessed_R2_D2-12-13-15_mid--AUDIO-from_mp3_12_R2_2015_wav--3.midi,HVHA,0.8073112722652931,predicted,stacked_v4_40dim
MIDI-Unprocessed_04_R2_2008_01-04_ORIG_MID--AUDIO_04_R2_2008_wav--1,/Users/mymac/PycharmProjects/EEG-to-classical-music/data/maestro-v3.0.0/2008/MIDI-Unprocessed_04_R2_2008_01-04_ORIG_MID--AUDIO_04_R2_2008_wav--1.midi,HVHA,0.6656069012310403,predicted,stacked_v4_40dim
MIDI-Unprocessed_Recital16_MID--AUDIO_16_R1_2018_wav--3,/Users/mymac/PycharmProjects/EEG-to-classical-music/data/maestro-v3.0.0/2018/MIDI-Unprocessed_Recital16_MID--AUDIO_16_R1_2018_wav--3.midi,LVLA,0.7609100148956246,predicted,stacked_v4_40dim
MIDI-Unprocessed_Recital9-11_MID--AUDIO_10_R1_2018_wav--3,/Users/mymac/PycharmProjects/EEG-to-classical-music/data/maestro-v3.0.0/2018/MIDI-Unprocessed_Recital9-11_MID--AUDIO_10_R1_2018_wav--3.midi,LVLA,0.799043318116194,predicted,stacked_v4_40dim
MIDI-UNPROCESSED_06-08_R1_2014_MID--AUDIO_07_R1_2014_wav--5,/Users/mymac/PycharmProjects/EEG-to-classical-music/data/maestro-v3.0.0/2014/MIDI-UNPROCESSED_06-08_R1_2014_MID--AUDIO_07_R1_2014_wav--5.midi,HVHA,0.5128197152199203,predicted,stacked_v4_40dim
MIDI-Unprocessed_SMF_12_01_2004_01-05_ORIG_MID--AUDIO_12_R1_2004_08_Track08_wav,/Users/mymac/PycharmProjects/EEG-to-classical-music/data/maestro-v3.0.0/2004/MIDI-Unprocessed_SMF_12_01_2004_01-05_ORIG_MID--AUDIO_12_R1_2004_08_Track08_wav.midi,LVLA,0.6320517492804809,predicted,stacked_v4_40dim
MIDI-Unprocessed_SMF_12_01_2004_01-05_ORIG_MID--AUDIO_12_R1_2004_09_Track09_wav,/Users/mymac/PycharmProjects/EEG-to-classical-music/data/maestro-v3.0.0/2004/MIDI-Unprocessed_SMF_12_01_2004_01-05_ORIG_MID--AUDIO_12_R1_2004_09_Track09_wav.midi,HVHA,0.5462218947449654,predicted,stacked_v4_40dim
ORIG-MIDI_01_7_8_13_Group__MID--AUDIO_02_R2_2013_wav--2,/Users/mymac/PycharmProjects/EEG-to-classical-music/data/maestro-v3.0.0/2013/ORIG-MIDI_01_7_8_13_Group__MID--AUDIO_02_R2_2013_wav--2.midi,LVLA,0.7370524915607087,predicted,stacked_v4_40dim
MIDI-UNPROCESSED_06-08_R1_2014_MID--AUDIO_08_R1_2014_wav--2,/Users/mymac/PycharmProjects/EEG-to-classical-music/data/maestro-v3.0.0/2014/MIDI-UNPROCESSED_06-08_R1_2014_MID--AUDIO_08_R1_2014_wav--2.midi,LVLA,0.47526943481022976,predicted,stacked_v4_40dim
MIDI-Unprocessed_R1_D1-1-8_mid--AUDIO-from_mp3_02_R1_2015_wav--4,/Users/mymac/PycharmProjects/EEG-to-classical-music/data/maestro-v3.0.0/2015/MIDI-Unprocessed_R1_D1-1-8_mid--AUDIO-from_mp3_02_R1_2015_wav--4.midi,LVLA,0.7031151961581862,predicted,stacked_v4_40dim
ORIG-MIDI_01_7_8_13_Group__MID--AUDIO_02_R2_2013_wav--3,/Users/mymac/PycharmProjects/EEG-to-classical-music/data/maestro-v3.0.0/2013/ORIG-MIDI_01_7_8_13_Group__MID--AUDIO_02_R2_2013_wav--3.midi,LVLA,0.7502872927428841,predicted,stacked_v4_40dim
MIDI-Unprocessed_04_R1_2006_01-04_ORIG_MID--AUDIO_04_R1_2006_02_Track02_wav,/Users/mymac/PycharmProjects/EEG-to-classical-music/data/maestro-v3.0.0/2006/MIDI-Unprocessed_04_R1_2006_01-04_ORIG_MID--AUDIO_04_R1_2006_02_Track02_wav.midi,HVLA,0.35398845264342743,predicted,stacked_v4_40dim
MIDI-Unprocessed_03_R1_2006_01-05_ORIG_MID--AUDIO_03_R1_2006_04_Track04_wav,/Users/mymac/PycharmProjects/EEG-to-classical-music/data/maestro-v3.0.0/2006/MIDI-Unprocessed_03_R1_2006_01-05_ORIG_MID--AUDIO_03_R1_2006_04_Track04_wav.midi,HVHA,0.7342256158698055,predicted,stacked_v4_40dim
MIDI-Unprocessed_05_R1_2006_01-05_ORIG_MID--AUDIO_05_R1_2006_02_Track02_wav,/Users/mymac/PycharmProjects/EEG-to-classical-music/data/maestro-v3.0.0/2006/MIDI-Unprocessed_05_R1_2006_01-05_ORIG_MID--AUDIO_05_R1_2006_02_Track02_wav.midi,HVHA,0.7077401994266328,predicted,stacked_v4_40dim
MIDI-Unprocessed_22_R1_2006_01-04_ORIG_MID--AUDIO_22_R1_2006_02_Track02_wav,/Users/mymac/PycharmProjects/EEG-to-classical-music/data/maestro-v3.0.0/2006/MIDI-Unprocessed_22_R1_2006_01-04_ORIG_MID--AUDIO_22_R1_2006_02_Track02_wav.midi,HVHA,0.4768167817687015,predicted,stacked_v4_40dim
MIDI-Unprocessed_Recital8_MID--AUDIO_08_R1_2018_wav--2,/Users/mymac/PycharmProjects/EEG-to-classical-music/data/maestro-v3.0.0/2018/MIDI-Unprocessed_Recital8_MID--AUDIO_08_R1_2018_wav--2.midi,HVHA,0.8091683543814214,predicted,stacked_v4_40dim
MIDI-Unprocessed_Recital9-11_MID--AUDIO_10_R1_2018_wav--5,/Users/mymac/PycharmProjects/EEG-to-classical-music/data/maestro-v3.0.0/2018/MIDI-Unprocessed_Recital9-11_MID--AUDIO_10_R1_2018_wav--5.midi,HVHA,0.7708923727658908,predicted,stacked_v4_40dim
MIDI-Unprocessed_Recital1-3_MID--AUDIO_01_R1_2018_wav--2,/Users/mymac/PycharmProjects/EEG-to-classical-music/data/maestro-v3.0.0/2018/MIDI-Unprocessed_Recital1-3_MID--AUDIO_01_R1_2018_wav--2.midi,LVLA,0.45796061338803185,predicted,stacked_v4_40dim
MIDI-UNPROCESSED_16-18_R1_2014_MID--AUDIO_16_R1_2014_wav--3,/Users/mymac/PycharmProjects/EEG-to-classical-music/data/maestro-v3.0.0/2014/MIDI-UNPROCESSED_16-18_R1_2014_MID--AUDIO_16_R1_2014_wav--3.midi,LVLA,0.37899949903396024,predicted,stacked_v4_40dim
MIDI-Unprocessed_09_R3_2008_01-07_ORIG_MID--AUDIO_09_R3_2008_wav--3,/Users/mymac/PycharmProjects/EEG-to-classical-music/data/maestro-v3.0.0/2008/MIDI-Unprocessed_09_R3_2008_01-07_ORIG_MID--AUDIO_09_R3_2008_wav--3.midi,HVLA,0.34056773198849566,predicted,stacked_v4_40dim
MIDI-Unprocessed_09_R3_2008_01-07_ORIG_MID--AUDIO_09_R3_2008_wav--2,/Users/mymac/PycharmProjects/EEG-to-classical-music/data/maestro-v3.0.0/2008/MIDI-Unprocessed_09_R3_2008_01-07_ORIG_MID--AUDIO_09_R3_2008_wav--2.midi,HVHA,0.6887997548022068,predicted,stacked_v4_40dim
MIDI-Unprocessed_09_R3_2008_01-07_ORIG_MID--AUDIO_09_R3_2008_wav--1,/Users/mymac/PycharmProjects/EEG-to-classical-music/data/maestro-v3.0.0/2008/MIDI-Unprocessed_09_R3_2008_01-07_ORIG_MID--AUDIO_09_R3_2008_wav--1.midi,LVLA,0.6462642299850467,predicted,stacked_v4_40dim
MIDI-UNPROCESSED_01-03_R1_2014_MID--AUDIO_01_R1_2014_wav--2,/Users/mymac/PycharmProjects/EEG-to-classical-music/data/maestro-v3.0.0/2014/MIDI-UNPROCESSED_01-03_R1_2014_MID--AUDIO_01_R1_2014_wav--2.midi,LVHA,0.5950606192251634,predicted,stacked_v4_40dim
MIDI-Unprocessed_14_R1_2009_01-05_ORIG_MID--AUDIO_14_R1_2009_14_R1_2009_04_WAV,/Users/mymac/PycharmProjects/EEG-to-classical-music/data/maestro-v3.0.0/2009/MIDI-Unprocessed_14_R1_2009_01-05_ORIG_MID--AUDIO_14_R1_2009_14_R1_2009_04_WAV.midi,LVLA,0.7630518131115537,predicted,stacked_v4_40dim
MIDI-Unprocessed_01_R1_2009_01-04_ORIG_MID--AUDIO_01_R1_2009_01_R1_2009_01_WAV,/Users/mymac/PycharmProjects/EEG-to-classical-music/data/maestro-v3.0.0/2009/MIDI-Unprocessed_01_R1_2009_01-04_ORIG_MID--AUDIO_01_R1_2009_01_R1_2009_01_WAV.midi,HVLA,0.419576418389632,predicted,stacked_v4_40dim
MIDI-Unprocessed_Recital5-7_MID--AUDIO_07_R1_2018_wav--3,/Users/mymac/PycharmProjects/EEG-to-classical-music/data/maestro-v3.0.0/2018/MIDI-Unprocessed_Recital5-7_MID--AUDIO_07_R1_2018_wav--3.midi,LVHA,0.5172566085784341,predicted,stacked_v4_40dim
MIDI-UNPROCESSED_11-13_R1_2014_MID--AUDIO_13_R1_2014_wav--1,/Users/mymac/PycharmProjects/EEG-to-classical-music/data/maestro-v3.0.0/2014/MIDI-UNPROCESSED_11-13_R1_2014_MID--AUDIO_13_R1_2014_wav--1.midi,LVLA,0.5074061658918382,predicted,stacked_v4_40dim
MIDI-Unprocessed_09_R1_2009_01-04_ORIG_MID--AUDIO_09_R1_2009_09_R1_2009_02_WAV,/Users/mymac/PycharmProjects/EEG-to-classical-music/data/maestro-v3.0.0/2009/MIDI-Unprocessed_09_R1_2009_01-04_ORIG_MID--AUDIO_09_R1_2009_09_R1_2009_02_WAV.midi,LVHA,0.48853079917324915,predicted,stacked_v4_40dim
MIDI-UNPROCESSED_19-21_R3_2014_MID--AUDIO_21_R3_2014_wav--1,/Users/mymac/PycharmProjects/EEG-to-classical-music/data/maestro-v3.0.0/2014/MIDI-UNPROCESSED_19-21_R3_2014_MID--AUDIO_21_R3_2014_wav--1.midi,HVHA,0.62412660521612,predicted,stacked_v4_40dim
MIDI-Unprocessed_14_R1_2009_01-05_ORIG_MID--AUDIO_14_R1_2009_14_R1_2009_03_WAV,/Users/mymac/PycharmProjects/EEG-to-classical-music/data/maestro-v3.0.0/2009/MIDI-Unprocessed_14_R1_2009_01-05_ORIG_MID--AUDIO_14_R1_2009_14_R1_2009_03_WAV.midi,HVHA,0.6506986367514594,predicted,stacked_v4_40dim
MIDI-UNPROCESSED_09-10_R1_2014_MID--AUDIO_10_R1_2014_wav--2,/Users/mymac/PycharmProjects/EEG-to-classical-music/data/maestro-v3.0.0/2014/MIDI-UNPROCESSED_09-10_R1_2014_MID--AUDIO_10_R1_2014_wav--2.midi,HVHA,0.8635552882697828,predicted,stacked_v4_40dim
MIDI-UNPROCESSED_09-10_R1_2014_MID--AUDIO_10_R1_2014_wav--1,/Users/mymac/PycharmProjects/EEG-to-classical-music/data/maestro-v3.0.0/2014/MIDI-UNPROCESSED_09-10_R1_2014_MID--AUDIO_10_R1_2014_wav--1.midi,HVLA,0.5735461316937904,predicted,stacked_v4_40dim
MIDI-UNPROCESSED_01-03_R1_2014_MID--AUDIO_01_R1_2014_wav--1,/Users/mymac/PycharmProjects/EEG-to-classical-music/data/maestro-v3.0.0/2014/MIDI-UNPROCESSED_01-03_R1_2014_MID--AUDIO_01_R1_2014_wav--1.midi,HVHA,0.7899186426843564,predicted,stacked_v4_40dim
MIDI-Unprocessed_01_R1_2009_01-04_ORIG_MID--AUDIO_01_R1_2009_01_R1_2009_02_WAV,/Users/mymac/PycharmProjects/EEG-to-classical-music/data/maestro-v3.0.0/2009/MIDI-Unprocessed_01_R1_2009_01-04_ORIG_MID--AUDIO_01_R1_2009_01_R1_2009_02_WAV.midi,HVHA,0.6405392160117714,predicted,stacked_v4_40dim
MIDI-UNPROCESSED_19-21_R3_2014_MID--AUDIO_21_R3_2014_wav--2,/Users/mymac/PycharmProjects/EEG-to-classical-music/data/maestro-v3.0.0/2014/MIDI-UNPROCESSED_19-21_R3_2014_MID--AUDIO_21_R3_2014_wav--2.midi,HVHA,0.8240476251724326,predicted,stacked_v4_40dim
MIDI-UNPROCESSED_11-13_R1_2014_MID--AUDIO_13_R1_2014_wav--2,/Users/mymac/PycharmProjects/EEG-to-classical-music/data/maestro-v3.0.0/2014/MIDI-UNPROCESSED_11-13_R1_2014_MID--AUDIO_13_R1_2014_wav--2.midi,HVHA,0.944785925001013,predicted,stacked_v4_40dim
MIDI-Unprocessed_02_R1_2009_01-02_ORIG_MID--AUDIO_02_R1_2009_02_R1_2009_01_WAV,/Users/mymac/PycharmProjects/EEG-to-classical-music/data/maestro-v3.0.0/2009/MIDI-Unprocessed_02_R1_2009_01-02_ORIG_MID--AUDIO_02_R1_2009_02_R1_2009_01_WAV.midi,HVHA,0.6197146041962074,predicted,stacked_v4_40dim
MIDI-Unprocessed_10_R2_2008_01-05_ORIG_MID--AUDIO_10_R2_2008_wav--2,/Users/mymac/PycharmProjects/EEG-to-classical-music/data/maestro-v3.0.0/2008/MIDI-Unprocessed_10_R2_2008_01-05_ORIG_MID--AUDIO_10_R2_2008_wav--2.midi,HVHA,0.7799784571703855,predicted,stacked_v4_40dim
MIDI-Unprocessed_Recital17-19_MID--AUDIO_18_R1_2018_wav--3,/Users/mymac/PycharmProjects/EEG-to-classical-music/data/maestro-v3.0.0/2018/MIDI-Unprocessed_Recital17-19_MID--AUDIO_18_R1_2018_wav--3.midi,HVHA,0.8066495918072496,predicted,stacked_v4_40dim
MIDI-UNPROCESSED_04-05_R1_2014_MID--AUDIO_04_R1_2014_wav--1,/Users/mymac/PycharmProjects/EEG-to-classical-music/data/maestro-v3.0.0/2014/MIDI-UNPROCESSED_04-05_R1_2014_MID--AUDIO_04_R1_2014_wav--1.midi,HVLA,0.5087237210332206,predicted,stacked_v4_40dim
MIDI-Unprocessed_Recital9-11_MID--AUDIO_09_R1_2018_wav--6,/Users/mymac/PycharmProjects/EEG-to-classical-music/data/maestro-v3.0.0/2018/MIDI-Unprocessed_Recital9-11_MID--AUDIO_09_R1_2018_wav--6.midi,HVLA,0.6154857357292085,predicted,stacked_v4_40dim
MIDI-UNPROCESSED_11-13_R1_2014_MID--AUDIO_11_R1_2014_wav--2,/Users/mymac/PycharmProjects/EEG-to-classical-music/data/maestro-v3.0.0/2014/MIDI-UNPROCESSED_11-13_R1_2014_MID--AUDIO_11_R1_2014_wav--2.midi,HVLA,0.5829583692454245,predicted,stacked_v4_40dim
MIDI-Unprocessed_Recital9-11_MID--AUDIO_09_R1_2018_wav--5,/Users/mymac/PycharmProjects/EEG-to-classical-music/data/maestro-v3.0.0/2018/MIDI-Unprocessed_Recital9-11_MID--AUDIO_09_R1_2018_wav--5.midi,LVLA,0.7307964739107695,predicted,stacked_v4_40dim
MIDI-UNPROCESSED_11-13_R1_2014_MID--AUDIO_11_R1_2014_wav--1,/Users/mymac/PycharmProjects/EEG-to-classical-music/data/maestro-v3.0.0/2014/MIDI-UNPROCESSED_11-13_R1_2014_MID--AUDIO_11_R1_2014_wav--1.midi,LVLA,0.5944897702223824,predicted,stacked_v4_40dim
MIDI-Unprocessed_10_R2_2008_01-05_ORIG_MID--AUDIO_10_R2_2008_wav--1,/Users/mymac/PycharmProjects/EEG-to-classical-music/data/maestro-v3.0.0/2008/MIDI-Unprocessed_10_R2_2008_01-05_ORIG_MID--AUDIO_10_R2_2008_wav--1.midi,LVLA,0.28933715156003675,predicted,stacked_v4_40dim
MIDI-Unprocessed_083_PIANO083_MID--AUDIO-split_07-09-17_Piano-e_2_-06_wav--1,/Users/mymac/PycharmProjects/EEG-to-classical-music/data/maestro-v3.0.0/2017/MIDI-Unprocessed_083_PIANO083_MID--AUDIO-split_07-09-17_Piano-e_2_-06_wav--1.midi,LVLA,0.7318702817922468,predicted,stacked_v4_40dim
MIDI-Unprocessed_14_R1_2009_01-05_ORIG_MID--AUDIO_14_R1_2009_14_R1_2009_05_WAV,/Users/mymac/PycharmProjects/EEG-to-classical-music/data/maestro-v3.0.0/2009/MIDI-Unprocessed_14_R1_2009_01-05_ORIG_MID--AUDIO_14_R1_2009_14_R1_2009_05_WAV.midi,HVHA,0.8048150496089314,predicted,stacked_v4_40dim
MIDI-Unprocessed_083_PIANO083_MID--AUDIO-split_07-09-17_Piano-e_2_-06_wav--2,/Users/mymac/PycharmProjects/EEG-to-classical-music/data/maestro-v3.0.0/2017/MIDI-Unprocessed_083_PIANO083_MID--AUDIO-split_07-09-17_Piano-e_2_-06_wav--2.midi,HVHA,0.6457357512155084,predicted,stacked_v4_40dim
MIDI-Unprocessed_XP_04_R1_2004_03-05_ORIG_MID--AUDIO_04_R1_2004_06_Track06_wav,/Users/mymac/PycharmProjects/EEG-to-classical-music/data/maestro-v3.0.0/2004/MIDI-Unprocessed_XP_04_R1_2004_03-05_ORIG_MID--AUDIO_04_R1_2004_06_Track06_wav.midi,HVHA,0.5836611648388187,predicted,stacked_v4_40dim
MIDI-Unprocessed_01_R1_2006_01-09_ORIG_MID--AUDIO_01_R1_2006_02_Track02_wav,/Users/mymac/PycharmProjects/EEG-to-classical-music/data/maestro-v3.0.0/2006/MIDI-Unprocessed_01_R1_2006_01-09_ORIG_MID--AUDIO_01_R1_2006_02_Track02_wav.midi,HVHA,0.8600039525459336,predicted,stacked_v4_40dim
MIDI-UNPROCESSED_21-22_R1_2014_MID--AUDIO_21_R1_2014_wav--1,/Users/mymac/PycharmProjects/EEG-to-classical-music/data/maestro-v3.0.0/2014/MIDI-UNPROCESSED_21-22_R1_2014_MID--AUDIO_21_R1_2014_wav--1.midi,LVLA,0.6152199847879057,predicted,stacked_v4_40dim
MIDI-UNPROCESSED_21-22_R1_2014_MID--AUDIO_21_R1_2014_wav--3,/Users/mymac/PycharmProjects/EEG-to-classical-music/data/maestro-v3.0.0/2014/MIDI-UNPROCESSED_21-22_R1_2014_MID--AUDIO_21_R1_2014_wav--3.midi,HVHA,0.761272891175747,predicted,stacked_v4_40dim
MIDI-UNPROCESSED_21-22_R1_2014_MID--AUDIO_21_R1_2014_wav--2,/Users/mymac/PycharmProjects/EEG-to-classical-music/data/maestro-v3.0.0/2014/MIDI-UNPROCESSED_21-22_R1_2014_MID--AUDIO_21_R1_2014_wav--2.midi,LVHA,0.4905295632365946,predicted,stacked_v4_40dim
MIDI-Unprocessed_02_R1_2008_01-05_ORIG_MID--AUDIO_02_R1_2008_wav--3,/Users/mymac/PycharmProjects/EEG-to-classical-music/data/maestro-v3.0.0/2008/MIDI-Unprocessed_02_R1_2008_01-05_ORIG_MID--AUDIO_02_R1_2008_wav--3.midi,HVLA,0.7885900569386393,predicted,stacked_v4_40dim
MIDI-Unprocessed_059_PIANO059_MID--AUDIO-split_07-07-17_Piano-e_2-03_wav--4,/Users/mymac/PycharmProjects/EEG-to-classical-music/data/maestro-v3.0.0/2017/MIDI-Unprocessed_059_PIANO059_MID--AUDIO-split_07-07-17_Piano-e_2-03_wav--4.midi,HVLA,0.5094677491637075,predicted,stacked_v4_40dim
ORIG-MIDI_02_7_6_13_Group__MID--AUDIO_06_R1_2013_wav--4,/Users/mymac/PycharmProjects/EEG-to-classical-music/data/maestro-v3.0.0/2013/ORIG-MIDI_02_7_6_13_Group__MID--AUDIO_06_R1_2013_wav--4.midi,HVLA,0.5673423290101814,predicted,stacked_v4_40dim
MIDI-Unprocessed_16_R1_2011_MID--AUDIO_R1-D6_15_Track15_wav,/Users/mymac/PycharmProjects/EEG-to-classical-music/data/maestro-v3.0.0/2011/MIDI-Unprocessed_16_R1_2011_MID--AUDIO_R1-D6_15_Track15_wav.midi,HVLA,0.5090596781900265,predicted,stacked_v4_40dim
MIDI-Unprocessed_070_PIANO070_MID--AUDIO-split_07-08-17_Piano-e_1-02_wav--3,/Users/mymac/PycharmProjects/EEG-to-classical-music/data/maestro-v3.0.0/2017/MIDI-Unprocessed_070_PIANO070_MID--AUDIO-split_07-08-17_Piano-e_1-02_wav--3.midi,HVHA,0.652624124006433,predicted,stacked_v4_40dim
MIDI-Unprocessed_072_PIANO072_MID--AUDIO-split_07-08-17_Piano-e_1-06_wav--1,/Users/mymac/PycharmProjects/EEG-to-classical-music/data/maestro-v3.0.0/2017/MIDI-Unprocessed_072_PIANO072_MID--AUDIO-split_07-08-17_Piano-e_1-06_wav--1.midi,HVHA,0.6476036410223482,predicted,stacked_v4_40dim
MIDI-Unprocessed_074_PIANO074_MID--AUDIO-split_07-08-17_Piano-e_2-04_wav--1,/Users/mymac/PycharmProjects/EEG-to-classical-music/data/maestro-v3.0.0/2017/MIDI-Unprocessed_074_PIANO074_MID--AUDIO-split_07-08-17_Piano-e_2-04_wav--1.midi,HVHA,0.607882168394274,predicted,stacked_v4_40dim
MIDI-Unprocessed_081_PIANO081_MID--AUDIO-split_07-09-17_Piano-e_2_-02_wav--1,/Users/mymac/PycharmProjects/EEG-to-classical-music/data/maestro-v3.0.0/2017/MIDI-Unprocessed_081_PIANO081_MID--AUDIO-split_07-09-17_Piano-e_2_-02_wav--1.midi,HVHA,0.5204216712279441,predicted,stacked_v4_40dim
MIDI-Unprocessed_083_PIANO083_MID--AUDIO-split_07-09-17_Piano-e_2_-06_wav--4,/Users/mymac/PycharmProjects/EEG-to-classical-music/data/maestro-v3.0.0/2017/MIDI-Unprocessed_083_PIANO083_MID--AUDIO-split_07-09-17_Piano-e_2_-06_wav--4.midi,HVHA,0.4928351327840919,predicted,stacked_v4_40dim
MIDI-Unprocessed_08_R3_2008_01-05_ORIG_MID--AUDIO_08_R3_2008_wav--3,/Users/mymac/PycharmProjects/EEG-to-classical-music/data/maestro-v3.0.0/2008/MIDI-Unprocessed_08_R3_2008_01-05_ORIG_MID--AUDIO_08_R3_2008_wav--3.midi,HVHA,0.5708729483370653,predicted,stacked_v4_40dim
MIDI-Unprocessed_10_R3_2008_01-05_ORIG_MID--AUDIO_10_R3_2008_wav--1,/Users/mymac/PycharmProjects/EEG-to-classical-music/data/maestro-v3.0.0/2008/MIDI-Unprocessed_10_R3_2008_01-05_ORIG_MID--AUDIO_10_R3_2008_wav--1.midi,HVHA,0.5877817331929203,predicted,stacked_v4_40dim
MIDI-Unprocessed_11_R3_2008_01-04_ORIG_MID--AUDIO_11_R3_2008_wav--2,/Users/mymac/PycharmProjects/EEG-to-classical-music/data/maestro-v3.0.0/2008/MIDI-Unprocessed_11_R3_2008_01-04_ORIG_MID--AUDIO_11_R3_2008_wav--2.midi,HVHA,0.5141948591549261,predicted,stacked_v4_40dim
MIDI-Unprocessed_R2_D1-2-3-6-7-8-11_mid--AUDIO-from_mp3_03_R2_2015_wav--2,/Users/mymac/PycharmProjects/EEG-to-classical-music/data/maestro-v3.0.0/2015/MIDI-Unprocessed_R2_D1-2-3-6-7-8-11_mid--AUDIO-from_mp3_03_R2_2015_wav--2.midi,HVHA,0.5781498329038711,predicted,stacked_v4_40dim
MIDI-Unprocessed_R2_D1-2-3-6-7-8-11_mid--AUDIO-from_mp3_07_R2_2015_wav--2,/Users/mymac/PycharmProjects/EEG-to-classical-music/data/maestro-v3.0.0/2015/MIDI-Unprocessed_R2_D1-2-3-6-7-8-11_mid--AUDIO-from_mp3_07_R2_2015_wav--2.midi,HVHA,0.6308507463103601,predicted,stacked_v4_40dim
ORIG-MIDI_01_7_10_13_Group_MID--AUDIO_02_R3_2013_wav--1,/Users/mymac/PycharmProjects/EEG-to-classical-music/data/maestro-v3.0.0/2013/ORIG-MIDI_01_7_10_13_Group_MID--AUDIO_02_R3_2013_wav--1.midi,HVHA,0.5846068129849606,predicted,stacked_v4_40dim
ORIG-MIDI_02_7_10_13_Group_MID--AUDIO_11_R3_2013_wav--1,/Users/mymac/PycharmProjects/EEG-to-classical-music/data/maestro-v3.0.0/2013/ORIG-MIDI_02_7_10_13_Group_MID--AUDIO_11_R3_2013_wav--1.midi,HVHA,0.5811255956973552,predicted,stacked_v4_40dim
ORIG-MIDI_03_7_10_13_Group_MID--AUDIO_15_R3_2013_wav--1,/Users/mymac/PycharmProjects/EEG-to-classical-music/data/maestro-v3.0.0/2013/ORIG-MIDI_03_7_10_13_Group_MID--AUDIO_15_R3_2013_wav--1.midi,HVHA,0.6049154808899,predicted,stacked_v4_40dim
ORIG-MIDI_03_7_10_13_Group_MID--AUDIO_17_R3_2013_wav--2,/Users/mymac/PycharmProjects/EEG-to-classical-music/data/maestro-v3.0.0/2013/ORIG-MIDI_03_7_10_13_Group_MID--AUDIO_17_R3_2013_wav--2.midi,HVHA,0.617890923199301,predicted,stacked_v4_40dim
ORIG-MIDI_03_7_10_13_Group_MID--AUDIO_18_R3_2013_wav--3,/Users/mymac/PycharmProjects/EEG-to-classical-music/data/maestro-v3.0.0/2013/ORIG-MIDI_03_7_10_13_Group_MID--AUDIO_18_R3_2013_wav--3.midi,HVHA,0.551789897736159,predicted,stacked_v4_40dim
MIDI-Unprocessed_03_R3_2011_MID--AUDIO_R3-D1_04_Track04_wav,/Users/mymac/PycharmProjects/EEG-to-classical-music/data/maestro-v3.0.0/2011/MIDI-Unprocessed_03_R3_2011_MID--AUDIO_R3-D1_04_Track04_wav.midi,HVHA,0.5018092732828194,predicted,stacked_v4_40dim
MIDI-Unprocessed_04_R3_2011_MID--AUDIO_R3-D2_04_Track04_wav,/Users/mymac/PycharmProjects/EEG-to-classical-music/data/maestro-v3.0.0/2011/MIDI-Unprocessed_04_R3_2011_MID--AUDIO_R3-D2_04_Track04_wav.midi,HVHA,0.5325735537776798,predicted,stacked_v4_40dim
MIDI-Unprocessed_06_R3_2011_MID--AUDIO_R3-D3_02_Track02_wav,/Users/mymac/PycharmProjects/EEG-to-classical-music/data/maestro-v3.0.0/2011/MIDI-Unprocessed_06_R3_2011_MID--AUDIO_R3-D3_02_Track02_wav.midi,HVHA,0.5823234894585749,predicted,stacked_v4_40dim
MIDI-Unprocessed_23_R3_2011_MID--AUDIO_R3-D8_05_Track05_wav,/Users/mymac/PycharmProjects/EEG-to-classical-music/data/maestro-v3.0.0/2011/MIDI-Unprocessed_23_R3_2011_MID--AUDIO_R3-D8_05_Track05_wav.midi,HVHA,0.5313764576102946,predicted,stacked_v4_40dim
MIDI-Unprocessed_16_R3_2011_MID--AUDIO_R3-D5_02_Track02_wav,/Users/mymac/PycharmProjects/EEG-to-classical-music/data/maestro-v3.0.0/2011/MIDI-Unprocessed_16_R3_2011_MID--AUDIO_R3-D5_02_Track02_wav.midi,HVHA,0.599754826334813,predicted,stacked_v4_40dim
MIDI-Unprocessed_07_R3_2008_01-05_ORIG_MID--AUDIO_07_R3_2008_wav--2,/Users/mymac/PycharmProjects/EEG-to-classical-music/data/maestro-v3.0.0/2008/MIDI-Unprocessed_07_R3_2008_01-05_ORIG_MID--AUDIO_07_R3_2008_wav--2.midi,HVHA,0.6925186134869857,predicted,stacked_v4_40dim
MIDI-Unprocessed_R2_D1-2-3-6-7-8-11_mid--AUDIO-from_mp3_06_R2_2015_wav--2,/Users/mymac/PycharmProjects/EEG-to-classical-music/data/maestro-v3.0.0/2015/MIDI-Unprocessed_R2_D1-2-3-6-7-8-11_mid--AUDIO-from_mp3_06_R2_2015_wav--2.midi,HVHA,0.6194653013886644,predicted,stacked_v4_40dim
MIDI-Unprocessed_R2_D2-12-13-15_mid--AUDIO-from_mp3_13_R2_2015_wav--1,/Users/mymac/PycharmProjects/EEG-to-classical-music/data/maestro-v3.0.0/2015/MIDI-Unprocessed_R2_D2-12-13-15_mid--AUDIO-from_mp3_13_R2_2015_wav--1.midi,HVHA,0.6455083674691859,predicted,stacked_v4_40dim
MIDI-Unprocessed_R2_D2-12-13-15_mid--AUDIO-from_mp3_15_R2_2015_wav--2,/Users/mymac/PycharmProjects/EEG-to-classical-music/data/maestro-v3.0.0/2015/MIDI-Unprocessed_R2_D2-12-13-15_mid--AUDIO-from_mp3_15_R2_2015_wav--2.midi,HVHA,0.5553172835002945,predicted,stacked_v4_40dim
MIDI-Unprocessed_12_R1_2006_01-08_ORIG_MID--AUDIO_12_R1_2006_06_Track06_wav,/Users/mymac/PycharmProjects/EEG-to-classical-music/data/maestro-v3.0.0/2006/MIDI-Unprocessed_12_R1_2006_01-08_ORIG_MID--AUDIO_12_R1_2006_06_Track06_wav.midi,HVLA,0.49032279921242206,predicted,stacked_v4_40dim
MIDI-Unprocessed_03_R3_2011_MID--AUDIO_R3-D1_05_Track05_wav,/Users/mymac/PycharmProjects/EEG-to-classical-music/data/maestro-v3.0.0/2011/MIDI-Unprocessed_03_R3_2011_MID--AUDIO_R3-D1_05_Track05_wav.midi,HVLA,0.6357563845945343,predicted,stacked_v4_40dim
MIDI-Unprocessed_08_R2_2008_01-04_ORIG_MID--AUDIO_08_R2_2008_wav--4,/Users/mymac/PycharmProjects/EEG-to-classical-music/data/maestro-v3.0.0/2008/MIDI-Unprocessed_08_R2_2008_01-04_ORIG_MID--AUDIO_08_R2_2008_wav--4.midi,HVLA,0.7049551898382328,predicted,stacked_v4_40dim
MIDI-Unprocessed_09_R1_2008_01-05_ORIG_MID--AUDIO_09_R1_2008_wav--3,/Users/mymac/PycharmProjects/EEG-to-classical-music/data/maestro-v3.0.0/2008/MIDI-Unprocessed_09_R1_2008_01-05_ORIG_MID--AUDIO_09_R1_2008_wav--3.midi,HVLA,0.7576731767802793,predicted,stacked_v4_40dim
MIDI-Unprocessed_10_R1_2008_01-04_ORIG_MID--AUDIO_10_R1_2008_wav--4,/Users/mymac/PycharmProjects/EEG-to-classical-music/data/maestro-v3.0.0/2008/MIDI-Unprocessed_10_R1_2008_01-04_ORIG_MID--AUDIO_10_R1_2008_wav--4.midi,HVLA,0.7358504763551893,predicted,stacked_v4_40dim
MIDI-Unprocessed_18_R1_2008_01-04_ORIG_MID--AUDIO_18_R1_2008_wav--4,/Users/mymac/PycharmProjects/EEG-to-classical-music/data/maestro-v3.0.0/2008/MIDI-Unprocessed_18_R1_2008_01-04_ORIG_MID--AUDIO_18_R1_2008_wav--4.midi,HVLA,0.727170630292408,predicted,stacked_v4_40dim
MIDI-Unprocessed_17_R2_2011_MID--AUDIO_R2-D5_03_Track03_wav,/Users/mymac/PycharmProjects/EEG-to-classical-music/data/maestro-v3.0.0/2011/MIDI-Unprocessed_17_R2_2011_MID--AUDIO_R2-D5_03_Track03_wav.midi,HVHA,0.6218054653383018,predicted,stacked_v4_40dim
MIDI-UNPROCESSED_09-10_R1_2014_MID--AUDIO_09_R1_2014_wav--2,/Users/mymac/PycharmProjects/EEG-to-classical-music/data/maestro-v3.0.0/2014/MIDI-UNPROCESSED_09-10_R1_2014_MID--AUDIO_09_R1_2014_wav--2.midi,HVHA,0.6770931401665843,predicted,stacked_v4_40dim
MIDI-UNPROCESSED_04-08-12_R3_2014_MID--AUDIO_04_R3_2014_wav--1,/Users/mymac/PycharmProjects/EEG-to-classical-music/data/maestro-v3.0.0/2014/MIDI-UNPROCESSED_04-08-12_R3_2014_MID--AUDIO_04_R3_2014_wav--1.midi,HVHA,0.6774382167642335,predicted,stacked_v4_40dim
ORIG-MIDI_02_7_6_13_Group__MID--AUDIO_08_R1_2013_wav--4,/Users/mymac/PycharmProjects/EEG-to-classical-music/data/maestro-v3.0.0/2013/ORIG-MIDI_02_7_6_13_Group__MID--AUDIO_08_R1_2013_wav--4.midi,HVHA,0.6473871280040217,predicted,stacked_v4_40dim
ORIG-MIDI_01_7_8_13_Group__MID--AUDIO_04_R2_2013_wav--3,/Users/mymac/PycharmProjects/EEG-to-classical-music/data/maestro-v3.0.0/2013/ORIG-MIDI_01_7_8_13_Group__MID--AUDIO_04_R2_2013_wav--3.midi,HVHA,0.8550907951551923,predicted,stacked_v4_40dim
ORIG-MIDI_03_7_8_13_Group__MID--AUDIO_15_R2_2013_wav--2,/Users/mymac/PycharmProjects/EEG-to-classical-music/data/maestro-v3.0.0/2013/ORIG-MIDI_03_7_8_13_Group__MID--AUDIO_15_R2_2013_wav--2.midi,HVHA,0.8520104648613871,predicted,stacked_v4_40dim
MIDI-UNPROCESSED_21-22_R1_2014_MID--AUDIO_22_R1_2014_wav--2,/Users/mymac/PycharmProjects/EEG-to-classical-music/data/maestro-v3.0.0/2014/MIDI-UNPROCESSED_21-22_R1_2014_MID--AUDIO_22_R1_2014_wav--2.midi,HVHA,0.8163820426643851,predicted,stacked_v4_40dim
MIDI-Unprocessed_16_R2_2011_MID--AUDIO_R2-D4_08_Track08_wav,/Users/mymac/PycharmProjects/EEG-to-classical-music/data/maestro-v3.0.0/2011/MIDI-Unprocessed_16_R2_2011_MID--AUDIO_R2-D4_08_Track08_wav.midi,HVHA,0.8109242764741642,predicted,stacked_v4_40dim
MIDI-Unprocessed_14_R1_2008_01-05_ORIG_MID--AUDIO_14_R1_2008_wav--3,/Users/mymac/PycharmProjects/EEG-to-classical-music/data/maestro-v3.0.0/2008/MIDI-Unprocessed_14_R1_2008_01-05_ORIG_MID--AUDIO_14_R1_2008_wav--3.midi,HVLA,0.5246626450131227,predicted,stacked_v4_40dim
ORIG-MIDI_01_7_7_13_Group__MID--AUDIO_12_R1_2013_wav--4,/Users/mymac/PycharmProjects/EEG-to-classical-music/data/maestro-v3.0.0/2013/ORIG-MIDI_01_7_7_13_Group__MID--AUDIO_12_R1_2013_wav--4.midi,HVLA,0.5390288710201634,predicted,stacked_v4_40dim
MIDI-Unprocessed_11_R2_2008_01-05_ORIG_MID--AUDIO_11_R2_2008_wav--5,/Users/mymac/PycharmProjects/EEG-to-classical-music/data/maestro-v3.0.0/2008/MIDI-Unprocessed_11_R2_2008_01-05_ORIG_MID--AUDIO_11_R2_2008_wav--5.midi,LVLA,0.33242545615750824,predicted,stacked_v4_40dim
MIDI-Unprocessed_06_R1_2008_01-04_ORIG_MID--AUDIO_06_R1_2008_wav--3,/Users/mymac/PycharmProjects/EEG-to-classical-music/data/maestro-v3.0.0/2008/MIDI-Unprocessed_06_R1_2008_01-04_ORIG_MID--AUDIO_06_R1_2008_wav--3.midi,HVHA,0.48274801222233044,predicted,stacked_v4_40dim
MIDI-Unprocessed_17_R1_2008_01-04_ORIG_MID--AUDIO_17_R1_2008_wav--3,/Users/mymac/PycharmProjects/EEG-to-classical-music/data/maestro-v3.0.0/2008/MIDI-Unprocessed_17_R1_2008_01-04_ORIG_MID--AUDIO_17_R1_2008_wav--3.midi,HVHA,0.48453204877816164,predicted,stacked_v4_40dim
ORIG-MIDI_02_7_6_13_Group__MID--AUDIO_08_R1_2013_wav--5,/Users/mymac/PycharmProjects/EEG-to-classical-music/data/maestro-v3.0.0/2013/ORIG-MIDI_02_7_6_13_Group__MID--AUDIO_08_R1_2013_wav--5.midi,HVLA,0.5412506129435538,predicted,stacked_v4_40dim
MIDI-Unprocessed_R1_D2-13-20_mid--AUDIO-from_mp3_16_R1_2015_wav--3,/Users/mymac/PycharmProjects/EEG-to-classical-music/data/maestro-v3.0.0/2015/MIDI-Unprocessed_R1_D2-13-20_mid--AUDIO-from_mp3_16_R1_2015_wav--3.midi,HVLA,0.5378625541530621,predicted,stacked_v4_40dim
MIDI-Unprocessed_02_R1_2011_MID--AUDIO_R1-D1_10_Track10_wav,/Users/mymac/PycharmProjects/EEG-to-classical-music/data/maestro-v3.0.0/2011/MIDI-Unprocessed_02_R1_2011_MID--AUDIO_R1-D1_10_Track10_wav.midi,HVLA,0.5670614723052483,predicted,stacked_v4_40dim
MIDI-Unprocessed_03_R1_2011_MID--AUDIO_R1-D1_18_Track18_wav,/Users/mymac/PycharmProjects/EEG-to-classical-music/data/maestro-v3.0.0/2011/MIDI-Unprocessed_03_R1_2011_MID--AUDIO_R1-D1_18_Track18_wav.midi,HVLA,0.596160095982243,predicted,stacked_v4_40dim
MIDI-Unprocessed_05_R1_2011_MID--AUDIO_R1-D2_11_Track11_wav,/Users/mymac/PycharmProjects/EEG-to-classical-music/data/maestro-v3.0.0/2011/MIDI-Unprocessed_05_R1_2011_MID--AUDIO_R1-D2_11_Track11_wav.midi,HVLA,0.5987270083629246,predicted,stacked_v4_40dim
MIDI-Unprocessed_R1_D1-1-8_mid--AUDIO-from_mp3_06_R1_2015_wav--5,/Users/mymac/PycharmProjects/EEG-to-classical-music/data/maestro-v3.0.0/2015/MIDI-Unprocessed_R1_D1-1-8_mid--AUDIO-from_mp3_06_R1_2015_wav--5.midi,HVLA,0.5774091497275826,predicted,stacked_v4_40dim
MIDI-Unprocessed_04_R3_2011_MID--AUDIO_R3-D2_03_Track03_wav,/Users/mymac/PycharmProjects/EEG-to-classical-music/data/maestro-v3.0.0/2011/MIDI-Unprocessed_04_R3_2011_MID--AUDIO_R3-D2_03_Track03_wav.midi,HVHA,0.6339032403633699,predicted,stacked_v4_40dim
MIDI-Unprocessed_08_R1_2011_MID--AUDIO_R1-D3_10_Track10_wav,/Users/mymac/PycharmProjects/EEG-to-classical-music/data/maestro-v3.0.0/2011/MIDI-Unprocessed_08_R1_2011_MID--AUDIO_R1-D3_10_Track10_wav.midi,HVHA,0.7090578787415804,predicted,stacked_v4_40dim
MIDI-Unprocessed_SMF_22_R1_2004_01-04_ORIG_MID--AUDIO_22_R1_2004_17_Track17_wav,/Users/mymac/PycharmProjects/EEG-to-classical-music/data/maestro-v3.0.0/2004/MIDI-Unprocessed_SMF_22_R1_2004_01-04_ORIG_MID--AUDIO_22_R1_2004_17_Track17_wav.midi,HVHA,0.6779611142986158,predicted,stacked_v4_40dim
MIDI-Unprocessed_09_R1_2006_01-04_ORIG_MID--AUDIO_09_R1_2006_02_Track02_wav,/Users/mymac/PycharmProjects/EEG-to-classical-music/data/maestro-v3.0.0/2006/MIDI-Unprocessed_09_R1_2006_01-04_ORIG_MID--AUDIO_09_R1_2006_02_Track02_wav.midi,HVHA,0.6684530072361516,predicted,stacked_v4_40dim
MIDI-Unprocessed_10_R1_2006_01-04_ORIG_MID--AUDIO_10_R1_2006_05_Track05_wav,/Users/mymac/PycharmProjects/EEG-to-classical-music/data/maestro-v3.0.0/2006/MIDI-Unprocessed_10_R1_2006_01-04_ORIG_MID--AUDIO_10_R1_2006_05_Track05_wav.midi,HVHA,0.6633819886514921,predicted,stacked_v4_40dim
MIDI-Unprocessed_05_R1_2009_01-02_ORIG_MID--AUDIO_05_R1_2009_05_R1_2009_02_WAV,/Users/mymac/PycharmProjects/EEG-to-classical-music/data/maestro-v3.0.0/2009/MIDI-Unprocessed_05_R1_2009_01-02_ORIG_MID--AUDIO_05_R1_2009_05_R1_2009_02_WAV.midi,HVHA,0.6576406295103074,predicted,stacked_v4_40dim
MIDI-Unprocessed_11_R1_2009_06-09_ORIG_MID--AUDIO_11_R1_2009_11_R1_2009_09_WAV,/Users/mymac/PycharmProjects/EEG-to-classical-music/data/maestro-v3.0.0/2009/MIDI-Unprocessed_11_R1_2009_06-09_ORIG_MID--AUDIO_11_R1_2009_11_R1_2009_09_WAV.midi,HVHA,0.65209215183996,predicted,stacked_v4_40dim
MIDI-Unprocessed_09_R1_2006_01-04_ORIG_MID--AUDIO_09_R1_2006_01_Track01_wav,/Users/mymac/PycharmProjects/EEG-to-classical-music/data/maestro-v3.0.0/2006/MIDI-Unprocessed_09_R1_2006_01-04_ORIG_MID--AUDIO_09_R1_2006_01_Track01_wav.midi,HVLA,0.4856422466039485,predicted,stacked_v4_40dim
MIDI-Unprocessed_15_R2_2008_01-04_ORIG_MID--AUDIO_15_R2_2008_wav--4,/Users/mymac/PycharmProjects/EEG-to-classical-music/data/maestro-v3.0.0/2008/MIDI-Unprocessed_15_R2_2008_01-04_ORIG_MID--AUDIO_15_R2_2008_wav--4.midi,HVLA,0.5314030461388077,predicted,stacked_v4_40dim
MIDI-Unprocessed_Recital1-3_MID--AUDIO_01_R1_2018_wav--3,/Users/mymac/PycharmProjects/EEG-to-classical-music/data/maestro-v3.0.0/2018/MIDI-Unprocessed_Recital1-3_MID--AUDIO_01_R1_2018_wav--3.midi,HVHA,0.47638304429691186,predicted,stacked_v4_40dim
MIDI-Unprocessed_R1_D1-1-8_mid--AUDIO-from_mp3_01_R1_2015_wav--5,/Users/mymac/PycharmProjects/EEG-to-classical-music/data/maestro-v3.0.0/2015/MIDI-Unprocessed_R1_D1-1-8_mid--AUDIO-from_mp3_01_R1_2015_wav--5.midi,HVLA,0.7437545478229427,predicted,stacked_v4_40dim
MIDI-Unprocessed_R1_D1-1-8_mid--AUDIO-from_mp3_02_R1_2015_wav--6,/Users/mymac/PycharmProjects/EEG-to-classical-music/data/maestro-v3.0.0/2015/MIDI-Unprocessed_R1_D1-1-8_mid--AUDIO-from_mp3_02_R1_2015_wav--6.midi,HVLA,0.7382270456566051,predicted,stacked_v4_40dim
MIDI-Unprocessed_R1_D1-9-12_mid--AUDIO-from_mp3_12_R1_2015_wav--5,/Users/mymac/PycharmProjects/EEG-to-classical-music/data/maestro-v3.0.0/2015/MIDI-Unprocessed_R1_D1-9-12_mid--AUDIO-from_mp3_12_R1_2015_wav--5.midi,HVLA,0.748305571177552,predicted,stacked_v4_40dim
MIDI-Unprocessed_046_PIANO046_MID--AUDIO-split_07-06-17_Piano-e_2-02_wav--3,/Users/mymac/PycharmProjects/EEG-to-classical-music/data/maestro-v3.0.0/2017/MIDI-Unprocessed_046_PIANO046_MID--AUDIO-split_07-06-17_Piano-e_2-02_wav--3.midi,HVLA,0.6909112882896724,predicted,stacked_v4_40dim
MIDI-Unprocessed_054_PIANO054_MID--AUDIO-split_07-07-17_Piano-e_1-02_wav--3,/Users/mymac/PycharmProjects/EEG-to-classical-music/data/maestro-v3.0.0/2017/MIDI-Unprocessed_054_PIANO054_MID--AUDIO-split_07-07-17_Piano-e_1-02_wav--3.midi,HVLA,0.7534103962366159,predicted,stacked_v4_40dim
MIDI-Unprocessed_066_PIANO066_MID--AUDIO-split_07-07-17_Piano-e_3-02_wav--4,/Users/mymac/PycharmProjects/EEG-to-classical-music/data/maestro-v3.0.0/2017/MIDI-Unprocessed_066_PIANO066_MID--AUDIO-split_07-07-17_Piano-e_3-02_wav--4.midi,HVLA,0.7547042967735315,predicted,stacked_v4_40dim
MIDI-Unprocessed_12_R1_2009_03-05_ORIG_MID--AUDIO_12_R1_2009_12_R1_2009_05_WAV,/Users/mymac/PycharmProjects/EEG-to-classical-music/data/maestro-v3.0.0/2009/MIDI-Unprocessed_12_R1_2009_03-05_ORIG_MID--AUDIO_12_R1_2009_12_R1_2009_05_WAV.midi,HVHA,0.6419885017307643,predicted,stacked_v4_40dim
MIDI-Unprocessed_R1_D2-21-22_mid--AUDIO-from_mp3_22_R1_2015_wav--5,/Users/mymac/PycharmProjects/EEG-to-classical-music/data/maestro-v3.0.0/2015/MIDI-Unprocessed_R1_D2-21-22_mid--AUDIO-from_mp3_22_R1_2015_wav--5.midi,HVHA,0.6549928921438523,predicted,stacked_v4_40dim
MIDI-Unprocessed_23_R2_2011_MID--AUDIO_R2-D6_04_Track04_wav,/Users/mymac/PycharmProjects/EEG-to-classical-music/data/maestro-v3.0.0/2011/MIDI-Unprocessed_23_R2_2011_MID--AUDIO_R2-D6_04_Track04_wav.midi,HVHA,0.6611193993194349,predicted,stacked_v4_40dim
MIDI-Unprocessed_03_R1_2011_MID--AUDIO_R1-D1_19_Track19_wav,/Users/mymac/PycharmProjects/EEG-to-classical-music/data/maestro-v3.0.0/2011/MIDI-Unprocessed_03_R1_2011_MID--AUDIO_R1-D1_19_Track19_wav.midi,HVHA,0.6152790472164623,predicted,stacked_v4_40dim
ORIG-MIDI_02_7_8_13_Group__MID--AUDIO_14_R2_2013_wav--4,/Users/mymac/PycharmProjects/EEG-to-classical-music/data/maestro-v3.0.0/2013/ORIG-MIDI_02_7_8_13_Group__MID--AUDIO_14_R2_2013_wav--4.midi,HVHA,0.7339292698219425,predicted,stacked_v4_40dim
MIDI-Unprocessed_10_R1_2011_MID--AUDIO_R1-D4_05_Track05_wav,/Users/mymac/PycharmProjects/EEG-to-classical-music/data/maestro-v3.0.0/2011/MIDI-Unprocessed_10_R1_2011_MID--AUDIO_R1-D4_05_Track05_wav.midi,HVHA,0.820517697766002,predicted,stacked_v4_40dim
ORIG-MIDI_01_7_8_13_Group__MID--AUDIO_02_R2_2013_wav--5,/Users/mymac/PycharmProjects/EEG-to-classical-music/data/maestro-v3.0.0/2013/ORIG-MIDI_01_7_8_13_Group__MID--AUDIO_02_R2_2013_wav--5.midi,HVHA,0.5283118187944728,predicted,stacked_v4_40dim
MIDI-Unprocessed_R1_D1-1-8_mid--AUDIO-from_mp3_03_R1_2015_wav--4,/Users/mymac/PycharmProjects/EEG-to-classical-music/data/maestro-v3.0.0/2015/MIDI-Unprocessed_R1_D1-1-8_mid--AUDIO-from_mp3_03_R1_2015_wav--4.midi,HVHA,0.793597665382061,predicted,stacked_v4_40dim
MIDI-Unprocessed_043_PIANO043_MID--AUDIO-split_07-06-17_Piano-e_1-03_wav--4,/Users/mymac/PycharmProjects/EEG-to-classical-music/data/maestro-v3.0.0/2017/MIDI-Unprocessed_043_PIANO043_MID--AUDIO-split_07-06-17_Piano-e_1-03_wav--4.midi,HVHA,0.7322819512872463,predicted,stacked_v4_40dim
MIDI-Unprocessed_081_PIANO081_MID--AUDIO-split_07-09-17_Piano-e_2_-02_wav--4,/Users/mymac/PycharmProjects/EEG-to-classical-music/data/maestro-v3.0.0/2017/MIDI-Unprocessed_081_PIANO081_MID--AUDIO-split_07-09-17_Piano-e_2_-02_wav--4.midi,HVHA,0.6375224776854627,predicted,stacked_v4_40dim
MIDI-Unprocessed_04_R1_2008_01-04_ORIG_MID--AUDIO_04_R1_2008_wav--4,/Users/mymac/PycharmProjects/EEG-to-classical-music/data/maestro-v3.0.0/2008/MIDI-Unprocessed_04_R1_2008_01-04_ORIG_MID--AUDIO_04_R1_2008_wav--4.midi,HVHA,0.7633777969797078,predicted,stacked_v4_40dim
MIDI-Unprocessed_R2_D2-12-13-15_mid--AUDIO-from_mp3_13_R2_2015_wav--4,/Users/mymac/PycharmProjects/EEG-to-classical-music/data/maestro-v3.0.0/2015/MIDI-Unprocessed_R2_D2-12-13-15_mid--AUDIO-from_mp3_13_R2_2015_wav--4.midi,HVHA,0.7476755966370662,predicted,stacked_v4_40dim
MIDI-Unprocessed_XP_11_R1_2004_03-04_ORIG_MID--AUDIO_11_R1_2004_04_Track04_wav,/Users/mymac/PycharmProjects/EEG-to-classical-music/data/maestro-v3.0.0/2004/MIDI-Unprocessed_XP_11_R1_2004_03-04_ORIG_MID--AUDIO_11_R1_2004_04_Track04_wav.midi,HVHA,0.6865929728700274,predicted,stacked_v4_40dim
MIDI-Unprocessed_02_R1_2006_01-04_ORIG_MID--AUDIO_02_R1_2006_03_Track03_wav,/Users/mymac/PycharmProjects/EEG-to-classical-music/data/maestro-v3.0.0/2006/MIDI-Unprocessed_02_R1_2006_01-04_ORIG_MID--AUDIO_02_R1_2006_03_Track03_wav.midi,HVHA,0.552144492238692,predicted,stacked_v4_40dim
MIDI-Unprocessed_SMF_05_R1_2004_02-03_ORIG_MID--AUDIO_05_R1_2004_06_Track06_wav,/Users/mymac/PycharmProjects/EEG-to-classical-music/data/maestro-v3.0.0/2004/MIDI-Unprocessed_SMF_05_R1_2004_02-03_ORIG_MID--AUDIO_05_R1_2004_06_Track06_wav.midi,HVHA,0.5443631037235551,predicted,stacked_v4_40dim
MIDI-Unprocessed_SMF_12_01_2004_01-05_ORIG_MID--AUDIO_12_R1_2004_10_Track10_wav,/Users/mymac/PycharmProjects/EEG-to-classical-music/data/maestro-v3.0.0/2004/MIDI-Unprocessed_SMF_12_01_2004_01-05_ORIG_MID--AUDIO_12_R1_2004_10_Track10_wav.midi,HVHA,0.5952550736248272,predicted,stacked_v4_40dim
MIDI-Unprocessed_17_R1_2009_01-03_ORIG_MID--AUDIO_17_R1_2009_17_R1_2009_03_WAV,/Users/mymac/PycharmProjects/EEG-to-classical-music/data/maestro-v3.0.0/2009/MIDI-Unprocessed_17_R1_2009_01-03_ORIG_MID--AUDIO_17_R1_2009_17_R1_2009_03_WAV.midi,HVLA,0.705568597263464,predicted,stacked_v4_40dim
ORIG-MIDI_02_7_8_13_Group__MID--AUDIO_11_R2_2013_wav--3,/Users/mymac/PycharmProjects/EEG-to-classical-music/data/maestro-v3.0.0/2013/ORIG-MIDI_02_7_8_13_Group__MID--AUDIO_11_R2_2013_wav--3.midi,HVHA,0.5750905820587187,predicted,stacked_v4_40dim
MIDI-UNPROCESSED_04-08-12_R3_2014_MID--AUDIO_04_R3_2014_wav--2,/Users/mymac/PycharmProjects/EEG-to-classical-music/data/maestro-v3.0.0/2014/MIDI-UNPROCESSED_04-08-12_R3_2014_MID--AUDIO_04_R3_2014_wav--2.midi,HVHA,0.5857486881701783,predicted,stacked_v4_40dim
MIDI-UNPROCESSED_21-22_R1_2014_MID--AUDIO_21_R1_2014_wav--4,/Users/mymac/PycharmProjects/EEG-to-classical-music/data/maestro-v3.0.0/2014/MIDI-UNPROCESSED_21-22_R1_2014_MID--AUDIO_21_R1_2014_wav--4.midi,HVHA,0.5715771928336525,predicted,stacked_v4_40dim
MIDI-Unprocessed_03_R2_2008_01-03_ORIG_MID--AUDIO_03_R2_2008_wav--3,/Users/mymac/PycharmProjects/EEG-to-classical-music/data/maestro-v3.0.0/2008/MIDI-Unprocessed_03_R2_2008_01-03_ORIG_MID--AUDIO_03_R2_2008_wav--3.midi,HVHA,0.6029329822367508,predicted,stacked_v4_40dim
ORIG-MIDI_01_7_6_13_Group__MID--AUDIO_02_R1_2013_wav--5,/Users/mymac/PycharmProjects/EEG-to-classical-music/data/maestro-v3.0.0/2013/ORIG-MIDI_01_7_6_13_Group__MID--AUDIO_02_R1_2013_wav--5.midi,HVLA,0.7112925238548432,predicted,stacked_v4_40dim
ORIG-MIDI_03_7_6_13_Group__MID--AUDIO_09_R1_2013_wav--2,/Users/mymac/PycharmProjects/EEG-to-classical-music/data/maestro-v3.0.0/2013/ORIG-MIDI_03_7_6_13_Group__MID--AUDIO_09_R1_2013_wav--2.midi,HVLA,0.7357562629115817,predicted,stacked_v4_40dim
MIDI-Unprocessed_067_PIANO067_MID--AUDIO-split_07-07-17_Piano-e_3-03_wav--4,/Users/mymac/PycharmProjects/EEG-to-classical-music/data/maestro-v3.0.0/2017/MIDI-Unprocessed_067_PIANO067_MID--AUDIO-split_07-07-17_Piano-e_3-03_wav--4.midi,HVHA,0.683807529642784,predicted,stacked_v4_40dim
MIDI-Unprocessed_02_R1_2008_01-05_ORIG_MID--AUDIO_02_R1_2008_wav--4,/Users/mymac/PycharmProjects/EEG-to-classical-music/data/maestro-v3.0.0/2008/MIDI-Unprocessed_02_R1_2008_01-05_ORIG_MID--AUDIO_02_R1_2008_wav--4.midi,HVHA,0.757474313500987,predicted,stacked_v4_40dim
MIDI-Unprocessed_07_R1_2006_01-04_ORIG_MID--AUDIO_07_R1_2006_04_Track04_wav,/Users/mymac/PycharmProjects/EEG-to-classical-music/data/maestro-v3.0.0/2006/MIDI-Unprocessed_07_R1_2006_01-04_ORIG_MID--AUDIO_07_R1_2006_04_Track04_wav.midi,HVHA,0.5417322000212146,predicted,stacked_v4_40dim
MIDI-Unprocessed_04_R2_2008_01-04_ORIG_MID--AUDIO_04_R2_2008_wav--4,/Users/mymac/PycharmProjects/EEG-to-classical-music/data/maestro-v3.0.0/2008/MIDI-Unprocessed_04_R2_2008_01-04_ORIG_MID--AUDIO_04_R2_2008_wav--4.midi,HVHA,0.7790537685809059,predicted,stacked_v4_40dim
MIDI-Unprocessed_08_R3_2008_01-05_ORIG_MID--AUDIO_08_R3_2008_wav--2,/Users/mymac/PycharmProjects/EEG-to-classical-music/data/maestro-v3.0.0/2008/MIDI-Unprocessed_08_R3_2008_01-05_ORIG_MID--AUDIO_08_R3_2008_wav--2.midi,HVHA,0.8042442887532419,predicted,stacked_v4_40dim
MIDI-Unprocessed_25_R3_2011_MID--AUDIO_R3-D9_06_Track06_wav,/Users/mymac/PycharmProjects/EEG-to-classical-music/data/maestro-v3.0.0/2011/MIDI-Unprocessed_25_R3_2011_MID--AUDIO_R3-D9_06_Track06_wav.midi,HVHA,0.7912177741298102,predicted,stacked_v4_40dim
MIDI-Unprocessed_Recital1-3_MID--AUDIO_02_R1_2018_wav--2,/Users/mymac/PycharmProjects/EEG-to-classical-music/data/maestro-v3.0.0/2018/MIDI-Unprocessed_Recital1-3_MID--AUDIO_02_R1_2018_wav--2.midi,HVHA,0.7696600741226596,predicted,stacked_v4_40dim
MIDI-Unprocessed_R1_D1-1-8_mid--AUDIO-from_mp3_08_R1_2015_wav--4,/Users/mymac/PycharmProjects/EEG-to-classical-music/data/maestro-v3.0.0/2015/MIDI-Unprocessed_R1_D1-1-8_mid--AUDIO-from_mp3_08_R1_2015_wav--4.midi,HVHA,0.7909725613780411,predicted,stacked_v4_40dim
ORIG-MIDI_03_7_8_13_Group__MID--AUDIO_17_R2_2013_wav--3,/Users/mymac/PycharmProjects/EEG-to-classical-music/data/maestro-v3.0.0/2013/ORIG-MIDI_03_7_8_13_Group__MID--AUDIO_17_R2_2013_wav--3.midi,HVHA,0.7860936955060492,predicted,stacked_v4_40dim
ORIG-MIDI_02_7_10_13_Group_MID--AUDIO_12_R3_2013_wav--4,/Users/mymac/PycharmProjects/EEG-to-classical-music/data/maestro-v3.0.0/2013/ORIG-MIDI_02_7_10_13_Group_MID--AUDIO_12_R3_2013_wav--4.midi,HVHA,0.7182280926675819,predicted,stacked_v4_40dim
MIDI-UNPROCESSED_16-18_R1_2014_MID--AUDIO_17_R1_2014_wav--2,/Users/mymac/PycharmProjects/EEG-to-classical-music/data/maestro-v3.0.0/2014/MIDI-UNPROCESSED_16-18_R1_2014_MID--AUDIO_17_R1_2014_wav--2.midi,HVHA,0.8145451026951213,predicted,stacked_v4_40dim
MIDI-Unprocessed_04_R1_2006_01-04_ORIG_MID--AUDIO_04_R1_2006_03_Track03_wav,/Users/mymac/PycharmProjects/EEG-to-classical-music/data/maestro-v3.0.0/2006/MIDI-Unprocessed_04_R1_2006_01-04_ORIG_MID--AUDIO_04_R1_2006_03_Track03_wav.midi,HVHA,0.8140445537559111,predicted,stacked_v4_40dim
MIDI-Unprocessed_18_R1_2006_01-05_ORIG_MID--AUDIO_18_R1_2006_04_Track04_wav,/Users/mymac/PycharmProjects/EEG-to-classical-music/data/maestro-v3.0.0/2006/MIDI-Unprocessed_18_R1_2006_01-05_ORIG_MID--AUDIO_18_R1_2006_04_Track04_wav.midi,HVHA,0.7757508453423182,predicted,stacked_v4_40dim
MIDI-Unprocessed_15_R1_2009_03-06_ORIG_MID--AUDIO_15_R1_2009_15_R1_2009_06_WAV,/Users/mymac/PycharmProjects/EEG-to-classical-music/data/maestro-v3.0.0/2009/MIDI-Unprocessed_15_R1_2009_03-06_ORIG_MID--AUDIO_15_R1_2009_15_R1_2009_06_WAV.midi,HVHA,0.6441845726428393,predicted,stacked_v4_40dim
MIDI-Unprocessed_09_R2_2011_MID--AUDIO_R2-D3_03_Track03_wav,/Users/mymac/PycharmProjects/EEG-to-classical-music/data/maestro-v3.0.0/2011/MIDI-Unprocessed_09_R2_2011_MID--AUDIO_R2-D3_03_Track03_wav.midi,HVHA,0.7242229115244596,predicted,stacked_v4_40dim
MIDI-Unprocessed_03_R1_2008_01-04_ORIG_MID--AUDIO_03_R1_2008_wav--4,/Users/mymac/PycharmProjects/EEG-to-classical-music/data/maestro-v3.0.0/2008/MIDI-Unprocessed_03_R1_2008_01-04_ORIG_MID--AUDIO_03_R1_2008_wav--4.midi,HVHA,0.6672314199537908,predicted,stacked_v4_40dim
MIDI-UNPROCESSED_11-13_R1_2014_MID--AUDIO_13_R1_2014_wav--6,/Users/mymac/PycharmProjects/EEG-to-classical-music/data/maestro-v3.0.0/2014/MIDI-UNPROCESSED_11-13_R1_2014_MID--AUDIO_13_R1_2014_wav--6.midi,HVHA,0.6270101168594383,predicted,stacked_v4_40dim
MIDI-Unprocessed_Recital4_MID--AUDIO_04_R1_2018_wav--5,/Users/mymac/PycharmProjects/EEG-to-classical-music/data/maestro-v3.0.0/2018/MIDI-Unprocessed_Recital4_MID--AUDIO_04_R1_2018_wav--5.midi,HVHA,0.7852290098048045,predicted,stacked_v4_40dim
MIDI-Unprocessed_06_R1_2006_01-04_ORIG_MID--AUDIO_06_R1_2006_03_Track03_wav,/Users/mymac/PycharmProjects/EEG-to-classical-music/data/maestro-v3.0.0/2006/MIDI-Unprocessed_06_R1_2006_01-04_ORIG_MID--AUDIO_06_R1_2006_03_Track03_wav.midi,HVHA,0.7728962525018445,predicted,stacked_v4_40dim
MIDI-Unprocessed_24_R1_2006_01-05_ORIG_MID--AUDIO_24_R1_2006_05_Track05_wav,/Users/mymac/PycharmProjects/EEG-to-classical-music/data/maestro-v3.0.0/2006/MIDI-Unprocessed_24_R1_2006_01-05_ORIG_MID--AUDIO_24_R1_2006_05_Track05_wav.midi,HVHA,0.6673605745323975,predicted,stacked_v4_40dim
MIDI-Unprocessed_03_R1_2009_01-02_ORIG_MID--AUDIO_03_R1_2009_03_R1_2009_02_WAV,/Users/mymac/PycharmProjects/EEG-to-classical-music/data/maestro-v3.0.0/2009/MIDI-Unprocessed_03_R1_2009_01-02_ORIG_MID--AUDIO_03_R1_2009_03_R1_2009_02_WAV.midi,HVHA,0.8232943513374287,predicted,stacked_v4_40dim
MIDI-Unprocessed_19_R1_2009_01-02_ORIG_MID--AUDIO_19_R1_2009_19_R1_2009_02_WAV,/Users/mymac/PycharmProjects/EEG-to-classical-music/data/maestro-v3.0.0/2009/MIDI-Unprocessed_19_R1_2009_01-02_ORIG_MID--AUDIO_19_R1_2009_19_R1_2009_02_WAV.midi,HVLA,0.46622160670838836,predicted,stacked_v4_40dim
MIDI-Unprocessed_21_R1_2009_04_ORIG_MID--AUDIO_21_R1_2009_21_R1_2009_04_WAV,/Users/mymac/PycharmProjects/EEG-to-classical-music/data/maestro-v3.0.0/2009/MIDI-Unprocessed_21_R1_2009_04_ORIG_MID--AUDIO_21_R1_2009_21_R1_2009_04_WAV.midi,HVHA,0.8177714982464978,predicted,stacked_v4_40dim
MIDI-UNPROCESSED_01-03_R1_2014_MID--AUDIO_02_R1_2014_wav--5,/Users/mymac/PycharmProjects/EEG-to-classical-music/data/maestro-v3.0.0/2014/MIDI-UNPROCESSED_01-03_R1_2014_MID--AUDIO_02_R1_2014_wav--5.midi,HVHA,0.752354262492568,predicted,stacked_v4_40dim
MIDI-Unprocessed_15_R1_2009_03-06_ORIG_MID--AUDIO_15_R1_2009_15_R1_2009_05_WAV,/Users/mymac/PycharmProjects/EEG-to-classical-music/data/maestro-v3.0.0/2009/MIDI-Unprocessed_15_R1_2009_03-06_ORIG_MID--AUDIO_15_R1_2009_15_R1_2009_05_WAV.midi,HVHA,0.3529878063168366,predicted,stacked_v4_40dim
MIDI-Unprocessed_17_R1_2008_01-04_ORIG_MID--AUDIO_17_R1_2008_wav--4,/Users/mymac/PycharmProjects/EEG-to-classical-music/data/maestro-v3.0.0/2008/MIDI-Unprocessed_17_R1_2008_01-04_ORIG_MID--AUDIO_17_R1_2008_wav--4.midi,LVLA,0.34072847951972124,predicted,stacked_v4_40dim
MIDI-Unprocessed_04_R1_2009_04-06_ORIG_MID--AUDIO_04_R1_2009_04_R1_2009_04_WAV,/Users/mymac/PycharmProjects/EEG-to-classical-music/data/maestro-v3.0.0/2009/MIDI-Unprocessed_04_R1_2009_04-06_ORIG_MID--AUDIO_04_R1_2009_04_R1_2009_04_WAV.midi,LVHA,0.42134904238483745,predicted,stacked_v4_40dim
MIDI-Unprocessed_XP_06_R1_2004_02-03_ORIG_MID--AUDIO_06_R1_2004_05_Track05_wav,/Users/mymac/PycharmProjects/EEG-to-classical-music/data/maestro-v3.0.0/2004/MIDI-Unprocessed_XP_06_R1_2004_02-03_ORIG_MID--AUDIO_06_R1_2004_05_Track05_wav.midi,HVHA,0.7839706536422318,predicted,stacked_v4_40dim
MIDI-Unprocessed_04_R1_2009_04-06_ORIG_MID--AUDIO_04_R1_2009_04_R1_2009_05_WAV,/Users/mymac/PycharmProjects/EEG-to-classical-music/data/maestro-v3.0.0/2009/MIDI-Unprocessed_04_R1_2009_04-06_ORIG_MID--AUDIO_04_R1_2009_04_R1_2009_05_WAV.midi,HVHA,0.7851945994556649,predicted,stacked_v4_40dim
MIDI-Unprocessed_R1_D2-13-20_mid--AUDIO-from_mp3_18_R1_2015_wav--4,/Users/mymac/PycharmProjects/EEG-to-classical-music/data/maestro-v3.0.0/2015/MIDI-Unprocessed_R1_D2-13-20_mid--AUDIO-from_mp3_18_R1_2015_wav--4.midi,HVHA,0.6011039889273219,predicted,stacked_v4_40dim
MIDI-Unprocessed_10_R2_2008_01-05_ORIG_MID--AUDIO_10_R2_2008_wav--3,/Users/mymac/PycharmProjects/EEG-to-classical-music/data/maestro-v3.0.0/2008/MIDI-Unprocessed_10_R2_2008_01-05_ORIG_MID--AUDIO_10_R2_2008_wav--3.midi,HVHA,0.5307374415605299,predicted,stacked_v4_40dim
MIDI-Unprocessed_06_R3_2011_MID--AUDIO_R3-D3_06_Track06_wav,/Users/mymac/PycharmProjects/EEG-to-classical-music/data/maestro-v3.0.0/2011/MIDI-Unprocessed_06_R3_2011_MID--AUDIO_R3-D3_06_Track06_wav.midi,HVHA,0.5099846790690631,predicted,stacked_v4_40dim
MIDI-Unprocessed_047_PIANO047_MID--AUDIO-split_07-06-17_Piano-e_2-04_wav--4,/Users/mymac/PycharmProjects/EEG-to-classical-music/data/maestro-v3.0.0/2017/MIDI-Unprocessed_047_PIANO047_MID--AUDIO-split_07-06-17_Piano-e_2-04_wav--4.midi,HVHA,0.49284885016049235,predicted,stacked_v4_40dim
MIDI-Unprocessed_16_R1_2009_03-06_ORIG_MID--AUDIO_16_R1_2009_16_R1_2009_03_WAV,/Users/mymac/PycharmProjects/EEG-to-classical-music/data/maestro-v3.0.0/2009/MIDI-Unprocessed_16_R1_2009_03-06_ORIG_MID--AUDIO_16_R1_2009_16_R1_2009_03_WAV.midi,HVHA,0.5198019146894406,predicted,stacked_v4_40dim
MIDI-Unprocessed_04_R3_2008_01-07_ORIG_MID--AUDIO_04_R3_2008_wav--2,/Users/mymac/PycharmProjects/EEG-to-classical-music/data/maestro-v3.0.0/2008/MIDI-Unprocessed_04_R3_2008_01-07_ORIG_MID--AUDIO_04_R3_2008_wav--2.midi,HVHA,0.6061113227190047,predicted,stacked_v4_40dim
MIDI-Unprocessed_R1_D1-1-8_mid--AUDIO-from_mp3_06_R1_2015_wav--3,/Users/mymac/PycharmProjects/EEG-to-classical-music/data/maestro-v3.0.0/2015/MIDI-Unprocessed_R1_D1-1-8_mid--AUDIO-from_mp3_06_R1_2015_wav--3.midi,HVHA,0.5108358093858231,predicted,stacked_v4_40dim
ORIG-MIDI_01_7_7_13_Group__MID--AUDIO_13_R1_2013_wav--3,/Users/mymac/PycharmProjects/EEG-to-classical-music/data/maestro-v3.0.0/2013/ORIG-MIDI_01_7_7_13_Group__MID--AUDIO_13_R1_2013_wav--3.midi,HVLA,0.7137582940946334,predicted,stacked_v4_40dim
MIDI-Unprocessed_04_R3_2008_01-07_ORIG_MID--AUDIO_04_R3_2008_wav--6,/Users/mymac/PycharmProjects/EEG-to-classical-music/data/maestro-v3.0.0/2008/MIDI-Unprocessed_04_R3_2008_01-07_ORIG_MID--AUDIO_04_R3_2008_wav--6.midi,HVHA,0.4896772065494193,predicted,stacked_v4_40dim
MIDI-Unprocessed_Recital17-19_MID--AUDIO_19_R1_2018_wav--3,/Users/mymac/PycharmProjects/EEG-to-classical-music/data/maestro-v3.0.0/2018/MIDI-Unprocessed_Recital17-19_MID--AUDIO_19_R1_2018_wav--3.midi,HVLA,0.7316428826189826,predicted,stacked_v4_40dim
MIDI-Unprocessed_04_R3_2008_01-07_ORIG_MID--AUDIO_04_R3_2008_wav--7,/Users/mymac/PycharmProjects/EEG-to-classical-music/data/maestro-v3.0.0/2008/MIDI-Unprocessed_04_R3_2008_01-07_ORIG_MID--AUDIO_04_R3_2008_wav--7.midi,HVHA,0.7675237226226858,predicted,stacked_v4_40dim
MIDI-Unprocessed_Recital9-11_MID--AUDIO_09_R1_2018_wav--4,/Users/mymac/PycharmProjects/EEG-to-classical-music/data/maestro-v3.0.0/2018/MIDI-Unprocessed_Recital9-11_MID--AUDIO_09_R1_2018_wav--4.midi,HVLA,0.7533501357618758,predicted,stacked_v4_40dim
MIDI-Unprocessed_07_R1_2008_01-04_ORIG_MID--AUDIO_07_R1_2008_wav--3,/Users/mymac/PycharmProjects/EEG-to-classical-music/data/maestro-v3.0.0/2008/MIDI-Unprocessed_07_R1_2008_01-04_ORIG_MID--AUDIO_07_R1_2008_wav--3.midi,HVLA,0.7631612836560343,predicted,stacked_v4_40dim
MIDI-Unprocessed_R1_D1-1-8_mid--AUDIO-from_mp3_06_R1_2015_wav--4,/Users/mymac/PycharmProjects/EEG-to-classical-music/data/maestro-v3.0.0/2015/MIDI-Unprocessed_R1_D1-1-8_mid--AUDIO-from_mp3_06_R1_2015_wav--4.midi,HVLA,0.832614322800063,predicted,stacked_v4_40dim
MIDI-Unprocessed_04_R3_2008_01-07_ORIG_MID--AUDIO_04_R3_2008_wav--3,/Users/mymac/PycharmProjects/EEG-to-classical-music/data/maestro-v3.0.0/2008/MIDI-Unprocessed_04_R3_2008_01-07_ORIG_MID--AUDIO_04_R3_2008_wav--3.midi,HVHA,0.529368013314722,predicted,stacked_v4_40dim
MIDI-Unprocessed_04_R3_2008_01-07_ORIG_MID--AUDIO_04_R3_2008_wav--4,/Users/mymac/PycharmProjects/EEG-to-classical-music/data/maestro-v3.0.0/2008/MIDI-Unprocessed_04_R3_2008_01-07_ORIG_MID--AUDIO_04_R3_2008_wav--4.midi,HVHA,0.5051665907165048,predicted,stacked_v4_40dim
MIDI-Unprocessed_R1_D2-13-20_mid--AUDIO-from_mp3_17_R1_2015_wav--4,/Users/mymac/PycharmProjects/EEG-to-classical-music/data/maestro-v3.0.0/2015/MIDI-Unprocessed_R1_D2-13-20_mid--AUDIO-from_mp3_17_R1_2015_wav--4.midi,HVLA,0.6104706853531843,predicted,stacked_v4_40dim
MIDI-Unprocessed_04_R3_2008_01-07_ORIG_MID--AUDIO_04_R3_2008_wav--5,/Users/mymac/PycharmProjects/EEG-to-classical-music/data/maestro-v3.0.0/2008/MIDI-Unprocessed_04_R3_2008_01-07_ORIG_MID--AUDIO_04_R3_2008_wav--5.midi,HVHA,0.4448473999534887,predicted,stacked_v4_40dim
ORIG-MIDI_02_7_6_13_Group__MID--AUDIO_07_R1_2013_wav--3,/Users/mymac/PycharmProjects/EEG-to-classical-music/data/maestro-v3.0.0/2013/ORIG-MIDI_02_7_6_13_Group__MID--AUDIO_07_R1_2013_wav--3.midi,HVLA,0.46008980777806135,predicted,stacked_v4_40dim
ORIG-MIDI_02_7_7_13_Group__MID--AUDIO_15_R1_2013_wav--3,/Users/mymac/PycharmProjects/EEG-to-classical-music/data/maestro-v3.0.0/2013/ORIG-MIDI_02_7_7_13_Group__MID--AUDIO_15_R1_2013_wav--3.midi,HVLA,0.5321688386886335,predicted,stacked_v4_40dim
MIDI-UNPROCESSED_09-10_R1_2014_MID--AUDIO_09_R1_2014_wav--3,/Users/mymac/PycharmProjects/EEG-to-classical-music/data/maestro-v3.0.0/2014/MIDI-UNPROCESSED_09-10_R1_2014_MID--AUDIO_09_R1_2014_wav--3.midi,HVLA,0.46650967151544925,predicted,stacked_v4_40dim
MIDI-Unprocessed_06_R2_2011_MID--AUDIO_R2-D2_07_Track07_wav,/Users/mymac/PycharmProjects/EEG-to-classical-music/data/maestro-v3.0.0/2011/MIDI-Unprocessed_06_R2_2011_MID--AUDIO_R2-D2_07_Track07_wav.midi,HVLA,0.470260581559661,predicted,stacked_v4_40dim
ORIG-MIDI_01_7_6_13_Group__MID--AUDIO_01_R1_2013_wav--4,/Users/mymac/PycharmProjects/EEG-to-classical-music/data/maestro-v3.0.0/2013/ORIG-MIDI_01_7_6_13_Group__MID--AUDIO_01_R1_2013_wav--4.midi,HVLA,0.8215201854031526,predicted,stacked_v4_40dim
ORIG-MIDI_01_7_7_13_Group__MID--AUDIO_11_R1_2013_wav--4,/Users/mymac/PycharmProjects/EEG-to-classical-music/data/maestro-v3.0.0/2013/ORIG-MIDI_01_7_7_13_Group__MID--AUDIO_11_R1_2013_wav--4.midi,HVLA,0.8235309623428053,predicted,stacked_v4_40dim
MIDI-Unprocessed_14_R1_2011_MID--AUDIO_R1-D6_04_Track04_wav,/Users/mymac/PycharmProjects/EEG-to-classical-music/data/maestro-v3.0.0/2011/MIDI-Unprocessed_14_R1_2011_MID--AUDIO_R1-D6_04_Track04_wav.midi,HVLA,0.7618423207814458,predicted,stacked_v4_40dim
MIDI-Unprocessed_XP_01_R1_2004_04-05_ORIG_MID--AUDIO_01_R1_2004_05_Track05_wav,/Users/mymac/PycharmProjects/EEG-to-classical-music/data/maestro-v3.0.0/2004/MIDI-Unprocessed_XP_01_R1_2004_04-05_ORIG_MID--AUDIO_01_R1_2004_05_Track05_wav.midi,HVHA,0.7587753095666864,predicted,stacked_v4_40dim
MIDI-Unprocessed_075_PIANO075_MID--AUDIO-split_07-08-17_Piano-e_2-06_wav--3,/Users/mymac/PycharmProjects/EEG-to-classical-music/data/maestro-v3.0.0/2017/MIDI-Unprocessed_075_PIANO075_MID--AUDIO-split_07-08-17_Piano-e_2-06_wav--3.midi,HVHA,0.6546059227348187,predicted,stacked_v4_40dim
MIDI-Unprocessed_052_PIANO052_MID--AUDIO-split_07-06-17_Piano-e_3-03_wav--1,/Users/mymac/PycharmProjects/EEG-to-classical-music/data/maestro-v3.0.0/2017/MIDI-Unprocessed_052_PIANO052_MID--AUDIO-split_07-06-17_Piano-e_3-03_wav--1.midi,HVLA,0.5938470358628957,predicted,stacked_v4_40dim
MIDI-Unprocessed_060_PIANO060_MID--AUDIO-split_07-07-17_Piano-e_2-04_wav--5,/Users/mymac/PycharmProjects/EEG-to-classical-music/data/maestro-v3.0.0/2017/MIDI-Unprocessed_060_PIANO060_MID--AUDIO-split_07-07-17_Piano-e_2-04_wav--5.midi,HVHA,0.7961433276084919,predicted,stacked_v4_40dim
MIDI-Unprocessed_072_PIANO072_MID--AUDIO-split_07-08-17_Piano-e_1-06_wav--4,/Users/mymac/PycharmProjects/EEG-to-classical-music/data/maestro-v3.0.0/2017/MIDI-Unprocessed_072_PIANO072_MID--AUDIO-split_07-08-17_Piano-e_1-06_wav--4.midi,HVHA,0.7728860970011081,predicted,stacked_v4_40dim
MIDI-Unprocessed_R1_D1-1-8_mid--AUDIO-from_mp3_05_R1_2015_wav--1,/Users/mymac/PycharmProjects/EEG-to-classical-music/data/maestro-v3.0.0/2015/MIDI-Unprocessed_R1_D1-1-8_mid--AUDIO-from_mp3_05_R1_2015_wav--1.midi,HVHA,0.7885344250355545,predicted,stacked_v4_40dim
MIDI-Unprocessed_22_R3_2011_MID--AUDIO_R3-D7_07_Track07_wav,/Users/mymac/PycharmProjects/EEG-to-classical-music/data/maestro-v3.0.0/2011/MIDI-Unprocessed_22_R3_2011_MID--AUDIO_R3-D7_07_Track07_wav.midi,LVLA,0.4170822834760613,predicted,stacked_v4_40dim
MIDI-Unprocessed_22_R3_2011_MID--AUDIO_R3-D7_08_Track08_wav,/Users/mymac/PycharmProjects/EEG-to-classical-music/data/maestro-v3.0.0/2011/MIDI-Unprocessed_22_R3_2011_MID--AUDIO_R3-D7_08_Track08_wav.midi,HVHA,0.5891678617607191,predicted,stacked_v4_40dim
MIDI-Unprocessed_22_R3_2011_MID--AUDIO_R3-D7_09_Track09_wav,/Users/mymac/PycharmProjects/EEG-to-classical-music/data/maestro-v3.0.0/2011/MIDI-Unprocessed_22_R3_2011_MID--AUDIO_R3-D7_09_Track09_wav.midi,HVHA,0.47468476901316253,predicted,stacked_v4_40dim
MIDI-Unprocessed_Recital17-19_MID--AUDIO_19_R1_2018_wav--4,/Users/mymac/PycharmProjects/EEG-to-classical-music/data/maestro-v3.0.0/2018/MIDI-Unprocessed_Recital17-19_MID--AUDIO_19_R1_2018_wav--4.midi,HVLA,0.33240963407194746,predicted,stacked_v4_40dim
MIDI-UNPROCESSED_04-05_R1_2014_MID--AUDIO_05_R1_2014_wav--8,/Users/mymac/PycharmProjects/EEG-to-classical-music/data/maestro-v3.0.0/2014/MIDI-UNPROCESSED_04-05_R1_2014_MID--AUDIO_05_R1_2014_wav--8.midi,HVLA,0.4345963239515822,predicted,stacked_v4_40dim
MIDI-Unprocessed_065_PIANO065_MID--AUDIO-split_07-07-17_Piano-e_3-01_wav--3,/Users/mymac/PycharmProjects/EEG-to-classical-music/data/maestro-v3.0.0/2017/MIDI-Unprocessed_065_PIANO065_MID--AUDIO-split_07-07-17_Piano-e_3-01_wav--3.midi,HVLA,0.6622843075424598,predicted,stacked_v4_40dim
MIDI-Unprocessed_055_PIANO055_MID--AUDIO-split_07-07-17_Piano-e_1-04_wav--3,/Users/mymac/PycharmProjects/EEG-to-classical-music/data/maestro-v3.0.0/2017/MIDI-Unprocessed_055_PIANO055_MID--AUDIO-split_07-07-17_Piano-e_1-04_wav--3.midi,HVLA,0.591923199635222,predicted,stacked_v4_40dim
MIDI-Unprocessed_045_PIANO045_MID--AUDIO-split_07-06-17_Piano-e_2-01_wav--4,/Users/mymac/PycharmProjects/EEG-to-classical-music/data/maestro-v3.0.0/2017/MIDI-Unprocessed_045_PIANO045_MID--AUDIO-split_07-06-17_Piano-e_2-01_wav--4.midi,HVLA,0.635049078748545,predicted,stacked_v4_40dim
MIDI-Unprocessed_050_PIANO050_MID--AUDIO-split_07-06-17_Piano-e_3-01_wav--3,/Users/mymac/PycharmProjects/EEG-to-classical-music/data/maestro-v3.0.0/2017/MIDI-Unprocessed_050_PIANO050_MID--AUDIO-split_07-06-17_Piano-e_3-01_wav--3.midi,HVLA,0.5363266977228355,predicted,stacked_v4_40dim
MIDI-Unprocessed_047_PIANO047_MID--AUDIO-split_07-06-17_Piano-e_2-04_wav--2,/Users/mymac/PycharmProjects/EEG-to-classical-music/data/maestro-v3.0.0/2017/MIDI-Unprocessed_047_PIANO047_MID--AUDIO-split_07-06-17_Piano-e_2-04_wav--2.midi,HVLA,0.4604329297671921,predicted,stacked_v4_40dim
MIDI-Unprocessed_03_R3_2011_MID--AUDIO_R3-D1_07_Track07_wav,/Users/mymac/PycharmProjects/EEG-to-classical-music/data/maestro-v3.0.0/2011/MIDI-Unprocessed_03_R3_2011_MID--AUDIO_R3-D1_07_Track07_wav.midi,HVLA,0.5778361106359776,predicted,stacked_v4_40dim
MIDI-Unprocessed_09_R3_2008_01-07_ORIG_MID--AUDIO_09_R3_2008_wav--7,/Users/mymac/PycharmProjects/EEG-to-classical-music/data/maestro-v3.0.0/2008/MIDI-Unprocessed_09_R3_2008_01-07_ORIG_MID--AUDIO_09_R3_2008_wav--7.midi,HVLA,0.5098411611733501,predicted,stacked_v4_40dim
MIDI-Unprocessed_09_R2_2008_01-05_ORIG_MID--AUDIO_09_R2_2008_wav--5,/Users/mymac/PycharmProjects/EEG-to-classical-music/data/maestro-v3.0.0/2008/MIDI-Unprocessed_09_R2_2008_01-05_ORIG_MID--AUDIO_09_R2_2008_wav--5.midi,HVHA,0.6157645675775729,predicted,stacked_v4_40dim
MIDI-Unprocessed_08_R1_2009_01-04_ORIG_MID--AUDIO_08_R1_2009_08_R1_2009_02_WAV,/Users/mymac/PycharmProjects/EEG-to-classical-music/data/maestro-v3.0.0/2009/MIDI-Unprocessed_08_R1_2009_01-04_ORIG_MID--AUDIO_08_R1_2009_08_R1_2009_02_WAV.midi,LVHA,0.45077203830578194,predicted,stacked_v4_40dim
MIDI-Unprocessed_08_R1_2009_01-04_ORIG_MID--AUDIO_08_R1_2009_08_R1_2009_04_WAV,/Users/mymac/PycharmProjects/EEG-to-classical-music/data/maestro-v3.0.0/2009/MIDI-Unprocessed_08_R1_2009_01-04_ORIG_MID--AUDIO_08_R1_2009_08_R1_2009_04_WAV.midi,HVLA,0.7149243376139776,predicted,stacked_v4_40dim
MIDI-Unprocessed_08_R1_2009_01-04_ORIG_MID--AUDIO_08_R1_2009_08_R1_2009_03_WAV,/Users/mymac/PycharmProjects/EEG-to-classical-music/data/maestro-v3.0.0/2009/MIDI-Unprocessed_08_R1_2009_01-04_ORIG_MID--AUDIO_08_R1_2009_08_R1_2009_03_WAV.midi,HVLA,0.303249134626242,predicted,stacked_v4_40dim
MIDI-Unprocessed_080_PIANO080_MID--AUDIO-split_07-09-17_Piano-e_1-06_wav--3,/Users/mymac/PycharmProjects/EEG-to-classical-music/data/maestro-v3.0.0/2017/MIDI-Unprocessed_080_PIANO080_MID--AUDIO-split_07-09-17_Piano-e_1-06_wav--3.midi,HVLA,0.6985726236649409,predicted,stacked_v4_40dim
MIDI-Unprocessed_06_R2_2008_01-05_ORIG_MID--AUDIO_06_R2_2008_wav--3,/Users/mymac/PycharmProjects/EEG-to-classical-music/data/maestro-v3.0.0/2008/MIDI-Unprocessed_06_R2_2008_01-05_ORIG_MID--AUDIO_06_R2_2008_wav--3.midi,LVLA,0.47713865444252634,predicted,stacked_v4_40dim
MIDI-Unprocessed_11_R2_2008_01-05_ORIG_MID--AUDIO_11_R2_2008_wav--3,/Users/mymac/PycharmProjects/EEG-to-classical-music/data/maestro-v3.0.0/2008/MIDI-Unprocessed_11_R2_2008_01-05_ORIG_MID--AUDIO_11_R2_2008_wav--3.midi,LVLA,0.4810178654561249,predicted,stacked_v4_40dim
MIDI-Unprocessed_075_PIANO075_MID--AUDIO-split_07-08-17_Piano-e_2-06_wav--1,/Users/mymac/PycharmProjects/EEG-to-classical-music/data/maestro-v3.0.0/2017/MIDI-Unprocessed_075_PIANO075_MID--AUDIO-split_07-08-17_Piano-e_2-06_wav--1.midi,LVLA,0.5232194271788926,predicted,stacked_v4_40dim
MIDI-Unprocessed_081_PIANO081_MID--AUDIO-split_07-09-17_Piano-e_2_-02_wav--3,/Users/mymac/PycharmProjects/EEG-to-classical-music/data/maestro-v3.0.0/2017/MIDI-Unprocessed_081_PIANO081_MID--AUDIO-split_07-09-17_Piano-e_2_-02_wav--3.midi,LVLA,0.4716594113676686,predicted,stacked_v4_40dim
ORIG-MIDI_03_7_8_13_Group__MID--AUDIO_15_R2_2013_wav--1,/Users/mymac/PycharmProjects/EEG-to-classical-music/data/maestro-v3.0.0/2013/ORIG-MIDI_03_7_8_13_Group__MID--AUDIO_15_R2_2013_wav--1.midi,LVLA,0.43041726992778634,predicted,stacked_v4_40dim
MIDI-Unprocessed_03_R2_2011_MID--AUDIO_R2-D1_07_Track07_wav,/Users/mymac/PycharmProjects/EEG-to-classical-music/data/maestro-v3.0.0/2011/MIDI-Unprocessed_03_R2_2011_MID--AUDIO_R2-D1_07_Track07_wav.midi,LVLA,0.4347305986080511,predicted,stacked_v4_40dim
ORIG-MIDI_02_7_8_13_Group__MID--AUDIO_08_R2_2013_wav--1,/Users/mymac/PycharmProjects/EEG-to-classical-music/data/maestro-v3.0.0/2013/ORIG-MIDI_02_7_8_13_Group__MID--AUDIO_08_R2_2013_wav--1.midi,HVHA,0.7022721825420492,predicted,stacked_v4_40dim
MIDI-Unprocessed_R2_D1-2-3-6-7-8-11_mid--AUDIO-from_mp3_07_R2_2015_wav--3,/Users/mymac/PycharmProjects/EEG-to-classical-music/data/maestro-v3.0.0/2015/MIDI-Unprocessed_R2_D1-2-3-6-7-8-11_mid--AUDIO-from_mp3_07_R2_2015_wav--3.midi,HVHA,0.6194899458990212,predicted,stacked_v4_40dim
MIDI-Unprocessed_R2_D1-2-3-6-7-8-11_mid--AUDIO-from_mp3_08_R2_2015_wav--2,/Users/mymac/PycharmProjects/EEG-to-classical-music/data/maestro-v3.0.0/2015/MIDI-Unprocessed_R2_D1-2-3-6-7-8-11_mid--AUDIO-from_mp3_08_R2_2015_wav--2.midi,HVHA,0.5520920058842429,predicted,stacked_v4_40dim
MIDI-Unprocessed_R2_D2-19-21-22_mid--AUDIO-from_mp3_21_R2_2015_wav--1,/Users/mymac/PycharmProjects/EEG-to-classical-music/data/maestro-v3.0.0/2015/MIDI-Unprocessed_R2_D2-19-21-22_mid--AUDIO-from_mp3_21_R2_2015_wav--1.midi,HVHA,0.5281032873191079,predicted,stacked_v4_40dim
ORIG-MIDI_02_7_8_13_Group__MID--AUDIO_11_R2_2013_wav--1,/Users/mymac/PycharmProjects/EEG-to-classical-music/data/maestro-v3.0.0/2013/ORIG-MIDI_02_7_8_13_Group__MID--AUDIO_11_R2_2013_wav--1.midi,HVHA,0.7128956288142316,predicted,stacked_v4_40dim
MIDI-Unprocessed_074_PIANO074_MID--AUDIO-split_07-08-17_Piano-e_2-04_wav--2,/Users/mymac/PycharmProjects/EEG-to-classical-music/data/maestro-v3.0.0/2017/MIDI-Unprocessed_074_PIANO074_MID--AUDIO-split_07-08-17_Piano-e_2-04_wav--2.midi,HVHA,0.5007081255195993,predicted,stacked_v4_40dim
MIDI-Unprocessed_080_PIANO080_MID--AUDIO-split_07-09-17_Piano-e_1-06_wav--1,/Users/mymac/PycharmProjects/EEG-to-classical-music/data/maestro-v3.0.0/2017/MIDI-Unprocessed_080_PIANO080_MID--AUDIO-split_07-09-17_Piano-e_1-06_wav--1.midi,HVHA,0.6911839918901376,predicted,stacked_v4_40dim
ORIG-MIDI_01_7_8_13_Group__MID--AUDIO_02_R2_2013_wav--1,/Users/mymac/PycharmProjects/EEG-to-classical-music/data/maestro-v3.0.0/2013/ORIG-MIDI_01_7_8_13_Group__MID--AUDIO_02_R2_2013_wav--1.midi,HVHA,0.5686657026086077,predicted,stacked_v4_40dim
ORIG-MIDI_02_7_8_13_Group__MID--AUDIO_12_R2_2013_wav--2,/Users/mymac/PycharmProjects/EEG-to-classical-music/data/maestro-v3.0.0/2013/ORIG-MIDI_02_7_8_13_Group__MID--AUDIO_12_R2_2013_wav--2.midi,HVHA,0.3175323557472765,predicted,stacked_v4_40dim
ORIG-MIDI_02_7_8_13_Group__MID--AUDIO_14_R2_2013_wav--1,/Users/mymac/PycharmProjects/EEG-to-classical-music/data/maestro-v3.0.0/2013/ORIG-MIDI_02_7_8_13_Group__MID--AUDIO_14_R2_2013_wav--1.midi,HVHA,0.6573088976486965,predicted,stacked_v4_40dim
ORIG-MIDI_03_7_8_13_Group__MID--AUDIO_18_R2_2013_wav--1,/Users/mymac/PycharmProjects/EEG-to-classical-music/data/maestro-v3.0.0/2013/ORIG-MIDI_03_7_8_13_Group__MID--AUDIO_18_R2_2013_wav--1.midi,HVHA,0.4635540553964176,predicted,stacked_v4_40dim
MIDI-Unprocessed_06_R2_2011_MID--AUDIO_R2-D2_06_Track06_wav,/Users/mymac/PycharmProjects/EEG-to-classical-music/data/maestro-v3.0.0/2011/MIDI-Unprocessed_06_R2_2011_MID--AUDIO_R2-D2_06_Track06_wav.midi,HVHA,0.7556512469439005,predicted,stacked_v4_40dim
MIDI-Unprocessed_10_R2_2011_MID--AUDIO_R2-D3_10_Track10_wav,/Users/mymac/PycharmProjects/EEG-to-classical-music/data/maestro-v3.0.0/2011/MIDI-Unprocessed_10_R2_2011_MID--AUDIO_R2-D3_10_Track10_wav.midi,HVHA,0.695670045758636,predicted,stacked_v4_40dim
MIDI-Unprocessed_17_R2_2011_MID--AUDIO_R2-D5_04_Track04_wav,/Users/mymac/PycharmProjects/EEG-to-classical-music/data/maestro-v3.0.0/2011/MIDI-Unprocessed_17_R2_2011_MID--AUDIO_R2-D5_04_Track04_wav.midi,HVHA,0.6517017452076814,predicted,stacked_v4_40dim
MIDI-Unprocessed_22_R2_2011_MID--AUDIO_R2-D5_08_Track08_wav,/Users/mymac/PycharmProjects/EEG-to-classical-music/data/maestro-v3.0.0/2011/MIDI-Unprocessed_22_R2_2011_MID--AUDIO_R2-D5_08_Track08_wav.midi,HVHA,0.7042028355058786,predicted,stacked_v4_40dim
MIDI-Unprocessed_072_PIANO072_MID--AUDIO-split_07-08-17_Piano-e_1-06_wav--2,/Users/mymac/PycharmProjects/EEG-to-classical-music/data/maestro-v3.0.0/2017/MIDI-Unprocessed_072_PIANO072_MID--AUDIO-split_07-08-17_Piano-e_1-06_wav--2.midi,HVLA,0.5755575227024432,predicted,stacked_v4_40dim
MIDI-Unprocessed_02_R2_2011_MID--AUDIO_R2-D1_02_Track02_wav,/Users/mymac/PycharmProjects/EEG-to-classical-music/data/maestro-v3.0.0/2011/MIDI-Unprocessed_02_R2_2011_MID--AUDIO_R2-D1_02_Track02_wav.midi,HVLA,0.7247678113862659,predicted,stacked_v4_40dim
MIDI-Unprocessed_Recital9-11_MID--AUDIO_11_R1_2018_wav--1,/Users/mymac/PycharmProjects/EEG-to-classical-music/data/maestro-v3.0.0/2018/MIDI-Unprocessed_Recital9-11_MID--AUDIO_11_R1_2018_wav--1.midi,LVLA,0.4800159774986834,predicted,stacked_v4_40dim
MIDI-Unprocessed_03_R2_2008_01-03_ORIG_MID--AUDIO_03_R2_2008_wav--1,/Users/mymac/PycharmProjects/EEG-to-classical-music/data/maestro-v3.0.0/2008/MIDI-Unprocessed_03_R2_2008_01-03_ORIG_MID--AUDIO_03_R2_2008_wav--1.midi,LVLA,0.39725016741061153,predicted,stacked_v4_40dim
ORIG-MIDI_01_7_8_13_Group__MID--AUDIO_04_R2_2013_wav--1,/Users/mymac/PycharmProjects/EEG-to-classical-music/data/maestro-v3.0.0/2013/ORIG-MIDI_01_7_8_13_Group__MID--AUDIO_04_R2_2013_wav--1.midi,HVHA,0.4974608968998436,predicted,stacked_v4_40dim
MIDI-Unprocessed_079_PIANO079_MID--AUDIO-split_07-09-17_Piano-e_1-04_wav--2,/Users/mymac/PycharmProjects/EEG-to-classical-music/data/maestro-v3.0.0/2017/MIDI-Unprocessed_079_PIANO079_MID--AUDIO-split_07-09-17_Piano-e_1-04_wav--2.midi,HVLA,0.2900125685766999,predicted,stacked_v4_40dim
MIDI-Unprocessed_04_R2_2011_MID--AUDIO_R2-D2_02_Track02_wav,/Users/mymac/PycharmProjects/EEG-to-classical-music/data/maestro-v3.0.0/2011/MIDI-Unprocessed_04_R2_2011_MID--AUDIO_R2-D2_02_Track02_wav.midi,LVLA,0.4645704862177497,predicted,stacked_v4_40dim
MIDI-Unprocessed_25_R2_2011_MID--AUDIO_R2-D6_07_Track07_wav,/Users/mymac/PycharmProjects/EEG-to-classical-music/data/maestro-v3.0.0/2011/MIDI-Unprocessed_25_R2_2011_MID--AUDIO_R2-D6_07_Track07_wav.midi,LVLA,0.46036812385336656,predicted,stacked_v4_40dim
MIDI-Unprocessed_02_R2_2008_01-05_ORIG_MID--AUDIO_02_R2_2008_wav--1,/Users/mymac/PycharmProjects/EEG-to-classical-music/data/maestro-v3.0.0/2008/MIDI-Unprocessed_02_R2_2008_01-05_ORIG_MID--AUDIO_02_R2_2008_wav--1.midi,HVLA,0.7148058573686765,predicted,stacked_v4_40dim
MIDI-Unprocessed_09_R2_2008_01-05_ORIG_MID--AUDIO_09_R2_2008_wav--1,/Users/mymac/PycharmProjects/EEG-to-classical-music/data/maestro-v3.0.0/2008/MIDI-Unprocessed_09_R2_2008_01-05_ORIG_MID--AUDIO_09_R2_2008_wav--1.midi,HVLA,0.5441465965103643,predicted,stacked_v4_40dim
MIDI-Unprocessed_12_R2_2008_01-04_ORIG_MID--AUDIO_12_R2_2008_wav--2,/Users/mymac/PycharmProjects/EEG-to-classical-music/data/maestro-v3.0.0/2008/MIDI-Unprocessed_12_R2_2008_01-04_ORIG_MID--AUDIO_12_R2_2008_wav--2.midi,HVLA,0.5639415592332995,predicted,stacked_v4_40dim
MIDI-Unprocessed_R2_D2-19-21-22_mid--AUDIO-from_mp3_22_R2_2015_wav--1,/Users/mymac/PycharmProjects/EEG-to-classical-music/data/maestro-v3.0.0/2015/MIDI-Unprocessed_R2_D2-19-21-22_mid--AUDIO-from_mp3_22_R2_2015_wav--1.midi,HVLA,0.5411081816897073,predicted,stacked_v4_40dim
MIDI-Unprocessed_070_PIANO070_MID--AUDIO-split_07-08-17_Piano-e_1-02_wav--1,/Users/mymac/PycharmProjects/EEG-to-classical-music/data/maestro-v3.0.0/2017/MIDI-Unprocessed_070_PIANO070_MID--AUDIO-split_07-08-17_Piano-e_1-02_wav--1.midi,HVHA,0.4835825733802074,predicted,stacked_v4_40dim
ORIG-MIDI_01_7_8_13_Group__MID--AUDIO_03_R2_2013_wav--2,/Users/mymac/PycharmProjects/EEG-to-classical-music/data/maestro-v3.0.0/2013/ORIG-MIDI_01_7_8_13_Group__MID--AUDIO_03_R2_2013_wav--2.midi,HVLA,0.6202208023905469,predicted,stacked_v4_40dim
MIDI-Unprocessed_17_R2_2008_01-04_ORIG_MID--AUDIO_17_R2_2008_wav--3,/Users/mymac/PycharmProjects/EEG-to-classical-music/data/maestro-v3.0.0/2008/MIDI-Unprocessed_17_R2_2008_01-04_ORIG_MID--AUDIO_17_R2_2008_wav--3.midi,LVHA,0.48716600680063527,predicted,stacked_v4_40dim
MIDI-Unprocessed_07_R2_2008_01-05_ORIG_MID--AUDIO_07_R2_2008_wav--1,/Users/mymac/PycharmProjects/EEG-to-classical-music/data/maestro-v3.0.0/2008/MIDI-Unprocessed_07_R2_2008_01-05_ORIG_MID--AUDIO_07_R2_2008_wav--1.midi,LVHA,0.4206287115209061,predicted,stacked_v4_40dim
MIDI-Unprocessed_08_R2_2008_01-04_ORIG_MID--AUDIO_08_R2_2008_wav--2,/Users/mymac/PycharmProjects/EEG-to-classical-music/data/maestro-v3.0.0/2008/MIDI-Unprocessed_08_R2_2008_01-04_ORIG_MID--AUDIO_08_R2_2008_wav--2.midi,LVHA,0.4540861491664492,predicted,stacked_v4_40dim
MIDI-Unprocessed_R2_D1-2-3-6-7-8-11_mid--AUDIO-from_mp3_11_R2_2015_wav--2,/Users/mymac/PycharmProjects/EEG-to-classical-music/data/maestro-v3.0.0/2015/MIDI-Unprocessed_R2_D1-2-3-6-7-8-11_mid--AUDIO-from_mp3_11_R2_2015_wav--2.midi,LVLA,0.45227199941232926,predicted,stacked_v4_40dim
MIDI-Unprocessed_R2_D2-12-13-15_mid--AUDIO-from_mp3_13_R2_2015_wav--3,/Users/mymac/PycharmProjects/EEG-to-classical-music/data/maestro-v3.0.0/2015/MIDI-Unprocessed_R2_D2-12-13-15_mid--AUDIO-from_mp3_13_R2_2015_wav--3.midi,LVHA,0.45751445141454933,predicted,stacked_v4_40dim
MIDI-Unprocessed_R2_D2-12-13-15_mid--AUDIO-from_mp3_15_R2_2015_wav--1,/Users/mymac/PycharmProjects/EEG-to-classical-music/data/maestro-v3.0.0/2015/MIDI-Unprocessed_R2_D2-12-13-15_mid--AUDIO-from_mp3_15_R2_2015_wav--1.midi,LVHA,0.5275256173347692,predicted,stacked_v4_40dim
MIDI-Unprocessed_073_PIANO073_MID--AUDIO-split_07-08-17_Piano-e_2-02_wav--2,/Users/mymac/PycharmProjects/EEG-to-classical-music/data/maestro-v3.0.0/2017/MIDI-Unprocessed_073_PIANO073_MID--AUDIO-split_07-08-17_Piano-e_2-02_wav--2.midi,LVHA,0.5702165228561668,predicted,stacked_v4_40dim
MIDI-Unprocessed_082_PIANO082_MID--AUDIO-split_07-09-17_Piano-e_2_-04_wav--3,/Users/mymac/PycharmProjects/EEG-to-classical-music/data/maestro-v3.0.0/2017/MIDI-Unprocessed_082_PIANO082_MID--AUDIO-split_07-09-17_Piano-e_2_-04_wav--3.midi,LVHA,0.4874348186804596,predicted,stacked_v4_40dim
ORIG-MIDI_03_7_8_13_Group__MID--AUDIO_17_R2_2013_wav--2,/Users/mymac/PycharmProjects/EEG-to-classical-music/data/maestro-v3.0.0/2013/ORIG-MIDI_03_7_8_13_Group__MID--AUDIO_17_R2_2013_wav--2.midi,LVHA,0.5123632405130438,predicted,stacked_v4_40dim
MIDI-Unprocessed_09_R2_2011_MID--AUDIO_R2-D3_04_Track04_wav,/Users/mymac/PycharmProjects/EEG-to-classical-music/data/maestro-v3.0.0/2011/MIDI-Unprocessed_09_R2_2011_MID--AUDIO_R2-D3_04_Track04_wav.midi,LVHA,0.44238345304236243,predicted,stacked_v4_40dim
MIDI-Unprocessed_16_R2_2011_MID--AUDIO_R2-D4_09_Track09_wav,/Users/mymac/PycharmProjects/EEG-to-classical-music/data/maestro-v3.0.0/2011/MIDI-Unprocessed_16_R2_2011_MID--AUDIO_R2-D4_09_Track09_wav.midi,LVHA,0.44488148640731684,predicted,stacked_v4_40dim
MIDI-Unprocessed_04_R2_2008_01-04_ORIG_MID--AUDIO_04_R2_2008_wav--3,/Users/mymac/PycharmProjects/EEG-to-classical-music/data/maestro-v3.0.0/2008/MIDI-Unprocessed_04_R2_2008_01-04_ORIG_MID--AUDIO_04_R2_2008_wav--3.midi,HVHA,0.3158668997941656,predicted,stacked_v4_40dim
MIDI-Unprocessed_10_R2_2008_01-05_ORIG_MID--AUDIO_10_R2_2008_wav--4,/Users/mymac/PycharmProjects/EEG-to-classical-music/data/maestro-v3.0.0/2008/MIDI-Unprocessed_10_R2_2008_01-05_ORIG_MID--AUDIO_10_R2_2008_wav--4.midi,HVHA,0.4384480166605482,predicted,stacked_v4_40dim
MIDI-Unprocessed_R2_D1-2-3-6-7-8-11_mid--AUDIO-from_mp3_03_R2_2015_wav--1,/Users/mymac/PycharmProjects/EEG-to-classical-music/data/maestro-v3.0.0/2015/MIDI-Unprocessed_R2_D1-2-3-6-7-8-11_mid--AUDIO-from_mp3_03_R2_2015_wav--1.midi,HVHA,0.7636249299264833,predicted,stacked_v4_40dim
MIDI-Unprocessed_R2_D1-2-3-6-7-8-11_mid--AUDIO-from_mp3_06_R2_2015_wav--1,/Users/mymac/PycharmProjects/EEG-to-classical-music/data/maestro-v3.0.0/2015/MIDI-Unprocessed_R2_D1-2-3-6-7-8-11_mid--AUDIO-from_mp3_06_R2_2015_wav--1.midi,HVHA,0.5880600207173773,predicted,stacked_v4_40dim
MIDI-Unprocessed_R2_D2-19-21-22_mid--AUDIO-from_mp3_19_R2_2015_wav--3,/Users/mymac/PycharmProjects/EEG-to-classical-music/data/maestro-v3.0.0/2015/MIDI-Unprocessed_R2_D2-19-21-22_mid--AUDIO-from_mp3_19_R2_2015_wav--3.midi,HVHA,0.6750772920740911,predicted,stacked_v4_40dim
MIDI-Unprocessed_12_R2_2011_MID--AUDIO_R2-D4_04_Track04_wav,/Users/mymac/PycharmProjects/EEG-to-classical-music/data/maestro-v3.0.0/2011/MIDI-Unprocessed_12_R2_2011_MID--AUDIO_R2-D4_04_Track04_wav.midi,LVLA,0.44205602943930705,predicted,stacked_v4_40dim
ORIG-MIDI_03_7_8_13_Group__MID--AUDIO_19_R2_2013_wav--1,/Users/mymac/PycharmProjects/EEG-to-classical-music/data/maestro-v3.0.0/2013/ORIG-MIDI_03_7_8_13_Group__MID--AUDIO_19_R2_2013_wav--1.midi,HVHA,0.7428431743396562,predicted,stacked_v4_40dim
MIDI-Unprocessed_Recital12_MID--AUDIO_12_R1_2018_wav--3,/Users/mymac/PycharmProjects/EEG-to-classical-music/data/maestro-v3.0.0/2018/MIDI-Unprocessed_Recital12_MID--AUDIO_12_R1_2018_wav--3.midi,LVLA,0.39744565801177245,predicted,stacked_v4_40dim
MIDI-Unprocessed_SMF_17_R1_2004_01-03_ORIG_MID--AUDIO_17_R1_2004_02_Track02_wav--1,/Users/mymac/PycharmProjects/EEG-to-classical-music/data/maestro-v3.0.0/2004/MIDI-Unprocessed_SMF_17_R1_2004_01-03_ORIG_MID--AUDIO_17_R1_2004_02_Track02_wav--1.midi,LVHA,0.5446197983980983,predicted,stacked_v4_40dim
MIDI-Unprocessed_R2_D2-12-13-15_mid--AUDIO-from_mp3_12_R2_2015_wav--2,/Users/mymac/PycharmProjects/EEG-to-classical-music/data/maestro-v3.0.0/2015/MIDI-Unprocessed_R2_D2-12-13-15_mid--AUDIO-from_mp3_12_R2_2015_wav--2.midi,HVHA,0.4939658172863169,predicted,stacked_v4_40dim
ORIG-MIDI_01_7_8_13_Group__MID--AUDIO_07_R2_2013_wav--2,/Users/mymac/PycharmProjects/EEG-to-classical-music/data/maestro-v3.0.0/2013/ORIG-MIDI_01_7_8_13_Group__MID--AUDIO_07_R2_2013_wav--2.midi,LVLA,0.4143383931917343,predicted,stacked_v4_40dim
MIDI-Unprocessed_23_R2_2011_MID--AUDIO_R2-D6_03_Track03_wav,/Users/mymac/PycharmProjects/EEG-to-classical-music/data/maestro-v3.0.0/2011/MIDI-Unprocessed_23_R2_2011_MID--AUDIO_R2-D6_03_Track03_wav.midi,LVLA,0.43230024535286815,predicted,stacked_v4_40dim
MIDI-Unprocessed_15_R2_2008_01-04_ORIG_MID--AUDIO_15_R2_2008_wav--2,/Users/mymac/PycharmProjects/EEG-to-classical-music/data/maestro-v3.0.0/2008/MIDI-Unprocessed_15_R2_2008_01-04_ORIG_MID--AUDIO_15_R2_2008_wav--2.midi,LVLA,0.46154658706462703,predicted,stacked_v4_40dim
MIDI-Unprocessed_05_R2_2006_01_ORIG_MID--AUDIO_05_R2_2006_01_Track01_wav,/Users/mymac/PycharmProjects/EEG-to-classical-music/data/maestro-v3.0.0/2006/MIDI-Unprocessed_05_R2_2006_01_ORIG_MID--AUDIO_05_R2_2006_01_Track01_wav.midi,LVLA,0.4772085815701785,predicted,stacked_v4_40dim
MIDI-Unprocessed_09_R2_2006_01_ORIG_MID--AUDIO_09_R2_2006_01_Track01_wav,/Users/mymac/PycharmProjects/EEG-to-classical-music/data/maestro-v3.0.0/2006/MIDI-Unprocessed_09_R2_2006_01_ORIG_MID--AUDIO_09_R2_2006_01_Track01_wav.midi,HVHA,0.3764037714194783,predicted,stacked_v4_40dim
MIDI-Unprocessed_16_R2_2006_01_ORIG_MID--AUDIO_16_R2_2006_01_Track01_wav,/Users/mymac/PycharmProjects/EEG-to-classical-music/data/maestro-v3.0.0/2006/MIDI-Unprocessed_16_R2_2006_01_ORIG_MID--AUDIO_16_R2_2006_01_Track01_wav.midi,HVHA,0.4749346456488533,predicted,stacked_v4_40dim
MIDI-Unprocessed_05_R2_2006_01_ORIG_MID--AUDIO_05_R2_2006_02_Track02_wav,/Users/mymac/PycharmProjects/EEG-to-classical-music/data/maestro-v3.0.0/2006/MIDI-Unprocessed_05_R2_2006_01_ORIG_MID--AUDIO_05_R2_2006_02_Track02_wav.midi,LVLA,0.6683117498511923,predicted,stacked_v4_40dim
MIDI-Unprocessed_09_R2_2006_01_ORIG_MID--AUDIO_09_R2_2006_02_Track02_wav,/Users/mymac/PycharmProjects/EEG-to-classical-music/data/maestro-v3.0.0/2006/MIDI-Unprocessed_09_R2_2006_01_ORIG_MID--AUDIO_09_R2_2006_02_Track02_wav.midi,LVLA,0.7118635092146387,predicted,stacked_v4_40dim
MIDI-Unprocessed_16_R2_2006_01_ORIG_MID--AUDIO_16_R2_2006_02_Track02_wav,/Users/mymac/PycharmProjects/EEG-to-classical-music/data/maestro-v3.0.0/2006/MIDI-Unprocessed_16_R2_2006_01_ORIG_MID--AUDIO_16_R2_2006_02_Track02_wav.midi,LVLA,0.7046615245717162,predicted,stacked_v4_40dim
MIDI-Unprocessed_05_R2_2006_01_ORIG_MID--AUDIO_05_R2_2006_03_Track03_wav,/Users/mymac/PycharmProjects/EEG-to-classical-music/data/maestro-v3.0.0/2006/MIDI-Unprocessed_05_R2_2006_01_ORIG_MID--AUDIO_05_R2_2006_03_Track03_wav.midi,HVHA,0.737145635285679,predicted,stacked_v4_40dim
MIDI-Unprocessed_09_R2_2006_01_ORIG_MID--AUDIO_09_R2_2006_03_Track03_wav,/Users/mymac/PycharmProjects/EEG-to-classical-music/data/maestro-v3.0.0/2006/MIDI-Unprocessed_09_R2_2006_01_ORIG_MID--AUDIO_09_R2_2006_03_Track03_wav.midi,HVHA,0.773323401178729,predicted,stacked_v4_40dim
MIDI-Unprocessed_16_R2_2006_01_ORIG_MID--AUDIO_16_R2_2006_03_Track03_wav,/Users/mymac/PycharmProjects/EEG-to-classical-music/data/maestro-v3.0.0/2006/MIDI-Unprocessed_16_R2_2006_01_ORIG_MID--AUDIO_16_R2_2006_03_Track03_wav.midi,HVHA,0.7353387946785838,predicted,stacked_v4_40dim
MIDI-Unprocessed_01_R2_2006_01_ORIG_MID--AUDIO_01_R2_2006_01_Track01_wav,/Users/mymac/PycharmProjects/EEG-to-classical-music/data/maestro-v3.0.0/2006/MIDI-Unprocessed_01_R2_2006_01_ORIG_MID--AUDIO_01_R2_2006_01_Track01_wav.midi,HVHA,0.6341049029881425,predicted,stacked_v4_40dim
MIDI-Unprocessed_07_R2_2006_01_ORIG_MID--AUDIO_07_R2_2006_01_Track01_wav,/Users/mymac/PycharmProjects/EEG-to-classical-music/data/maestro-v3.0.0/2006/MIDI-Unprocessed_07_R2_2006_01_ORIG_MID--AUDIO_07_R2_2006_01_Track01_wav.midi,HVHA,0.3870111092305334,predicted,stacked_v4_40dim
MIDI-Unprocessed_08_R2_2006_01_ORIG_MID--AUDIO_08_R2_2006_01_Track01_wav,/Users/mymac/PycharmProjects/EEG-to-classical-music/data/maestro-v3.0.0/2006/MIDI-Unprocessed_08_R2_2006_01_ORIG_MID--AUDIO_08_R2_2006_01_Track01_wav.midi,HVHA,0.63518322493409,predicted,stacked_v4_40dim
MIDI-Unprocessed_01_R2_2006_01_ORIG_MID--AUDIO_01_R2_2006_02_Track02_wav,/Users/mymac/PycharmProjects/EEG-to-classical-music/data/maestro-v3.0.0/2006/MIDI-Unprocessed_01_R2_2006_01_ORIG_MID--AUDIO_01_R2_2006_02_Track02_wav.midi,LVLA,0.4741417680011638,predicted,stacked_v4_40dim
MIDI-Unprocessed_07_R2_2006_01_ORIG_MID--AUDIO_07_R2_2006_02_Track02_wav,/Users/mymac/PycharmProjects/EEG-to-classical-music/data/maestro-v3.0.0/2006/MIDI-Unprocessed_07_R2_2006_01_ORIG_MID--AUDIO_07_R2_2006_02_Track02_wav.midi,LVLA,0.6296704977654938,predicted,stacked_v4_40dim
MIDI-Unprocessed_08_R2_2006_01_ORIG_MID--AUDIO_08_R2_2006_02_Track02_wav,/Users/mymac/PycharmProjects/EEG-to-classical-music/data/maestro-v3.0.0/2006/MIDI-Unprocessed_08_R2_2006_01_ORIG_MID--AUDIO_08_R2_2006_02_Track02_wav.midi,LVLA,0.5685495872339048,predicted,stacked_v4_40dim
MIDI-Unprocessed_01_R2_2006_01_ORIG_MID--AUDIO_01_R2_2006_03_Track03_wav,/Users/mymac/PycharmProjects/EEG-to-classical-music/data/maestro-v3.0.0/2006/MIDI-Unprocessed_01_R2_2006_01_ORIG_MID--AUDIO_01_R2_2006_03_Track03_wav.midi,HVHA,0.7812288206014423,predicted,stacked_v4_40dim
MIDI-Unprocessed_07_R2_2006_01_ORIG_MID--AUDIO_07_R2_2006_03_Track03_wav,/Users/mymac/PycharmProjects/EEG-to-classical-music/data/maestro-v3.0.0/2006/MIDI-Unprocessed_07_R2_2006_01_ORIG_MID--AUDIO_07_R2_2006_03_Track03_wav.midi,HVHA,0.676390058520628,predicted,stacked_v4_40dim
MIDI-Unprocessed_08_R2_2006_01_ORIG_MID--AUDIO_08_R2_2006_03_Track03_wav,/Users/mymac/PycharmProjects/EEG-to-classical-music/data/maestro-v3.0.0/2006/MIDI-Unprocessed_08_R2_2006_01_ORIG_MID--AUDIO_08_R2_2006_03_Track03_wav.midi,HVHA,0.8029009797700444,predicted,stacked_v4_40dim
MIDI-Unprocessed_07_R2_2006_01_ORIG_MID--AUDIO_07_R2_2006_04_Track04_wav,/Users/mymac/PycharmProjects/EEG-to-classical-music/data/maestro-v3.0.0/2006/MIDI-Unprocessed_07_R2_2006_01_ORIG_MID--AUDIO_07_R2_2006_04_Track04_wav.midi,HVHA,0.7184165215974817,predicted,stacked_v4_40dim
MIDI-Unprocessed_078_PIANO078_MID--AUDIO-split_07-09-17_Piano-e_1-02_wav--2,/Users/mymac/PycharmProjects/EEG-to-classical-music/data/maestro-v3.0.0/2017/MIDI-Unprocessed_078_PIANO078_MID--AUDIO-split_07-09-17_Piano-e_1-02_wav--2.midi,HVHA,0.6998760330295895,predicted,stacked_v4_40dim
MIDI-Unprocessed_071_PIANO071_MID--AUDIO-split_07-08-17_Piano-e_1-04_wav--2,/Users/mymac/PycharmProjects/EEG-to-classical-music/data/maestro-v3.0.0/2017/MIDI-Unprocessed_071_PIANO071_MID--AUDIO-split_07-08-17_Piano-e_1-04_wav--2.midi,LVLA,0.4184691475752795,predicted,stacked_v4_40dim
MIDI-UNPROCESSED_04-07-08-10-12-15-17_R2_2014_MID--AUDIO_08_R2_2014_wav,/Users/mymac/PycharmProjects/EEG-to-classical-music/data/maestro-v3.0.0/2014/MIDI-UNPROCESSED_04-07-08-10-12-15-17_R2_2014_MID--AUDIO_08_R2_2014_wav.midi,HVHA,0.7908172477365736,predicted,stacked_v4_40dim
MIDI-UNPROCESSED_04-07-08-10-12-15-17_R2_2014_MID--AUDIO_17_R2_2014_wav,/Users/mymac/PycharmProjects/EEG-to-classical-music/data/maestro-v3.0.0/2014/MIDI-UNPROCESSED_04-07-08-10-12-15-17_R2_2014_MID--AUDIO_17_R2_2014_wav.midi,HVHA,0.7242615495869584,predicted,stacked_v4_40dim
MIDI-UNPROCESSED_19-20-21_R2_2014_MID--AUDIO_19_R2_2014_wav,/Users/mymac/PycharmProjects/EEG-to-classical-music/data/maestro-v3.0.0/2014/MIDI-UNPROCESSED_19-20-21_R2_2014_MID--AUDIO_19_R2_2014_wav.midi,HVHA,0.8049069936901643,predicted,stacked_v4_40dim
MIDI-Unprocessed_Schubert1-3_MID--AUDIO_07_R2_2018_wav,/Users/mymac/PycharmProjects/EEG-to-classical-music/data/maestro-v3.0.0/2018/MIDI-Unprocessed_Schubert1-3_MID--AUDIO_07_R2_2018_wav.midi,HVHA,0.7857816053195849,predicted,stacked_v4_40dim
ORIG-MIDI_02_7_10_13_Group_MID--AUDIO_12_R3_2013_wav--2,/Users/mymac/PycharmProjects/EEG-to-classical-music/data/maestro-v3.0.0/2013/ORIG-MIDI_02_7_10_13_Group_MID--AUDIO_12_R3_2013_wav--2.midi,LVHA,0.3557036720955863,predicted,stacked_v4_40dim
MIDI-Unprocessed_22_R2_2006_01_ORIG_MID--AUDIO_22_R2_2006_01_Track01_wav,/Users/mymac/PycharmProjects/EEG-to-classical-music/data/maestro-v3.0.0/2006/MIDI-Unprocessed_22_R2_2006_01_ORIG_MID--AUDIO_22_R2_2006_01_Track01_wav.midi,HVHA,0.8086814605091572,predicted,stacked_v4_40dim
MIDI-Unprocessed_22_R2_2006_01_ORIG_MID--AUDIO_22_R2_2006_02_Track02_wav,/Users/mymac/PycharmProjects/EEG-to-classical-music/data/maestro-v3.0.0/2006/MIDI-Unprocessed_22_R2_2006_01_ORIG_MID--AUDIO_22_R2_2006_02_Track02_wav.midi,HVHA,0.7017334945161273,predicted,stacked_v4_40dim
MIDI-Unprocessed_22_R2_2006_01_ORIG_MID--AUDIO_22_R2_2006_03_Track03_wav,/Users/mymac/PycharmProjects/EEG-to-classical-music/data/maestro-v3.0.0/2006/MIDI-Unprocessed_22_R2_2006_01_ORIG_MID--AUDIO_22_R2_2006_03_Track03_wav.midi,HVHA,0.4892684784943463,predicted,stacked_v4_40dim
MIDI-Unprocessed_22_R2_2006_01_ORIG_MID--AUDIO_22_R2_2006_04_Track04_wav,/Users/mymac/PycharmProjects/EEG-to-classical-music/data/maestro-v3.0.0/2006/MIDI-Unprocessed_22_R2_2006_01_ORIG_MID--AUDIO_22_R2_2006_04_Track04_wav.midi,HVLA,0.49208769216396897,predicted,stacked_v4_40dim
MIDI-Unprocessed_23_R2_2006_01_ORIG_MID--AUDIO_23_R2_2006_01_Track01_wav,/Users/mymac/PycharmProjects/EEG-to-classical-music/data/maestro-v3.0.0/2006/MIDI-Unprocessed_23_R2_2006_01_ORIG_MID--AUDIO_23_R2_2006_01_Track01_wav.midi,HVHA,0.8006842928844589,predicted,stacked_v4_40dim
MIDI-Unprocessed_23_R2_2006_01_ORIG_MID--AUDIO_23_R2_2006_02_Track02_wav,/Users/mymac/PycharmProjects/EEG-to-classical-music/data/maestro-v3.0.0/2006/MIDI-Unprocessed_23_R2_2006_01_ORIG_MID--AUDIO_23_R2_2006_02_Track02_wav.midi,HVHA,0.6963671264528277,predicted,stacked_v4_40dim
MIDI-Unprocessed_23_R2_2006_01_ORIG_MID--AUDIO_23_R2_2006_03_Track03_wav,/Users/mymac/PycharmProjects/EEG-to-classical-music/data/maestro-v3.0.0/2006/MIDI-Unprocessed_23_R2_2006_01_ORIG_MID--AUDIO_23_R2_2006_03_Track03_wav.midi,HVHA,0.46153931747913396,predicted,stacked_v4_40dim
MIDI-Unprocessed_23_R2_2006_01_ORIG_MID--AUDIO_23_R2_2006_04_Track04_wav,/Users/mymac/PycharmProjects/EEG-to-classical-music/data/maestro-v3.0.0/2006/MIDI-Unprocessed_23_R2_2006_01_ORIG_MID--AUDIO_23_R2_2006_04_Track04_wav.midi,HVLA,0.6726099208713173,predicted,stacked_v4_40dim
MIDI-Unprocessed_083_PIANO083_MID--AUDIO-split_07-09-17_Piano-e_2_-06_wav--3,/Users/mymac/PycharmProjects/EEG-to-classical-music/data/maestro-v3.0.0/2017/MIDI-Unprocessed_083_PIANO083_MID--AUDIO-split_07-09-17_Piano-e_2_-06_wav--3.midi,HVHA,0.42510785501377785,predicted,stacked_v4_40dim
MIDI-Unprocessed_09_R2_2009_01_ORIG_MID--AUDIO_09_R2_2009_09_R2_2009_01_WAV,/Users/mymac/PycharmProjects/EEG-to-classical-music/data/maestro-v3.0.0/2009/MIDI-Unprocessed_09_R2_2009_01_ORIG_MID--AUDIO_09_R2_2009_09_R2_2009_01_WAV.midi,HVHA,0.8040985830700147,predicted,stacked_v4_40dim
MIDI-Unprocessed_09_R2_2009_01_ORIG_MID--AUDIO_09_R2_2009_09_R2_2009_02_WAV,/Users/mymac/PycharmProjects/EEG-to-classical-music/data/maestro-v3.0.0/2009/MIDI-Unprocessed_09_R2_2009_01_ORIG_MID--AUDIO_09_R2_2009_09_R2_2009_02_WAV.midi,HVHA,0.5564587815144931,predicted,stacked_v4_40dim
MIDI-Unprocessed_09_R2_2009_01_ORIG_MID--AUDIO_09_R2_2009_09_R2_2009_03_WAV,/Users/mymac/PycharmProjects/EEG-to-classical-music/data/maestro-v3.0.0/2009/MIDI-Unprocessed_09_R2_2009_01_ORIG_MID--AUDIO_09_R2_2009_09_R2_2009_03_WAV.midi,HVHA,0.3772891929989629,predicted,stacked_v4_40dim
MIDI-Unprocessed_09_R2_2009_01_ORIG_MID--AUDIO_09_R2_2009_09_R2_2009_04_WAV,/Users/mymac/PycharmProjects/EEG-to-classical-music/data/maestro-v3.0.0/2009/MIDI-Unprocessed_09_R2_2009_01_ORIG_MID--AUDIO_09_R2_2009_09_R2_2009_04_WAV.midi,HVLA,0.6431513444491264,predicted,stacked_v4_40dim
MIDI-Unprocessed_Recital9-11_MID--AUDIO_09_R1_2018_wav--1,/Users/mymac/PycharmProjects/EEG-to-classical-music/data/maestro-v3.0.0/2018/MIDI-Unprocessed_Recital9-11_MID--AUDIO_09_R1_2018_wav--1.midi,HVHA,0.6020247462201691,predicted,stacked_v4_40dim
MIDI-Unprocessed_Schubert1-3_MID--AUDIO_02_R2_2018_wav,/Users/mymac/PycharmProjects/EEG-to-classical-music/data/maestro-v3.0.0/2018/MIDI-Unprocessed_Schubert1-3_MID--AUDIO_02_R2_2018_wav.midi,HVHA,0.7846607179992696,predicted,stacked_v4_40dim
MIDI-UNPROCESSED_04-07-08-10-12-15-17_R2_2014_MID--AUDIO_15_R2_2014_wav,/Users/mymac/PycharmProjects/EEG-to-classical-music/data/maestro-v3.0.0/2014/MIDI-UNPROCESSED_04-07-08-10-12-15-17_R2_2014_MID--AUDIO_15_R2_2014_wav.midi,HVHA,0.8033736777584047,predicted,stacked_v4_40dim
MIDI-Unprocessed_21_R2_2009_01_ORIG_MID--AUDIO_21_R2_2009_21_R2_2009_01_WAV,/Users/mymac/PycharmProjects/EEG-to-classical-music/data/maestro-v3.0.0/2009/MIDI-Unprocessed_21_R2_2009_01_ORIG_MID--AUDIO_21_R2_2009_21_R2_2009_01_WAV.midi,HVHA,0.39320686666587024,predicted,stacked_v4_40dim
MIDI-Unprocessed_21_R2_2009_01_ORIG_MID--AUDIO_21_R2_2009_21_R2_2009_02_WAV,/Users/mymac/PycharmProjects/EEG-to-classical-music/data/maestro-v3.0.0/2009/MIDI-Unprocessed_21_R2_2009_01_ORIG_MID--AUDIO_21_R2_2009_21_R2_2009_02_WAV.midi,LVLA,0.657811740413479,predicted,stacked_v4_40dim
MIDI-Unprocessed_21_R2_2009_01_ORIG_MID--AUDIO_21_R2_2009_21_R2_2009_03_WAV,/Users/mymac/PycharmProjects/EEG-to-classical-music/data/maestro-v3.0.0/2009/MIDI-Unprocessed_21_R2_2009_01_ORIG_MID--AUDIO_21_R2_2009_21_R2_2009_03_WAV.midi,HVLA,0.7252076662694346,predicted,stacked_v4_40dim
MIDI-Unprocessed_21_R2_2009_01_ORIG_MID--AUDIO_21_R2_2009_21_R2_2009_04_WAV,/Users/mymac/PycharmProjects/EEG-to-classical-music/data/maestro-v3.0.0/2009/MIDI-Unprocessed_21_R2_2009_01_ORIG_MID--AUDIO_21_R2_2009_21_R2_2009_04_WAV.midi,HVHA,0.7586810916114,predicted,stacked_v4_40dim
MIDI-Unprocessed_10_R2_2009_01_ORIG_MID--AUDIO_10_R2_2009_10_R2_2009_01_WAV,/Users/mymac/PycharmProjects/EEG-to-classical-music/data/maestro-v3.0.0/2009/MIDI-Unprocessed_10_R2_2009_01_ORIG_MID--AUDIO_10_R2_2009_10_R2_2009_01_WAV.midi,LVLA,0.5048213117409848,predicted,stacked_v4_40dim
MIDI-UNPROCESSED_04-07-08-10-12-15-17_R2_2014_MID--AUDIO_04_R2_2014_wav,/Users/mymac/PycharmProjects/EEG-to-classical-music/data/maestro-v3.0.0/2014/MIDI-UNPROCESSED_04-07-08-10-12-15-17_R2_2014_MID--AUDIO_04_R2_2014_wav.midi,HVHA,0.7142239804169831,predicted,stacked_v4_40dim
MIDI-UNPROCESSED_04-07-08-10-12-15-17_R2_2014_MID--AUDIO_12_R2_2014_wav,/Users/mymac/PycharmProjects/EEG-to-classical-music/data/maestro-v3.0.0/2014/MIDI-UNPROCESSED_04-07-08-10-12-15-17_R2_2014_MID--AUDIO_12_R2_2014_wav.midi,HVHA,0.5469540984558524,predicted,stacked_v4_40dim
MIDI-Unprocessed_10_R2_2009_01_ORIG_MID--AUDIO_10_R2_2009_10_R2_2009_02_WAV,/Users/mymac/PycharmProjects/EEG-to-classical-music/data/maestro-v3.0.0/2009/MIDI-Unprocessed_10_R2_2009_01_ORIG_MID--AUDIO_10_R2_2009_10_R2_2009_02_WAV.midi,LVLA,0.7199584210143436,predicted,stacked_v4_40dim
MIDI-Unprocessed_10_R2_2009_01_ORIG_MID--AUDIO_10_R2_2009_10_R2_2009_03_WAV,/Users/mymac/PycharmProjects/EEG-to-classical-music/data/maestro-v3.0.0/2009/MIDI-Unprocessed_10_R2_2009_01_ORIG_MID--AUDIO_10_R2_2009_10_R2_2009_03_WAV.midi,HVLA,0.6080078206361241,predicted,stacked_v4_40dim
MIDI-Unprocessed_10_R2_2009_01_ORIG_MID--AUDIO_10_R2_2009_10_R2_2009_04_WAV,/Users/mymac/PycharmProjects/EEG-to-classical-music/data/maestro-v3.0.0/2009/MIDI-Unprocessed_10_R2_2009_01_ORIG_MID--AUDIO_10_R2_2009_10_R2_2009_04_WAV.midi,HVHA,0.7993692514470091,predicted,stacked_v4_40dim
MIDI-Unprocessed_XP_14_R2_2004_01_ORIG_MID--AUDIO_14_R2_2004_01_Track01_wav,/Users/mymac/PycharmProjects/EEG-to-classical-music/data/maestro-v3.0.0/2004/MIDI-Unprocessed_XP_14_R2_2004_01_ORIG_MID--AUDIO_14_R2_2004_01_Track01_wav.midi,HVHA,0.33298820793981265,predicted,stacked_v4_40dim
MIDI-Unprocessed_XP_14_R2_2004_01_ORIG_MID--AUDIO_14_R2_2004_02_Track02_wav,/Users/mymac/PycharmProjects/EEG-to-classical-music/data/maestro-v3.0.0/2004/MIDI-Unprocessed_XP_14_R2_2004_01_ORIG_MID--AUDIO_14_R2_2004_02_Track02_wav.midi,LVLA,0.6845017457053914,predicted,stacked_v4_40dim
MIDI-Unprocessed_XP_14_R2_2004_01_ORIG_MID--AUDIO_14_R2_2004_03_Track03_wav,/Users/mymac/PycharmProjects/EEG-to-classical-music/data/maestro-v3.0.0/2004/MIDI-Unprocessed_XP_14_R2_2004_01_ORIG_MID--AUDIO_14_R2_2004_03_Track03_wav.midi,HVLA,0.5709650139218267,predicted,stacked_v4_40dim
MIDI-Unprocessed_XP_14_R2_2004_01_ORIG_MID--AUDIO_14_R2_2004_04_Track04_wav,/Users/mymac/PycharmProjects/EEG-to-classical-music/data/maestro-v3.0.0/2004/MIDI-Unprocessed_XP_14_R2_2004_01_ORIG_MID--AUDIO_14_R2_2004_04_Track04_wav.midi,HVHA,0.784317335781621,predicted,stacked_v4_40dim
MIDI-Unprocessed_XP_16_R2_2004_01_ORIG_MID--AUDIO_16_R2_2004_01_Track01_wav,/Users/mymac/PycharmProjects/EEG-to-classical-music/data/maestro-v3.0.0/2004/MIDI-Unprocessed_XP_16_R2_2004_01_ORIG_MID--AUDIO_16_R2_2004_01_Track01_wav.midi,HVHA,0.39514639341990565,predicted,stacked_v4_40dim
MIDI-Unprocessed_XP_16_R2_2004_01_ORIG_MID--AUDIO_16_R2_2004_02_Track02_wav,/Users/mymac/PycharmProjects/EEG-to-classical-music/data/maestro-v3.0.0/2004/MIDI-Unprocessed_XP_16_R2_2004_01_ORIG_MID--AUDIO_16_R2_2004_02_Track02_wav.midi,LVLA,0.6999075783768325,predicted,stacked_v4_40dim
MIDI-Unprocessed_XP_16_R2_2004_01_ORIG_MID--AUDIO_16_R2_2004_03_Track03_wav,/Users/mymac/PycharmProjects/EEG-to-classical-music/data/maestro-v3.0.0/2004/MIDI-Unprocessed_XP_16_R2_2004_01_ORIG_MID--AUDIO_16_R2_2004_03_Track03_wav.midi,HVLA,0.5585611307987651,predicted,stacked_v4_40dim
MIDI-Unprocessed_XP_16_R2_2004_01_ORIG_MID--AUDIO_16_R2_2004_04_Track04_wav,/Users/mymac/PycharmProjects/EEG-to-classical-music/data/maestro-v3.0.0/2004/MIDI-Unprocessed_XP_16_R2_2004_01_ORIG_MID--AUDIO_16_R2_2004_04_Track04_wav.midi,HVHA,0.7693551165059023,predicted,stacked_v4_40dim
MIDI-Unprocessed_Schubert4-6_MID--AUDIO_09_R2_2018_wav,/Users/mymac/PycharmProjects/EEG-to-classical-music/data/maestro-v3.0.0/2018/MIDI-Unprocessed_Schubert4-6_MID--AUDIO_09_R2_2018_wav.midi,HVHA,0.7067983435695385,predicted,stacked_v4_40dim
MIDI-Unprocessed_Schubert4-6_MID--AUDIO_10_R2_2018_wav,/Users/mymac/PycharmProjects/EEG-to-classical-music/data/maestro-v3.0.0/2018/MIDI-Unprocessed_Schubert4-6_MID--AUDIO_10_R2_2018_wav.midi,HVHA,0.638698783516172,predicted,stacked_v4_40dim
MIDI-Unprocessed_17_R2_2009_01_ORIG_MID--AUDIO_17_R2_2009_17_R2_2009_01_WAV,/Users/mymac/PycharmProjects/EEG-to-classical-music/data/maestro-v3.0.0/2009/MIDI-Unprocessed_17_R2_2009_01_ORIG_MID--AUDIO_17_R2_2009_17_R2_2009_01_WAV.midi,HVHA,0.45330362692449955,predicted,stacked_v4_40dim
MIDI-Unprocessed_17_R2_2009_01_ORIG_MID--AUDIO_17_R2_2009_17_R2_2009_02_WAV,/Users/mymac/PycharmProjects/EEG-to-classical-music/data/maestro-v3.0.0/2009/MIDI-Unprocessed_17_R2_2009_01_ORIG_MID--AUDIO_17_R2_2009_17_R2_2009_02_WAV.midi,LVLA,0.3959186030534063,predicted,stacked_v4_40dim
MIDI-Unprocessed_17_R2_2009_01_ORIG_MID--AUDIO_17_R2_2009_17_R2_2009_03_WAV,/Users/mymac/PycharmProjects/EEG-to-classical-music/data/maestro-v3.0.0/2009/MIDI-Unprocessed_17_R2_2009_01_ORIG_MID--AUDIO_17_R2_2009_17_R2_2009_03_WAV.midi,HVHA,0.6329764794725641,predicted,stacked_v4_40dim
MIDI-Unprocessed_17_R2_2009_01_ORIG_MID--AUDIO_17_R2_2009_17_R2_2009_04_WAV,/Users/mymac/PycharmProjects/EEG-to-classical-music/data/maestro-v3.0.0/2009/MIDI-Unprocessed_17_R2_2009_01_ORIG_MID--AUDIO_17_R2_2009_17_R2_2009_04_WAV.midi,HVLA,0.694090529510077,predicted,stacked_v4_40dim
MIDI-Unprocessed_16_R2_2009_01_ORIG_MID--AUDIO_16_R2_2009_16_R2_2009_01_WAV,/Users/mymac/PycharmProjects/EEG-to-classical-music/data/maestro-v3.0.0/2009/MIDI-Unprocessed_16_R2_2009_01_ORIG_MID--AUDIO_16_R2_2009_16_R2_2009_01_WAV.midi,HVHA,0.6746581636655741,predicted,stacked_v4_40dim
MIDI-Unprocessed_16_R2_2009_01_ORIG_MID--AUDIO_16_R2_2009_16_R2_2009_02_WAV,/Users/mymac/PycharmProjects/EEG-to-classical-music/data/maestro-v3.0.0/2009/MIDI-Unprocessed_16_R2_2009_01_ORIG_MID--AUDIO_16_R2_2009_16_R2_2009_02_WAV.midi,LVLA,0.30682975991207057,predicted,stacked_v4_40dim
MIDI-Unprocessed_16_R2_2009_01_ORIG_MID--AUDIO_16_R2_2009_16_R2_2009_03_WAV,/Users/mymac/PycharmProjects/EEG-to-classical-music/data/maestro-v3.0.0/2009/MIDI-Unprocessed_16_R2_2009_01_ORIG_MID--AUDIO_16_R2_2009_16_R2_2009_03_WAV.midi,HVHA,0.4228730123869227,predicted,stacked_v4_40dim
MIDI-Unprocessed_16_R2_2009_01_ORIG_MID--AUDIO_16_R2_2009_16_R2_2009_04_WAV,/Users/mymac/PycharmProjects/EEG-to-classical-music/data/maestro-v3.0.0/2009/MIDI-Unprocessed_16_R2_2009_01_ORIG_MID--AUDIO_16_R2_2009_16_R2_2009_04_WAV.midi,HVHA,0.7503730607838022,predicted,stacked_v4_40dim
MIDI-Unprocessed_07_R2_2009_01_ORIG_MID--AUDIO_07_R2_2009_07_R2_2009_01_WAV,/Users/mymac/PycharmProjects/EEG-to-classical-music/data/maestro-v3.0.0/2009/MIDI-Unprocessed_07_R2_2009_01_ORIG_MID--AUDIO_07_R2_2009_07_R2_2009_01_WAV.midi,HVHA,0.5253904695939388,predicted,stacked_v4_40dim
MIDI-Unprocessed_12_R2_2009_01_ORIG_MID--AUDIO_12_R2_2009_12_R2_2009_01_WAV,/Users/mymac/PycharmProjects/EEG-to-classical-music/data/maestro-v3.0.0/2009/MIDI-Unprocessed_12_R2_2009_01_ORIG_MID--AUDIO_12_R2_2009_12_R2_2009_01_WAV.midi,HVHA,0.47491876945832584,predicted,stacked_v4_40dim
MIDI-UNPROCESSED_04-07-08-10-12-15-17_R2_2014_MID--AUDIO_07_R2_2014_wav,/Users/mymac/PycharmProjects/EEG-to-classical-music/data/maestro-v3.0.0/2014/MIDI-UNPROCESSED_04-07-08-10-12-15-17_R2_2014_MID--AUDIO_07_R2_2014_wav.midi,HVHA,0.6025512054515694,predicted,stacked_v4_40dim
MIDI-UNPROCESSED_19-20-21_R2_2014_MID--AUDIO_21_R2_2014_wav,/Users/mymac/PycharmProjects/EEG-to-classical-music/data/maestro-v3.0.0/2014/MIDI-UNPROCESSED_19-20-21_R2_2014_MID--AUDIO_21_R2_2014_wav.midi,HVHA,0.6140911663649764,predicted,stacked_v4_40dim
MIDI-Unprocessed_07_R2_2009_01_ORIG_MID--AUDIO_07_R2_2009_07_R2_2009_02_WAV,/Users/mymac/PycharmProjects/EEG-to-classical-music/data/maestro-v3.0.0/2009/MIDI-Unprocessed_07_R2_2009_01_ORIG_MID--AUDIO_07_R2_2009_07_R2_2009_02_WAV.midi,LVLA,0.3166356566288528,predicted,stacked_v4_40dim
MIDI-Unprocessed_12_R2_2009_01_ORIG_MID--AUDIO_12_R2_2009_12_R2_2009_02_WAV,/Users/mymac/PycharmProjects/EEG-to-classical-music/data/maestro-v3.0.0/2009/MIDI-Unprocessed_12_R2_2009_01_ORIG_MID--AUDIO_12_R2_2009_12_R2_2009_02_WAV.midi,LVHA,0.4484267258625633,predicted,stacked_v4_40dim
MIDI-Unprocessed_07_R2_2009_01_ORIG_MID--AUDIO_07_R2_2009_07_R2_2009_03_WAV,/Users/mymac/PycharmProjects/EEG-to-classical-music/data/maestro-v3.0.0/2009/MIDI-Unprocessed_07_R2_2009_01_ORIG_MID--AUDIO_07_R2_2009_07_R2_2009_03_WAV.midi,HVHA,0.8338704454946788,predicted,stacked_v4_40dim
MIDI-Unprocessed_12_R2_2009_01_ORIG_MID--AUDIO_12_R2_2009_12_R2_2009_03_WAV,/Users/mymac/PycharmProjects/EEG-to-classical-music/data/maestro-v3.0.0/2009/MIDI-Unprocessed_12_R2_2009_01_ORIG_MID--AUDIO_12_R2_2009_12_R2_2009_03_WAV.midi,HVHA,0.8315115136044359,predicted,stacked_v4_40dim
MIDI-Unprocessed_07_R2_2009_01_ORIG_MID--AUDIO_07_R2_2009_07_R2_2009_04_WAV,/Users/mymac/PycharmProjects/EEG-to-classical-music/data/maestro-v3.0.0/2009/MIDI-Unprocessed_07_R2_2009_01_ORIG_MID--AUDIO_07_R2_2009_07_R2_2009_04_WAV.midi,HVLA,0.6640896004658035,predicted,stacked_v4_40dim
MIDI-Unprocessed_12_R2_2009_01_ORIG_MID--AUDIO_12_R2_2009_12_R2_2009_04_WAV,/Users/mymac/PycharmProjects/EEG-to-classical-music/data/maestro-v3.0.0/2009/MIDI-Unprocessed_12_R2_2009_01_ORIG_MID--AUDIO_12_R2_2009_12_R2_2009_04_WAV.midi,HVLA,0.6036625535145768,predicted,stacked_v4_40dim
MIDI-Unprocessed_XP_06_R2_2004_01_ORIG_MID--AUDIO_06_R2_2004_01_Track01_wav,/Users/mymac/PycharmProjects/EEG-to-classical-music/data/maestro-v3.0.0/2004/MIDI-Unprocessed_XP_06_R2_2004_01_ORIG_MID--AUDIO_06_R2_2004_01_Track01_wav.midi,HVHA,0.4930839171197123,predicted,stacked_v4_40dim
MIDI-Unprocessed_XP_06_R2_2004_01_ORIG_MID--AUDIO_06_R2_2004_02_Track02_wav,/Users/mymac/PycharmProjects/EEG-to-classical-music/data/maestro-v3.0.0/2004/MIDI-Unprocessed_XP_06_R2_2004_01_ORIG_MID--AUDIO_06_R2_2004_02_Track02_wav.midi,LVHA,0.42333101275229923,predicted,stacked_v4_40dim
MIDI-Unprocessed_XP_06_R2_2004_01_ORIG_MID--AUDIO_06_R2_2004_03_Track03_wav,/Users/mymac/PycharmProjects/EEG-to-classical-music/data/maestro-v3.0.0/2004/MIDI-Unprocessed_XP_06_R2_2004_01_ORIG_MID--AUDIO_06_R2_2004_03_Track03_wav.midi,HVLA,0.5105716501466049,predicted,stacked_v4_40dim
MIDI-Unprocessed_XP_19_R2_2004_01_ORIG_MID--AUDIO_19_R2_2004_01_Track01_wav,/Users/mymac/PycharmProjects/EEG-to-classical-music/data/maestro-v3.0.0/2004/MIDI-Unprocessed_XP_19_R2_2004_01_ORIG_MID--AUDIO_19_R2_2004_01_Track01_wav.midi,HVHA,0.4628660109588263,predicted,stacked_v4_40dim
MIDI-Unprocessed_XP_19_R2_2004_01_ORIG_MID--AUDIO_19_R2_2004_02_Track02_wav,/Users/mymac/PycharmProjects/EEG-to-classical-music/data/maestro-v3.0.0/2004/MIDI-Unprocessed_XP_19_R2_2004_01_ORIG_MID--AUDIO_19_R2_2004_02_Track02_wav.midi,LVHA,0.3181307894581425,predicted,stacked_v4_40dim
MIDI-Unprocessed_XP_19_R2_2004_01_ORIG_MID--AUDIO_19_R2_2004_03_Track03_wav,/Users/mymac/PycharmProjects/EEG-to-classical-music/data/maestro-v3.0.0/2004/MIDI-Unprocessed_XP_19_R2_2004_01_ORIG_MID--AUDIO_19_R2_2004_03_Track03_wav.midi,HVLA,0.5120554653570989,predicted,stacked_v4_40dim
MIDI-Unprocessed_XP_22_R2_2004_01_ORIG_MID--AUDIO_22_R2_2004_01_Track01_wav,/Users/mymac/PycharmProjects/EEG-to-classical-music/data/maestro-v3.0.0/2004/MIDI-Unprocessed_XP_22_R2_2004_01_ORIG_MID--AUDIO_22_R2_2004_01_Track01_wav.midi,HVHA,0.4430916264856179,predicted,stacked_v4_40dim
MIDI-Unprocessed_XP_22_R2_2004_01_ORIG_MID--AUDIO_22_R2_2004_02_Track02_wav,/Users/mymac/PycharmProjects/EEG-to-classical-music/data/maestro-v3.0.0/2004/MIDI-Unprocessed_XP_22_R2_2004_01_ORIG_MID--AUDIO_22_R2_2004_02_Track02_wav.midi,LVHA,0.41577520287341013,predicted,stacked_v4_40dim
MIDI-Unprocessed_XP_22_R2_2004_01_ORIG_MID--AUDIO_22_R2_2004_03_Track03_wav,/Users/mymac/PycharmProjects/EEG-to-classical-music/data/maestro-v3.0.0/2004/MIDI-Unprocessed_XP_22_R2_2004_01_ORIG_MID--AUDIO_22_R2_2004_03_Track03_wav.midi,HVHA,0.7332250681681458,predicted,stacked_v4_40dim
MIDI-Unprocessed_XP_22_R2_2004_01_ORIG_MID--AUDIO_22_R2_2004_04_Track04_wav,/Users/mymac/PycharmProjects/EEG-to-classical-music/data/maestro-v3.0.0/2004/MIDI-Unprocessed_XP_22_R2_2004_01_ORIG_MID--AUDIO_22_R2_2004_04_Track04_wav.midi,HVLA,0.6007852629424136,predicted,stacked_v4_40dim
MIDI-Unprocessed_Schubert1-3_MID--AUDIO_05_R2_2018_wav,/Users/mymac/PycharmProjects/EEG-to-classical-music/data/maestro-v3.0.0/2018/MIDI-Unprocessed_Schubert1-3_MID--AUDIO_05_R2_2018_wav.midi,HVHA,0.5794829834729215,predicted,stacked_v4_40dim
MIDI-Unprocessed_Schubert4-6_MID--AUDIO_08_R2_2018_wav,/Users/mymac/PycharmProjects/EEG-to-classical-music/data/maestro-v3.0.0/2018/MIDI-Unprocessed_Schubert4-6_MID--AUDIO_08_R2_2018_wav.midi,HVHA,0.5485025116910772,predicted,stacked_v4_40dim
MIDI-Unprocessed_Schubert7-9_MID--AUDIO_11_R2_2018_wav,/Users/mymac/PycharmProjects/EEG-to-classical-music/data/maestro-v3.0.0/2018/MIDI-Unprocessed_Schubert7-9_MID--AUDIO_11_R2_2018_wav.midi,HVHA,0.5903083418774067,predicted,stacked_v4_40dim
MIDI-Unprocessed_Schubert7-9_MID--AUDIO_16_R2_2018_wav,/Users/mymac/PycharmProjects/EEG-to-classical-music/data/maestro-v3.0.0/2018/MIDI-Unprocessed_Schubert7-9_MID--AUDIO_16_R2_2018_wav.midi,HVHA,0.5702487234287029,predicted,stacked_v4_40dim
MIDI-UNPROCESSED_19-20-21_R2_2014_MID--AUDIO_20_R2_2014_wav,/Users/mymac/PycharmProjects/EEG-to-classical-music/data/maestro-v3.0.0/2014/MIDI-UNPROCESSED_19-20-21_R2_2014_MID--AUDIO_20_R2_2014_wav.midi,HVHA,0.6772973591299708,predicted,stacked_v4_40dim
MIDI-UNPROCESSED_04-07-08-10-12-15-17_R2_2014_MID--AUDIO_10_R2_2014_wav,/Users/mymac/PycharmProjects/EEG-to-classical-music/data/maestro-v3.0.0/2014/MIDI-UNPROCESSED_04-07-08-10-12-15-17_R2_2014_MID--AUDIO_10_R2_2014_wav.midi,HVHA,0.8389062977438261,predicted,stacked_v4_40dim
MIDI-Unprocessed_XP_15_R2_2004_01_ORIG_MID--AUDIO_15_R2_2004_01_Track01_wav,/Users/mymac/PycharmProjects/EEG-to-classical-music/data/maestro-v3.0.0/2004/MIDI-Unprocessed_XP_15_R2_2004_01_ORIG_MID--AUDIO_15_R2_2004_01_Track01_wav.midi,HVHA,0.7215754428675366,predicted,stacked_v4_40dim
MIDI-Unprocessed_XP_15_R2_2004_01_ORIG_MID--AUDIO_15_R2_2004_02_Track02_wav,/Users/mymac/PycharmProjects/EEG-to-classical-music/data/maestro-v3.0.0/2004/MIDI-Unprocessed_XP_15_R2_2004_01_ORIG_MID--AUDIO_15_R2_2004_02_Track02_wav.midi,HVHA,0.5279849223048239,predicted,stacked_v4_40dim
MIDI-Unprocessed_XP_15_R2_2004_01_ORIG_MID--AUDIO_15_R2_2004_03_Track03_wav,/Users/mymac/PycharmProjects/EEG-to-classical-music/data/maestro-v3.0.0/2004/MIDI-Unprocessed_XP_15_R2_2004_01_ORIG_MID--AUDIO_15_R2_2004_03_Track03_wav.midi,HVHA,0.7903183625316527,predicted,stacked_v4_40dim
MIDI-Unprocessed_XP_15_R2_2004_01_ORIG_MID--AUDIO_15_R2_2004_04_Track04_wav,/Users/mymac/PycharmProjects/EEG-to-classical-music/data/maestro-v3.0.0/2004/MIDI-Unprocessed_XP_15_R2_2004_01_ORIG_MID--AUDIO_15_R2_2004_04_Track04_wav.midi,HVHA,0.7616101146595088,predicted,stacked_v4_40dim
MIDI-Unprocessed_Schubert10-12_MID--AUDIO_20_R2_2018_wav,/Users/mymac/PycharmProjects/EEG-to-classical-music/data/maestro-v3.0.0/2018/MIDI-Unprocessed_Schubert10-12_MID--AUDIO_20_R2_2018_wav.midi,HVHA,0.8054060931306599,predicted,stacked_v4_40dim
MIDI-Unprocessed_Schubert7-9_MID--AUDIO_15_R2_2018_wav,/Users/mymac/PycharmProjects/EEG-to-classical-music/data/maestro-v3.0.0/2018/MIDI-Unprocessed_Schubert7-9_MID--AUDIO_15_R2_2018_wav.midi,HVHA,0.7003295381870018,predicted,stacked_v4_40dim
MIDI-Unprocessed_Schubert10-12_MID--AUDIO_17_R2_2018_wav,/Users/mymac/PycharmProjects/EEG-to-classical-music/data/maestro-v3.0.0/2018/MIDI-Unprocessed_Schubert10-12_MID--AUDIO_17_R2_2018_wav.midi,HVHA,0.6998966574553354,predicted,stacked_v4_40dim
MIDI-Unprocessed_Schubert10-12_MID--AUDIO_18_R2_2018_wav,/Users/mymac/PycharmProjects/EEG-to-classical-music/data/maestro-v3.0.0/2018/MIDI-Unprocessed_Schubert10-12_MID--AUDIO_18_R2_2018_wav.midi,HVHA,0.7735445947924321,predicted,stacked_v4_40dim
MIDI-Unprocessed_XP_17_R2_2004_01_ORIG_MID--AUDIO_17_R2_2004_01_Track01_wav,/Users/mymac/PycharmProjects/EEG-to-classical-music/data/maestro-v3.0.0/2004/MIDI-Unprocessed_XP_17_R2_2004_01_ORIG_MID--AUDIO_17_R2_2004_01_Track01_wav.midi,HVHA,0.3523241117005056,predicted,stacked_v4_40dim
MIDI-Unprocessed_XP_17_R2_2004_01_ORIG_MID--AUDIO_17_R2_2004_02_Track02_wav,/Users/mymac/PycharmProjects/EEG-to-classical-music/data/maestro-v3.0.0/2004/MIDI-Unprocessed_XP_17_R2_2004_01_ORIG_MID--AUDIO_17_R2_2004_02_Track02_wav.midi,LVLA,0.38972445352453994,predicted,stacked_v4_40dim
MIDI-Unprocessed_XP_17_R2_2004_01_ORIG_MID--AUDIO_17_R2_2004_03_Track03_wav,/Users/mymac/PycharmProjects/EEG-to-classical-music/data/maestro-v3.0.0/2004/MIDI-Unprocessed_XP_17_R2_2004_01_ORIG_MID--AUDIO_17_R2_2004_03_Track03_wav.midi,LVLA,0.39358313675375073,predicted,stacked_v4_40dim
MIDI-Unprocessed_XP_17_R2_2004_01_ORIG_MID--AUDIO_17_R2_2004_04_Track04_wav,/Users/mymac/PycharmProjects/EEG-to-classical-music/data/maestro-v3.0.0/2004/MIDI-Unprocessed_XP_17_R2_2004_01_ORIG_MID--AUDIO_17_R2_2004_04_Track04_wav.midi,HVHA,0.5031233808911764,predicted,stacked_v4_40dim
MIDI-Unprocessed_08_R2_2009_01_ORIG_MID--AUDIO_08_R2_2009_08_R2_2009_01_WAV,/Users/mymac/PycharmProjects/EEG-to-classical-music/data/maestro-v3.0.0/2009/MIDI-Unprocessed_08_R2_2009_01_ORIG_MID--AUDIO_08_R2_2009_08_R2_2009_01_WAV.midi,HVHA,0.6482548433092109,predicted,stacked_v4_40dim
MIDI-Unprocessed_19_R2_2009_01_ORIG_MID--AUDIO_19_R2_2009_19_R2_2009_01_WAV,/Users/mymac/PycharmProjects/EEG-to-classical-music/data/maestro-v3.0.0/2009/MIDI-Unprocessed_19_R2_2009_01_ORIG_MID--AUDIO_19_R2_2009_19_R2_2009_01_WAV.midi,HVHA,0.6684442706111309,predicted,stacked_v4_40dim
MIDI-Unprocessed_08_R2_2009_01_ORIG_MID--AUDIO_08_R2_2009_08_R2_2009_02_WAV,/Users/mymac/PycharmProjects/EEG-to-classical-music/data/maestro-v3.0.0/2009/MIDI-Unprocessed_08_R2_2009_01_ORIG_MID--AUDIO_08_R2_2009_08_R2_2009_02_WAV.midi,HVHA,0.509066018690605,predicted,stacked_v4_40dim
MIDI-Unprocessed_19_R2_2009_01_ORIG_MID--AUDIO_19_R2_2009_19_R2_2009_02_WAV,/Users/mymac/PycharmProjects/EEG-to-classical-music/data/maestro-v3.0.0/2009/MIDI-Unprocessed_19_R2_2009_01_ORIG_MID--AUDIO_19_R2_2009_19_R2_2009_02_WAV.midi,HVHA,0.4711401995868376,predicted,stacked_v4_40dim
MIDI-Unprocessed_08_R2_2009_01_ORIG_MID--AUDIO_08_R2_2009_08_R2_2009_03_WAV,/Users/mymac/PycharmProjects/EEG-to-classical-music/data/maestro-v3.0.0/2009/MIDI-Unprocessed_08_R2_2009_01_ORIG_MID--AUDIO_08_R2_2009_08_R2_2009_03_WAV.midi,HVHA,0.37862492727078106,predicted,stacked_v4_40dim
MIDI-Unprocessed_19_R2_2009_01_ORIG_MID--AUDIO_19_R2_2009_19_R2_2009_03_WAV,/Users/mymac/PycharmProjects/EEG-to-classical-music/data/maestro-v3.0.0/2009/MIDI-Unprocessed_19_R2_2009_01_ORIG_MID--AUDIO_19_R2_2009_19_R2_2009_03_WAV.midi,HVHA,0.4416849707331443,predicted,stacked_v4_40dim
MIDI-Unprocessed_08_R2_2009_01_ORIG_MID--AUDIO_08_R2_2009_08_R2_2009_04_WAV,/Users/mymac/PycharmProjects/EEG-to-classical-music/data/maestro-v3.0.0/2009/MIDI-Unprocessed_08_R2_2009_01_ORIG_MID--AUDIO_08_R2_2009_08_R2_2009_04_WAV.midi,HVHA,0.7065320724317006,predicted,stacked_v4_40dim
MIDI-Unprocessed_19_R2_2009_01_ORIG_MID--AUDIO_19_R2_2009_19_R2_2009_04_WAV,/Users/mymac/PycharmProjects/EEG-to-classical-music/data/maestro-v3.0.0/2009/MIDI-Unprocessed_19_R2_2009_01_ORIG_MID--AUDIO_19_R2_2009_19_R2_2009_04_WAV.midi,HVHA,0.6843042978205692,predicted,stacked_v4_40dim
MIDI-Unprocessed_XP_04_R2_2004_01_ORIG_MID--AUDIO_04_R2_2004_01_Track01_wav,/Users/mymac/PycharmProjects/EEG-to-classical-music/data/maestro-v3.0.0/2004/MIDI-Unprocessed_XP_04_R2_2004_01_ORIG_MID--AUDIO_04_R2_2004_01_Track01_wav.midi,LVLA,0.3895885211435178,predicted,stacked_v4_40dim
MIDI-Unprocessed_XP_04_R2_2004_01_ORIG_MID--AUDIO_04_R2_2004_02_Track02_wav,/Users/mymac/PycharmProjects/EEG-to-classical-music/data/maestro-v3.0.0/2004/MIDI-Unprocessed_XP_04_R2_2004_01_ORIG_MID--AUDIO_04_R2_2004_02_Track02_wav.midi,HVHA,0.5750105342202799,predicted,stacked_v4_40dim
MIDI-Unprocessed_XP_20_R2_2004_01_ORIG_MID--AUDIO_20_R1_2004_01_Track01_wav,/Users/mymac/PycharmProjects/EEG-to-classical-music/data/maestro-v3.0.0/2004/MIDI-Unprocessed_XP_20_R2_2004_01_ORIG_MID--AUDIO_20_R1_2004_01_Track01_wav.midi,HVHA,0.7396477459419688,predicted,stacked_v4_40dim
MIDI-Unprocessed_XP_20_R2_2004_01_ORIG_MID--AUDIO_20_R1_2004_02_Track02_wav,/Users/mymac/PycharmProjects/EEG-to-classical-music/data/maestro-v3.0.0/2004/MIDI-Unprocessed_XP_20_R2_2004_01_ORIG_MID--AUDIO_20_R1_2004_02_Track02_wav.midi,HVHA,0.5637473079392609,predicted,stacked_v4_40dim
MIDI-Unprocessed_XP_20_R2_2004_01_ORIG_MID--AUDIO_20_R1_2004_03_Track03_wav,/Users/mymac/PycharmProjects/EEG-to-classical-music/data/maestro-v3.0.0/2004/MIDI-Unprocessed_XP_20_R2_2004_01_ORIG_MID--AUDIO_20_R1_2004_03_Track03_wav.midi,HVHA,0.7501409556636784,predicted,stacked_v4_40dim
MIDI-Unprocessed_03_R1_2009_03-08_ORIG_MID--AUDIO_03_R1_2009_03_R1_2009_03_WAV,/Users/mymac/PycharmProjects/EEG-to-classical-music/data/maestro-v3.0.0/2009/MIDI-Unprocessed_03_R1_2009_03-08_ORIG_MID--AUDIO_03_R1_2009_03_R1_2009_03_WAV.midi,HVHA,0.7818693911763847,predicted,stacked_v4_40dim
MIDI-Unprocessed_10_R1_2006_01-04_ORIG_MID--AUDIO_10_R1_2006_03_Track03_wav,/Users/mymac/PycharmProjects/EEG-to-classical-music/data/maestro-v3.0.0/2006/MIDI-Unprocessed_10_R1_2006_01-04_ORIG_MID--AUDIO_10_R1_2006_03_Track03_wav.midi,HVLA,0.7278968332951096,predicted,stacked_v4_40dim
MIDI-Unprocessed_Recital9-11_MID--AUDIO_09_R1_2018_wav--3,/Users/mymac/PycharmProjects/EEG-to-classical-music/data/maestro-v3.0.0/2018/MIDI-Unprocessed_Recital9-11_MID--AUDIO_09_R1_2018_wav--3.midi,LVHA,0.3449885448253244,predicted,stacked_v4_40dim
MIDI-Unprocessed_03_R2_2011_MID--AUDIO_R2-D1_08_Track08_wav,/Users/mymac/PycharmProjects/EEG-to-classical-music/data/maestro-v3.0.0/2011/MIDI-Unprocessed_03_R2_2011_MID--AUDIO_R2-D1_08_Track08_wav.midi,HVHA,0.770822041087474,predicted,stacked_v4_40dim
MIDI-Unprocessed_11_R1_2006_01-06_ORIG_MID--AUDIO_11_R1_2006_04_Track04_wav,/Users/mymac/PycharmProjects/EEG-to-classical-music/data/maestro-v3.0.0/2006/MIDI-Unprocessed_11_R1_2006_01-06_ORIG_MID--AUDIO_11_R1_2006_04_Track04_wav.midi,HVLA,0.2956065797696256,predicted,stacked_v4_40dim
MIDI-Unprocessed_Recital9-11_MID--AUDIO_09_R1_2018_wav--2,/Users/mymac/PycharmProjects/EEG-to-classical-music/data/maestro-v3.0.0/2018/MIDI-Unprocessed_Recital9-11_MID--AUDIO_09_R1_2018_wav--2.midi,HVLA,0.5451342830349657,predicted,stacked_v4_40dim
MIDI-Unprocessed_XP_18_R1_2004_01-02_ORIG_MID--AUDIO_18_R1_2004_02_Track02_wav,/Users/mymac/PycharmProjects/EEG-to-classical-music/data/maestro-v3.0.0/2004/MIDI-Unprocessed_XP_18_R1_2004_01-02_ORIG_MID--AUDIO_18_R1_2004_02_Track02_wav.midi,HVLA,0.450492358642367,predicted,stacked_v4_40dim
MIDI-Unprocessed_XP_18_R1_2004_01-02_ORIG_MID--AUDIO_18_R1_2004_03_Track03_wav,/Users/mymac/PycharmProjects/EEG-to-classical-music/data/maestro-v3.0.0/2004/MIDI-Unprocessed_XP_18_R1_2004_01-02_ORIG_MID--AUDIO_18_R1_2004_03_Track03_wav.midi,HVLA,0.32905470797293573,predicted,stacked_v4_40dim
MIDI-Unprocessed_XP_18_R1_2004_01-02_ORIG_MID--AUDIO_18_R1_2004_04_Track04_wav,/Users/mymac/PycharmProjects/EEG-to-classical-music/data/maestro-v3.0.0/2004/MIDI-Unprocessed_XP_18_R1_2004_01-02_ORIG_MID--AUDIO_18_R1_2004_04_Track04_wav.midi,HVHA,0.3651758290613727,predicted,stacked_v4_40dim
MIDI-Unprocessed_XP_18_R1_2004_01-02_ORIG_MID--AUDIO_18_R1_2004_05_Track05_wav,/Users/mymac/PycharmProjects/EEG-to-classical-music/data/maestro-v3.0.0/2004/MIDI-Unprocessed_XP_18_R1_2004_01-02_ORIG_MID--AUDIO_18_R1_2004_05_Track05_wav.midi,HVLA,0.6550184289133794,predicted,stacked_v4_40dim
MIDI-Unprocessed_25_R2_2011_MID--AUDIO_R2-D6_08_Track08_wav,/Users/mymac/PycharmProjects/EEG-to-classical-music/data/maestro-v3.0.0/2011/MIDI-Unprocessed_25_R2_2011_MID--AUDIO_R2-D6_08_Track08_wav.midi,LVHA,0.4747285041421277,predicted,stacked_v4_40dim
MIDI-Unprocessed_12_R2_2011_MID--AUDIO_R2-D4_05_Track05_wav,/Users/mymac/PycharmProjects/EEG-to-classical-music/data/maestro-v3.0.0/2011/MIDI-Unprocessed_12_R2_2011_MID--AUDIO_R2-D4_05_Track05_wav.midi,HVHA,0.6017263686377475,predicted,stacked_v4_40dim
MIDI-Unprocessed_R1_D2-21-22_mid--AUDIO-from_mp3_21_R1_2015_wav--4,/Users/mymac/PycharmProjects/EEG-to-classical-music/data/maestro-v3.0.0/2015/MIDI-Unprocessed_R1_D2-21-22_mid--AUDIO-from_mp3_21_R1_2015_wav--4.midi,HVHA,0.42033837526411116,predicted,stacked_v4_40dim
MIDI-Unprocessed_17_R2_2011_MID--AUDIO_R2-D5_06_Track06_wav,/Users/mymac/PycharmProjects/EEG-to-classical-music/data/maestro-v3.0.0/2011/MIDI-Unprocessed_17_R2_2011_MID--AUDIO_R2-D5_06_Track06_wav.midi,HVHA,0.7885240046184345,predicted,stacked_v4_40dim
MIDI-Unprocessed_SMF_05_R1_2004_01_ORIG_MID--AUDIO_05_R1_2004_02_Track02_wav,/Users/mymac/PycharmProjects/EEG-to-classical-music/data/maestro-v3.0.0/2004/MIDI-Unprocessed_SMF_05_R1_2004_01_ORIG_MID--AUDIO_05_R1_2004_02_Track02_wav.midi,HVLA,0.476312335142795,predicted,stacked_v4_40dim
MIDI-Unprocessed_SMF_05_R1_2004_01_ORIG_MID--AUDIO_05_R1_2004_03_Track03_wav,/Users/mymac/PycharmProjects/EEG-to-classical-music/data/maestro-v3.0.0/2004/MIDI-Unprocessed_SMF_05_R1_2004_01_ORIG_MID--AUDIO_05_R1_2004_03_Track03_wav.midi,HVHA,0.6574806283251904,predicted,stacked_v4_40dim
MIDI-Unprocessed_XP_06_R1_2004_01_ORIG_MID--AUDIO_06_R1_2004_01_Track01_wav,/Users/mymac/PycharmProjects/EEG-to-classical-music/data/maestro-v3.0.0/2004/MIDI-Unprocessed_XP_06_R1_2004_01_ORIG_MID--AUDIO_06_R1_2004_01_Track01_wav.midi,HVHA,0.7776418329890041,predicted,stacked_v4_40dim
MIDI-Unprocessed_10_R3_2008_01-05_ORIG_MID--AUDIO_10_R3_2008_wav--5,/Users/mymac/PycharmProjects/EEG-to-classical-music/data/maestro-v3.0.0/2008/MIDI-Unprocessed_10_R3_2008_01-05_ORIG_MID--AUDIO_10_R3_2008_wav--5.midi,HVHA,0.5331593978870168,predicted,stacked_v4_40dim
MIDI-Unprocessed_11_R3_2008_01-04_ORIG_MID--AUDIO_11_R3_2008_wav--4,/Users/mymac/PycharmProjects/EEG-to-classical-music/data/maestro-v3.0.0/2008/MIDI-Unprocessed_11_R3_2008_01-04_ORIG_MID--AUDIO_11_R3_2008_wav--4.midi,HVHA,0.45001089628612634,predicted,stacked_v4_40dim
MIDI-Unprocessed_13_R1_2009_01-03_ORIG_MID--AUDIO_13_R1_2009_13_R1_2009_03_WAV,/Users/mymac/PycharmProjects/EEG-to-classical-music/data/maestro-v3.0.0/2009/MIDI-Unprocessed_13_R1_2009_01-03_ORIG_MID--AUDIO_13_R1_2009_13_R1_2009_03_WAV.midi,HVHA,0.46269810330354577,predicted,stacked_v4_40dim
MIDI-Unprocessed_21_R1_2009_01-03_ORIG_MID--AUDIO_21_R1_2009_21_R1_2009_03_WAV,/Users/mymac/PycharmProjects/EEG-to-classical-music/data/maestro-v3.0.0/2009/MIDI-Unprocessed_21_R1_2009_01-03_ORIG_MID--AUDIO_21_R1_2009_21_R1_2009_03_WAV.midi,HVHA,0.5650468846203324,predicted,stacked_v4_40dim
MIDI-Unprocessed_04_R3_2011_MID--AUDIO_R3-D2_06_Track06_wav,/Users/mymac/PycharmProjects/EEG-to-classical-music/data/maestro-v3.0.0/2011/MIDI-Unprocessed_04_R3_2011_MID--AUDIO_R3-D2_06_Track06_wav.midi,HVHA,0.4764278455113819,predicted,stacked_v4_40dim
MIDI-Unprocessed_06_R1_2011_MID--AUDIO_R1-D2_17_Track17_wav,/Users/mymac/PycharmProjects/EEG-to-classical-music/data/maestro-v3.0.0/2011/MIDI-Unprocessed_06_R1_2011_MID--AUDIO_R1-D2_17_Track17_wav.midi,HVHA,0.5153642171043337,predicted,stacked_v4_40dim
MIDI-Unprocessed_071_PIANO071_MID--AUDIO-split_07-08-17_Piano-e_1-04_wav--3,/Users/mymac/PycharmProjects/EEG-to-classical-music/data/maestro-v3.0.0/2017/MIDI-Unprocessed_071_PIANO071_MID--AUDIO-split_07-08-17_Piano-e_1-04_wav--3.midi,HVHA,0.3982200565183826,predicted,stacked_v4_40dim
MIDI-Unprocessed_082_PIANO082_MID--AUDIO-split_07-09-17_Piano-e_2_-04_wav--2,/Users/mymac/PycharmProjects/EEG-to-classical-music/data/maestro-v3.0.0/2017/MIDI-Unprocessed_082_PIANO082_MID--AUDIO-split_07-09-17_Piano-e_2_-04_wav--2.midi,HVHA,0.51403985112182,predicted,stacked_v4_40dim
MIDI-UNPROCESSED_04-05_R1_2014_MID--AUDIO_05_R1_2014_wav--7,/Users/mymac/PycharmProjects/EEG-to-classical-music/data/maestro-v3.0.0/2014/MIDI-UNPROCESSED_04-05_R1_2014_MID--AUDIO_05_R1_2014_wav--7.midi,HVHA,0.4749915138826674,predicted,stacked_v4_40dim
MIDI-Unprocessed_R2_D1-2-3-6-7-8-11_mid--AUDIO-from_mp3_11_R2_2015_wav--4,/Users/mymac/PycharmProjects/EEG-to-classical-music/data/maestro-v3.0.0/2015/MIDI-Unprocessed_R2_D1-2-3-6-7-8-11_mid--AUDIO-from_mp3_11_R2_2015_wav--4.midi,HVHA,0.5656583782372799,predicted,stacked_v4_40dim
MIDI-Unprocessed_R2_D2-19-21-22_mid--AUDIO-from_mp3_22_R2_2015_wav--4,/Users/mymac/PycharmProjects/EEG-to-classical-music/data/maestro-v3.0.0/2015/MIDI-Unprocessed_R2_D2-19-21-22_mid--AUDIO-from_mp3_22_R2_2015_wav--4.midi,HVHA,0.5331159795539973,predicted,stacked_v4_40dim
ORIG-MIDI_01_7_7_13_Group__MID--AUDIO_14_R1_2013_wav--4,/Users/mymac/PycharmProjects/EEG-to-classical-music/data/maestro-v3.0.0/2013/ORIG-MIDI_01_7_7_13_Group__MID--AUDIO_14_R1_2013_wav--4.midi,HVLA,0.46567278033156445,predicted,stacked_v4_40dim
MIDI-Unprocessed_04_R1_2006_01-04_ORIG_MID--AUDIO_04_R1_2006_01_Track01_wav,/Users/mymac/PycharmProjects/EEG-to-classical-music/data/maestro-v3.0.0/2006/MIDI-Unprocessed_04_R1_2006_01-04_ORIG_MID--AUDIO_04_R1_2006_01_Track01_wav.midi,HVHA,0.6009894222643108,predicted,stacked_v4_40dim
MIDI-Unprocessed_SMF_12_01_2004_01-05_ORIG_MID--AUDIO_12_R1_2004_07_Track07_wav,/Users/mymac/PycharmProjects/EEG-to-classical-music/data/maestro-v3.0.0/2004/MIDI-Unprocessed_SMF_12_01_2004_01-05_ORIG_MID--AUDIO_12_R1_2004_07_Track07_wav.midi,HVHA,0.7055213020902149,predicted,stacked_v4_40dim
MIDI-Unprocessed_SMF_17_R1_2004_01-03_ORIG_MID--AUDIO_17_R1_2004_06_Track06_wav,/Users/mymac/PycharmProjects/EEG-to-classical-music/data/maestro-v3.0.0/2004/MIDI-Unprocessed_SMF_17_R1_2004_01-03_ORIG_MID--AUDIO_17_R1_2004_06_Track06_wav.midi,HVHA,0.6160338224387633,predicted,stacked_v4_40dim
MIDI-Unprocessed_SMF_17_R1_2004_03-06_ORIG_MID--AUDIO_20_R2_2004_12_Track12_wav--2,/Users/mymac/PycharmProjects/EEG-to-classical-music/data/maestro-v3.0.0/2004/MIDI-Unprocessed_SMF_17_R1_2004_03-06_ORIG_MID--AUDIO_20_R2_2004_12_Track12_wav--2.midi,HVHA,0.7182789028465911,predicted,stacked_v4_40dim
MIDI-Unprocessed_R2_D2-12-13-15_mid--AUDIO-from_mp3_12_R2_2015_wav--5,/Users/mymac/PycharmProjects/EEG-to-classical-music/data/maestro-v3.0.0/2015/MIDI-Unprocessed_R2_D2-12-13-15_mid--AUDIO-from_mp3_12_R2_2015_wav--5.midi,HVHA,0.7445879802231411,predicted,stacked_v4_40dim
ORIG-MIDI_02_7_8_13_Group__MID--AUDIO_12_R2_2013_wav--3,/Users/mymac/PycharmProjects/EEG-to-classical-music/data/maestro-v3.0.0/2013/ORIG-MIDI_02_7_8_13_Group__MID--AUDIO_12_R2_2013_wav--3.midi,HVHA,0.6840131031204848,predicted,stacked_v4_40dim
ORIG-MIDI_01_7_10_13_Group_MID--AUDIO_08_R3_2013_wav--3,/Users/mymac/PycharmProjects/EEG-to-classical-music/data/maestro-v3.0.0/2013/ORIG-MIDI_01_7_10_13_Group_MID--AUDIO_08_R3_2013_wav--3.midi,HVHA,0.7479710813592358,predicted,stacked_v4_40dim
MIDI-Unprocessed_04_R2_2011_MID--AUDIO_R2-D2_03_Track03_wav,/Users/mymac/PycharmProjects/EEG-to-classical-music/data/maestro-v3.0.0/2011/MIDI-Unprocessed_04_R2_2011_MID--AUDIO_R2-D2_03_Track03_wav.midi,HVHA,0.6947105703042612,predicted,stacked_v4_40dim
MIDI-Unprocessed_17_R1_2011_MID--AUDIO_R1-D7_05_Track05_wav,/Users/mymac/PycharmProjects/EEG-to-classical-music/data/maestro-v3.0.0/2011/MIDI-Unprocessed_17_R1_2011_MID--AUDIO_R1-D7_05_Track05_wav.midi,HVHA,0.7344945915049561,predicted,stacked_v4_40dim
MIDI-Unprocessed_18_R1_2011_MID--AUDIO_R1-D7_10_Track10_wav,/Users/mymac/PycharmProjects/EEG-to-classical-music/data/maestro-v3.0.0/2011/MIDI-Unprocessed_18_R1_2011_MID--AUDIO_R1-D7_10_Track10_wav.midi,HVHA,0.6802854119070285,predicted,stacked_v4_40dim
MIDI-Unprocessed_046_PIANO046_MID--AUDIO-split_07-06-17_Piano-e_2-02_wav--4,/Users/mymac/PycharmProjects/EEG-to-classical-music/data/maestro-v3.0.0/2017/MIDI-Unprocessed_046_PIANO046_MID--AUDIO-split_07-06-17_Piano-e_2-02_wav--4.midi,HVHA,0.6785781124418762,predicted,stacked_v4_40dim
MIDI-Unprocessed_02_R3_2008_01-03_ORIG_MID--AUDIO_02_R3_2008_wav--2,/Users/mymac/PycharmProjects/EEG-to-classical-music/data/maestro-v3.0.0/2008/MIDI-Unprocessed_02_R3_2008_01-03_ORIG_MID--AUDIO_02_R3_2008_wav--2.midi,HVHA,0.5077687204624797,predicted,stacked_v4_40dim
MIDI-Unprocessed_03_R1_2009_03-08_ORIG_MID--AUDIO_03_R1_2009_03_R1_2009_04_WAV,/Users/mymac/PycharmProjects/EEG-to-classical-music/data/maestro-v3.0.0/2009/MIDI-Unprocessed_03_R1_2009_03-08_ORIG_MID--AUDIO_03_R1_2009_03_R1_2009_04_WAV.midi,HVHA,0.6310944324650893,predicted,stacked_v4_40dim
MIDI-Unprocessed_15_R1_2008_01-04_ORIG_MID--AUDIO_15_R1_2008_wav--3,/Users/mymac/PycharmProjects/EEG-to-classical-music/data/maestro-v3.0.0/2008/MIDI-Unprocessed_15_R1_2008_01-04_ORIG_MID--AUDIO_15_R1_2008_wav--3.midi,HVHA,0.5731705760280289,predicted,stacked_v4_40dim
MIDI-Unprocessed_050_PIANO050_MID--AUDIO-split_07-06-17_Piano-e_3-01_wav--4,/Users/mymac/PycharmProjects/EEG-to-classical-music/data/maestro-v3.0.0/2017/MIDI-Unprocessed_050_PIANO050_MID--AUDIO-split_07-06-17_Piano-e_3-01_wav--4.midi,HVHA,0.4447109476793631,predicted,stacked_v4_40dim
MIDI-Unprocessed_07_R2_2008_01-05_ORIG_MID--AUDIO_07_R2_2008_wav--4,/Users/mymac/PycharmProjects/EEG-to-classical-music/data/maestro-v3.0.0/2008/MIDI-Unprocessed_07_R2_2008_01-05_ORIG_MID--AUDIO_07_R2_2008_wav--4.midi,HVHA,0.8616138420203008,predicted,stacked_v4_40dim
MIDI-Unprocessed_10_R2_2011_MID--AUDIO_R2-D3_11_Track11_wav,/Users/mymac/PycharmProjects/EEG-to-classical-music/data/maestro-v3.0.0/2011/MIDI-Unprocessed_10_R2_2011_MID--AUDIO_R2-D3_11_Track11_wav.midi,HVHA,0.8267796476589212,predicted,stacked_v4_40dim
MIDI-Unprocessed_08_R1_2008_01-05_ORIG_MID--AUDIO_08_R1_2008_wav--4,/Users/mymac/PycharmProjects/EEG-to-classical-music/data/maestro-v3.0.0/2008/MIDI-Unprocessed_08_R1_2008_01-05_ORIG_MID--AUDIO_08_R1_2008_wav--4.midi,HVHA,0.5347567696416039,predicted,stacked_v4_40dim
MIDI-Unprocessed_12_R3_2008_01-04_ORIG_MID--AUDIO_12_R3_2008_wav--2,/Users/mymac/PycharmProjects/EEG-to-classical-music/data/maestro-v3.0.0/2008/MIDI-Unprocessed_12_R3_2008_01-04_ORIG_MID--AUDIO_12_R3_2008_wav--2.midi,HVHA,0.42862382995122955,predicted,stacked_v4_40dim
MIDI-UNPROCESSED_01-03_R1_2014_MID--AUDIO_03_R1_2014_wav--5,/Users/mymac/PycharmProjects/EEG-to-classical-music/data/maestro-v3.0.0/2014/MIDI-UNPROCESSED_01-03_R1_2014_MID--AUDIO_03_R1_2014_wav--5.midi,HVHA,0.4298031792032104,predicted,stacked_v4_40dim
ORIG-MIDI_02_7_7_13_Group__MID--AUDIO_17_R1_2013_wav--4,/Users/mymac/PycharmProjects/EEG-to-classical-music/data/maestro-v3.0.0/2013/ORIG-MIDI_02_7_7_13_Group__MID--AUDIO_17_R1_2013_wav--4.midi,HVHA,0.5701304253848324,predicted,stacked_v4_40dim
MIDI-Unprocessed_12_R1_2011_MID--AUDIO_R1-D4_14_Track14_wav,/Users/mymac/PycharmProjects/EEG-to-classical-music/data/maestro-v3.0.0/2011/MIDI-Unprocessed_12_R1_2011_MID--AUDIO_R1-D4_14_Track14_wav.midi,HVHA,0.4078085748028113,predicted,stacked_v4_40dim
MIDI-Unprocessed_051_PIANO051_MID--AUDIO-split_07-06-17_Piano-e_3-02_wav--4,/Users/mymac/PycharmProjects/EEG-to-classical-music/data/maestro-v3.0.0/2017/MIDI-Unprocessed_051_PIANO051_MID--AUDIO-split_07-06-17_Piano-e_3-02_wav--4.midi,HVHA,0.493782132740906,predicted,stacked_v4_40dim
MIDI-Unprocessed_09_R3_2008_01-07_ORIG_MID--AUDIO_09_R3_2008_wav--5,/Users/mymac/PycharmProjects/EEG-to-classical-music/data/maestro-v3.0.0/2008/MIDI-Unprocessed_09_R3_2008_01-07_ORIG_MID--AUDIO_09_R3_2008_wav--5.midi,HVHA,0.46843843044049766,predicted,stacked_v4_40dim
MIDI-Unprocessed_13_R1_2006_01-06_ORIG_MID--AUDIO_13_R1_2006_06_Track06_wav,/Users/mymac/PycharmProjects/EEG-to-classical-music/data/maestro-v3.0.0/2006/MIDI-Unprocessed_13_R1_2006_01-06_ORIG_MID--AUDIO_13_R1_2006_06_Track06_wav.midi,HVHA,0.7624491497359425,predicted,stacked_v4_40dim
ORIG-MIDI_03_7_10_13_Group_MID--AUDIO_18_R3_2013_wav--1,/Users/mymac/PycharmProjects/EEG-to-classical-music/data/maestro-v3.0.0/2013/ORIG-MIDI_03_7_10_13_Group_MID--AUDIO_18_R3_2013_wav--1.midi,HVHA,0.7436085450250753,predicted,stacked_v4_40dim
MIDI-Unprocessed_10_R1_2009_03-05_ORIG_MID--AUDIO_10_R1_2009_10_R1_2009_03_WAV,/Users/mymac/PycharmProjects/EEG-to-classical-music/data/maestro-v3.0.0/2009/MIDI-Unprocessed_10_R1_2009_03-05_ORIG_MID--AUDIO_10_R1_2009_10_R1_2009_03_WAV.midi,HVHA,0.7985626793246643,predicted,stacked_v4_40dim
MIDI-Unprocessed_08_R3_2008_01-05_ORIG_MID--AUDIO_08_R3_2008_wav--1,/Users/mymac/PycharmProjects/EEG-to-classical-music/data/maestro-v3.0.0/2008/MIDI-Unprocessed_08_R3_2008_01-05_ORIG_MID--AUDIO_08_R3_2008_wav--1.midi,HVHA,0.8241744223052223,predicted,stacked_v4_40dim
ORIG-MIDI_01_7_10_13_Group_MID--AUDIO_07_R3_2013_wav--3,/Users/mymac/PycharmProjects/EEG-to-classical-music/data/maestro-v3.0.0/2013/ORIG-MIDI_01_7_10_13_Group_MID--AUDIO_07_R3_2013_wav--3.midi,HVHA,0.8141579356632718,predicted,stacked_v4_40dim
MIDI-Unprocessed_049_PIANO049_MID--AUDIO-split_07-06-17_Piano-e_2-06_wav--5,/Users/mymac/PycharmProjects/EEG-to-classical-music/data/maestro-v3.0.0/2017/MIDI-Unprocessed_049_PIANO049_MID--AUDIO-split_07-06-17_Piano-e_2-06_wav--5.midi,HVHA,0.7538717183398624,predicted,stacked_v4_40dim
MIDI-Unprocessed_14_R1_2008_01-05_ORIG_MID--AUDIO_14_R1_2008_wav--4,/Users/mymac/PycharmProjects/EEG-to-classical-music/data/maestro-v3.0.0/2008/MIDI-Unprocessed_14_R1_2008_01-05_ORIG_MID--AUDIO_14_R1_2008_wav--4.midi,HVHA,0.3372674023479853,predicted,stacked_v4_40dim
MIDI-Unprocessed_083_PIANO083_MID--AUDIO-split_07-09-17_Piano-e_2_-06_wav--5,/Users/mymac/PycharmProjects/EEG-to-classical-music/data/maestro-v3.0.0/2017/MIDI-Unprocessed_083_PIANO083_MID--AUDIO-split_07-09-17_Piano-e_2_-06_wav--5.midi,LVLA,0.4278044415529159,predicted,stacked_v4_40dim
MIDI-UNPROCESSED_04-05_R1_2014_MID--AUDIO_05_R1_2014_wav--4,/Users/mymac/PycharmProjects/EEG-to-classical-music/data/maestro-v3.0.0/2014/MIDI-UNPROCESSED_04-05_R1_2014_MID--AUDIO_05_R1_2014_wav--4.midi,HVHA,0.34674347455088,predicted,stacked_v4_40dim
MIDI-Unprocessed_R1_D1-9-12_mid--AUDIO-from_mp3_09_R1_2015_wav--4,/Users/mymac/PycharmProjects/EEG-to-classical-music/data/maestro-v3.0.0/2015/MIDI-Unprocessed_R1_D1-9-12_mid--AUDIO-from_mp3_09_R1_2015_wav--4.midi,HVHA,0.4224343448467251,predicted,stacked_v4_40dim
MIDI-Unprocessed_25_R3_2011_MID--AUDIO_R3-D9_05_Track05_wav,/Users/mymac/PycharmProjects/EEG-to-classical-music/data/maestro-v3.0.0/2011/MIDI-Unprocessed_25_R3_2011_MID--AUDIO_R3-D9_05_Track05_wav.midi,LVLA,0.43023946221535125,predicted,stacked_v4_40dim
MIDI-Unprocessed_SMF_17_R1_2004_04_ORIG_MID--AUDIO_17_R1_2004_09_Track09_wav,/Users/mymac/PycharmProjects/EEG-to-classical-music/data/maestro-v3.0.0/2004/MIDI-Unprocessed_SMF_17_R1_2004_04_ORIG_MID--AUDIO_17_R1_2004_09_Track09_wav.midi,HVHA,0.5167157909046702,predicted,stacked_v4_40dim
MIDI-Unprocessed_SMF_17_R1_2004_04_ORIG_MID--AUDIO_17_R1_2004_11_Track11_wav,/Users/mymac/PycharmProjects/EEG-to-classical-music/data/maestro-v3.0.0/2004/MIDI-Unprocessed_SMF_17_R1_2004_04_ORIG_MID--AUDIO_17_R1_2004_11_Track11_wav.midi,HVHA,0.616162258189164,predicted,stacked_v4_40dim
MIDI-Unprocessed_R1_D1-1-8_mid--AUDIO-from_mp3_03_R1_2015_wav--2,/Users/mymac/PycharmProjects/EEG-to-classical-music/data/maestro-v3.0.0/2015/MIDI-Unprocessed_R1_D1-1-8_mid--AUDIO-from_mp3_03_R1_2015_wav--2.midi,HVHA,0.6765713600286916,predicted,stacked_v4_40dim
MIDI-Unprocessed_R1_D1-9-12_mid--AUDIO-from_mp3_10_R1_2015_wav--2,/Users/mymac/PycharmProjects/EEG-to-classical-music/data/maestro-v3.0.0/2015/MIDI-Unprocessed_R1_D1-9-12_mid--AUDIO-from_mp3_10_R1_2015_wav--2.midi,HVHA,0.6283402725448152,predicted,stacked_v4_40dim
MIDI-Unprocessed_R1_D1-9-12_mid--AUDIO-from_mp3_12_R1_2015_wav--4,/Users/mymac/PycharmProjects/EEG-to-classical-music/data/maestro-v3.0.0/2015/MIDI-Unprocessed_R1_D1-9-12_mid--AUDIO-from_mp3_12_R1_2015_wav--4.midi,HVHA,0.5905521751902358,predicted,stacked_v4_40dim
MIDI-Unprocessed_R1_D2-13-20_mid--AUDIO-from_mp3_20_R1_2015_wav--3,/Users/mymac/PycharmProjects/EEG-to-classical-music/data/maestro-v3.0.0/2015/MIDI-Unprocessed_R1_D2-13-20_mid--AUDIO-from_mp3_20_R1_2015_wav--3.midi,HVHA,0.6433394459685672,predicted,stacked_v4_40dim
ORIG-MIDI_02_7_7_13_Group__MID--AUDIO_19_R1_2013_wav--3,/Users/mymac/PycharmProjects/EEG-to-classical-music/data/maestro-v3.0.0/2013/ORIG-MIDI_02_7_7_13_Group__MID--AUDIO_19_R1_2013_wav--3.midi,HVHA,0.6438875699687919,predicted,stacked_v4_40dim
MIDI-Unprocessed_042_PIANO042_MID--AUDIO-split_07-06-17_Piano-e_1-02_wav--2,/Users/mymac/PycharmProjects/EEG-to-classical-music/data/maestro-v3.0.0/2017/MIDI-Unprocessed_042_PIANO042_MID--AUDIO-split_07-06-17_Piano-e_1-02_wav--2.midi,HVHA,0.6428153502595314,predicted,stacked_v4_40dim
MIDI-Unprocessed_043_PIANO043_MID--AUDIO-split_07-06-17_Piano-e_1-03_wav--3,/Users/mymac/PycharmProjects/EEG-to-classical-music/data/maestro-v3.0.0/2017/MIDI-Unprocessed_043_PIANO043_MID--AUDIO-split_07-06-17_Piano-e_1-03_wav--3.midi,HVHA,0.7108004283378083,predicted,stacked_v4_40dim
MIDI-Unprocessed_059_PIANO059_MID--AUDIO-split_07-07-17_Piano-e_2-03_wav--3,/Users/mymac/PycharmProjects/EEG-to-classical-music/data/maestro-v3.0.0/2017/MIDI-Unprocessed_059_PIANO059_MID--AUDIO-split_07-07-17_Piano-e_2-03_wav--3.midi,HVHA,0.6405465513424681,predicted,stacked_v4_40dim
MIDI-Unprocessed_053_PIANO053_MID--AUDIO-split_07-06-17_Piano-e_3-04_wav--2,/Users/mymac/PycharmProjects/EEG-to-classical-music/data/maestro-v3.0.0/2017/MIDI-Unprocessed_053_PIANO053_MID--AUDIO-split_07-06-17_Piano-e_3-04_wav--2.midi,HVHA,0.5541159667321963,predicted,stacked_v4_40dim
MIDI-Unprocessed_R1_D1-1-8_mid--AUDIO-from_mp3_05_R1_2015_wav--4,/Users/mymac/PycharmProjects/EEG-to-classical-music/data/maestro-v3.0.0/2015/MIDI-Unprocessed_R1_D1-1-8_mid--AUDIO-from_mp3_05_R1_2015_wav--4.midi,HVLA,0.866393889697026,predicted,stacked_v4_40dim
MIDI-Unprocessed_R1_D1-1-8_mid--AUDIO-from_mp3_06_R1_2015_wav--6,/Users/mymac/PycharmProjects/EEG-to-classical-music/data/maestro-v3.0.0/2015/MIDI-Unprocessed_R1_D1-1-8_mid--AUDIO-from_mp3_06_R1_2015_wav--6.midi,HVLA,0.8774059651922712,predicted,stacked_v4_40dim
MIDI-Unprocessed_R1_D1-9-12_mid--AUDIO-from_mp3_11_R1_2015_wav--3,/Users/mymac/PycharmProjects/EEG-to-classical-music/data/maestro-v3.0.0/2015/MIDI-Unprocessed_R1_D1-9-12_mid--AUDIO-from_mp3_11_R1_2015_wav--3.midi,HVLA,0.8509346254066872,predicted,stacked_v4_40dim
MIDI-Unprocessed_R1_D2-21-22_mid--AUDIO-from_mp3_22_R1_2015_wav--3,/Users/mymac/PycharmProjects/EEG-to-classical-music/data/maestro-v3.0.0/2015/MIDI-Unprocessed_R1_D2-21-22_mid--AUDIO-from_mp3_22_R1_2015_wav--3.midi,HVLA,0.8037046048912688,predicted,stacked_v4_40dim
MIDI-Unprocessed_07_R1_2011_MID--AUDIO_R1-D3_03_Track03_wav,/Users/mymac/PycharmProjects/EEG-to-classical-music/data/maestro-v3.0.0/2011/MIDI-Unprocessed_07_R1_2011_MID--AUDIO_R1-D3_03_Track03_wav.midi,HVLA,0.8912301436324047,predicted,stacked_v4_40dim
MIDI-Unprocessed_R1_D2-13-20_mid--AUDIO-from_mp3_15_R1_2015_wav--2,/Users/mymac/PycharmProjects/EEG-to-classical-music/data/maestro-v3.0.0/2015/MIDI-Unprocessed_R1_D2-13-20_mid--AUDIO-from_mp3_15_R1_2015_wav--2.midi,HVLA,0.6945001547528846,predicted,stacked_v4_40dim
ORIG-MIDI_02_7_6_13_Group__MID--AUDIO_06_R1_2013_wav--3,/Users/mymac/PycharmProjects/EEG-to-classical-music/data/maestro-v3.0.0/2013/ORIG-MIDI_02_7_6_13_Group__MID--AUDIO_06_R1_2013_wav--3.midi,HVLA,0.6779779598838058,predicted,stacked_v4_40dim
MIDI-Unprocessed_070_PIANO070_MID--AUDIO-split_07-08-17_Piano-e_1-02_wav--2,/Users/mymac/PycharmProjects/EEG-to-classical-music/data/maestro-v3.0.0/2017/MIDI-Unprocessed_070_PIANO070_MID--AUDIO-split_07-08-17_Piano-e_1-02_wav--2.midi,HVLA,0.6721860219949233,predicted,stacked_v4_40dim
ORIG-MIDI_02_7_6_13_Group__MID--AUDIO_08_R1_2013_wav--3,/Users/mymac/PycharmProjects/EEG-to-classical-music/data/maestro-v3.0.0/2013/ORIG-MIDI_02_7_6_13_Group__MID--AUDIO_08_R1_2013_wav--3.midi,HVLA,0.8279277807374935,predicted,stacked_v4_40dim
ORIG-MIDI_01_7_7_13_Group__MID--AUDIO_14_R1_2013_wav--3,/Users/mymac/PycharmProjects/EEG-to-classical-music/data/maestro-v3.0.0/2013/ORIG-MIDI_01_7_7_13_Group__MID--AUDIO_14_R1_2013_wav--3.midi,HVLA,0.8449737347725929,predicted,stacked_v4_40dim
MIDI-Unprocessed_01_R1_2011_MID--AUDIO_R1-D1_05_Track05_wav,/Users/mymac/PycharmProjects/EEG-to-classical-music/data/maestro-v3.0.0/2011/MIDI-Unprocessed_01_R1_2011_MID--AUDIO_R1-D1_05_Track05_wav.midi,HVLA,0.8020385676570866,predicted,stacked_v4_40dim
MIDI-Unprocessed_18_R1_2011_MID--AUDIO_R1-D7_09_Track09_wav,/Users/mymac/PycharmProjects/EEG-to-classical-music/data/maestro-v3.0.0/2011/MIDI-Unprocessed_18_R1_2011_MID--AUDIO_R1-D7_09_Track09_wav.midi,HVLA,0.8106793889713146,predicted,stacked_v4_40dim
MIDI-Unprocessed_21_R1_2011_MID--AUDIO_R1-D8_09_Track09_wav,/Users/mymac/PycharmProjects/EEG-to-classical-music/data/maestro-v3.0.0/2011/MIDI-Unprocessed_21_R1_2011_MID--AUDIO_R1-D8_09_Track09_wav.midi,HVLA,0.7892341360299389,predicted,stacked_v4_40dim
MIDI-Unprocessed_03_R1_2008_01-04_ORIG_MID--AUDIO_03_R1_2008_wav--3,/Users/mymac/PycharmProjects/EEG-to-classical-music/data/maestro-v3.0.0/2008/MIDI-Unprocessed_03_R1_2008_01-04_ORIG_MID--AUDIO_03_R1_2008_wav--3.midi,HVLA,0.8253076692402965,predicted,stacked_v4_40dim
MIDI-Unprocessed_044_PIANO044_MID--AUDIO-split_07-06-17_Piano-e_1-04_wav--3,/Users/mymac/PycharmProjects/EEG-to-classical-music/data/maestro-v3.0.0/2017/MIDI-Unprocessed_044_PIANO044_MID--AUDIO-split_07-06-17_Piano-e_1-04_wav--3.midi,HVLA,0.8121007024133112,predicted,stacked_v4_40dim
MIDI-Unprocessed_049_PIANO049_MID--AUDIO-split_07-06-17_Piano-e_2-06_wav--3,/Users/mymac/PycharmProjects/EEG-to-classical-music/data/maestro-v3.0.0/2017/MIDI-Unprocessed_049_PIANO049_MID--AUDIO-split_07-06-17_Piano-e_2-06_wav--3.midi,HVLA,0.842586860820928,predicted,stacked_v4_40dim
MIDI-Unprocessed_067_PIANO067_MID--AUDIO-split_07-07-17_Piano-e_3-03_wav--3,/Users/mymac/PycharmProjects/EEG-to-classical-music/data/maestro-v3.0.0/2017/MIDI-Unprocessed_067_PIANO067_MID--AUDIO-split_07-07-17_Piano-e_3-03_wav--3.midi,HVLA,0.8363917058943411,predicted,stacked_v4_40dim
MIDI-Unprocessed_058_PIANO058_MID--AUDIO-split_07-07-17_Piano-e_2-02_wav--2,/Users/mymac/PycharmProjects/EEG-to-classical-music/data/maestro-v3.0.0/2017/MIDI-Unprocessed_058_PIANO058_MID--AUDIO-split_07-07-17_Piano-e_2-02_wav--2.midi,HVHA,0.6364423462079735,predicted,stacked_v4_40dim
MIDI-Unprocessed_060_PIANO060_MID--AUDIO-split_07-07-17_Piano-e_2-04_wav--3,/Users/mymac/PycharmProjects/EEG-to-classical-music/data/maestro-v3.0.0/2017/MIDI-Unprocessed_060_PIANO060_MID--AUDIO-split_07-07-17_Piano-e_2-04_wav--3.midi,HVHA,0.557379298448148,predicted,stacked_v4_40dim
MIDI-Unprocessed_062_PIANO062_MID--AUDIO-split_07-07-17_Piano-e_2-07_wav--3,/Users/mymac/PycharmProjects/EEG-to-classical-music/data/maestro-v3.0.0/2017/MIDI-Unprocessed_062_PIANO062_MID--AUDIO-split_07-07-17_Piano-e_2-07_wav--3.midi,HVHA,0.6286628513542404,predicted,stacked_v4_40dim
MIDI-Unprocessed_R1_D1-9-12_mid--AUDIO-from_mp3_09_R1_2015_wav--3,/Users/mymac/PycharmProjects/EEG-to-classical-music/data/maestro-v3.0.0/2015/MIDI-Unprocessed_R1_D1-9-12_mid--AUDIO-from_mp3_09_R1_2015_wav--3.midi,HVHA,0.5337763046654423,predicted,stacked_v4_40dim
ORIG-MIDI_02_7_7_13_Group__MID--AUDIO_17_R1_2013_wav--3,/Users/mymac/PycharmProjects/EEG-to-classical-music/data/maestro-v3.0.0/2013/ORIG-MIDI_02_7_7_13_Group__MID--AUDIO_17_R1_2013_wav--3.midi,HVLA,0.5053907806292263,predicted,stacked_v4_40dim
MIDI-Unprocessed_15_R1_2008_01-04_ORIG_MID--AUDIO_15_R1_2008_wav--4,/Users/mymac/PycharmProjects/EEG-to-classical-music/data/maestro-v3.0.0/2008/MIDI-Unprocessed_15_R1_2008_01-04_ORIG_MID--AUDIO_15_R1_2008_wav--4.midi,HVHA,0.4944187817227107,predicted,stacked_v4_40dim
MIDI-Unprocessed_04_R1_2011_MID--AUDIO_R1-D2_04_Track04_wav,/Users/mymac/PycharmProjects/EEG-to-classical-music/data/maestro-v3.0.0/2011/MIDI-Unprocessed_04_R1_2011_MID--AUDIO_R1-D2_04_Track04_wav.midi,HVLA,0.5328615919680568,predicted,stacked_v4_40dim
MIDI-Unprocessed_19_R1_2011_MID--AUDIO_R1-D7_14_Track14_wav,/Users/mymac/PycharmProjects/EEG-to-classical-music/data/maestro-v3.0.0/2011/MIDI-Unprocessed_19_R1_2011_MID--AUDIO_R1-D7_14_Track14_wav.midi,HVHA,0.4945249529757974,predicted,stacked_v4_40dim
MIDI-Unprocessed_R1_D1-1-8_mid--AUDIO-from_mp3_07_R1_2015_wav--3,/Users/mymac/PycharmProjects/EEG-to-classical-music/data/maestro-v3.0.0/2015/MIDI-Unprocessed_R1_D1-1-8_mid--AUDIO-from_mp3_07_R1_2015_wav--3.midi,HVHA,0.5040273444197473,predicted,stacked_v4_40dim
ORIG-MIDI_03_7_6_13_Group__MID--AUDIO_10_R1_2013_wav--3,/Users/mymac/PycharmProjects/EEG-to-classical-music/data/maestro-v3.0.0/2013/ORIG-MIDI_03_7_6_13_Group__MID--AUDIO_10_R1_2013_wav--3.midi,HVHA,0.5114305706720437,predicted,stacked_v4_40dim
MIDI-Unprocessed_056_PIANO056_MID--AUDIO-split_07-07-17_Piano-e_1-05_wav--2,/Users/mymac/PycharmProjects/EEG-to-classical-music/data/maestro-v3.0.0/2017/MIDI-Unprocessed_056_PIANO056_MID--AUDIO-split_07-07-17_Piano-e_1-05_wav--2.midi,LVLA,0.3108594219335118,predicted,stacked_v4_40dim
MIDI-Unprocessed_057_PIANO057_MID--AUDIO-split_07-07-17_Piano-e_1-07_wav--4,/Users/mymac/PycharmProjects/EEG-to-classical-music/data/maestro-v3.0.0/2017/MIDI-Unprocessed_057_PIANO057_MID--AUDIO-split_07-07-17_Piano-e_1-07_wav--4.midi,HVHA,0.3033480746957249,predicted,stacked_v4_40dim
ORIG-MIDI_02_7_7_13_Group__MID--AUDIO_18_R1_2013_wav--5,/Users/mymac/PycharmProjects/EEG-to-classical-music/data/maestro-v3.0.0/2013/ORIG-MIDI_02_7_7_13_Group__MID--AUDIO_18_R1_2013_wav--5.midi,HVHA,0.5734938265108589,predicted,stacked_v4_40dim
MIDI-Unprocessed_20_R1_2011_MID--AUDIO_R1-D8_03_Track03_wav,/Users/mymac/PycharmProjects/EEG-to-classical-music/data/maestro-v3.0.0/2011/MIDI-Unprocessed_20_R1_2011_MID--AUDIO_R1-D8_03_Track03_wav.midi,HVHA,0.5366340871923487,predicted,stacked_v4_40dim
MIDI-Unprocessed_22_R1_2011_MID--AUDIO_R1-D8_11_Track11_wav,/Users/mymac/PycharmProjects/EEG-to-classical-music/data/maestro-v3.0.0/2011/MIDI-Unprocessed_22_R1_2011_MID--AUDIO_R1-D8_11_Track11_wav.midi,HVHA,0.557217163238132,predicted,stacked_v4_40dim
MIDI-Unprocessed_041_PIANO041_MID--AUDIO-split_07-06-17_Piano-e_1-01_wav--3,/Users/mymac/PycharmProjects/EEG-to-classical-music/data/maestro-v3.0.0/2017/MIDI-Unprocessed_041_PIANO041_MID--AUDIO-split_07-06-17_Piano-e_1-01_wav--3.midi,HVHA,0.5852494152404393,predicted,stacked_v4_40dim
MIDI-Unprocessed_R1_D1-1-8_mid--AUDIO-from_mp3_08_R1_2015_wav--3,/Users/mymac/PycharmProjects/EEG-to-classical-music/data/maestro-v3.0.0/2015/MIDI-Unprocessed_R1_D1-1-8_mid--AUDIO-from_mp3_08_R1_2015_wav--3.midi,HVLA,0.6370253714688451,predicted,stacked_v4_40dim
MIDI-Unprocessed_R1_D2-13-20_mid--AUDIO-from_mp3_18_R1_2015_wav--2,/Users/mymac/PycharmProjects/EEG-to-classical-music/data/maestro-v3.0.0/2015/MIDI-Unprocessed_R1_D2-13-20_mid--AUDIO-from_mp3_18_R1_2015_wav--2.midi,HVLA,0.6617549133504974,predicted,stacked_v4_40dim
ORIG-MIDI_02_7_8_13_Group__MID--AUDIO_08_R2_2013_wav--2,/Users/mymac/PycharmProjects/EEG-to-classical-music/data/maestro-v3.0.0/2013/ORIG-MIDI_02_7_8_13_Group__MID--AUDIO_08_R2_2013_wav--2.midi,HVLA,0.7017166122377599,predicted,stacked_v4_40dim
MIDI-Unprocessed_11_R1_2008_01-04_ORIG_MID--AUDIO_11_R1_2008_wav--4,/Users/mymac/PycharmProjects/EEG-to-classical-music/data/maestro-v3.0.0/2008/MIDI-Unprocessed_11_R1_2008_01-04_ORIG_MID--AUDIO_11_R1_2008_wav--4.midi,HVLA,0.5529574715974227,predicted,stacked_v4_40dim
MIDI-Unprocessed_11_R1_2011_MID--AUDIO_R1-D4_09_Track09_wav,/Users/mymac/PycharmProjects/EEG-to-classical-music/data/maestro-v3.0.0/2011/MIDI-Unprocessed_11_R1_2011_MID--AUDIO_R1-D4_09_Track09_wav.midi,HVLA,0.686466154145421,predicted,stacked_v4_40dim
MIDI-Unprocessed_13_R1_2011_MID--AUDIO_R1-D5_03_Track03_wav,/Users/mymac/PycharmProjects/EEG-to-classical-music/data/maestro-v3.0.0/2011/MIDI-Unprocessed_13_R1_2011_MID--AUDIO_R1-D5_03_Track03_wav.midi,HVLA,0.6259743617790519,predicted,stacked_v4_40dim
MIDI-Unprocessed_16_R1_2011_MID--AUDIO_R1-D6_13_Track13_wav,/Users/mymac/PycharmProjects/EEG-to-classical-music/data/maestro-v3.0.0/2011/MIDI-Unprocessed_16_R1_2011_MID--AUDIO_R1-D6_13_Track13_wav.midi,HVLA,0.6606236937571512,predicted,stacked_v4_40dim
MIDI-Unprocessed_17_R1_2011_MID--AUDIO_R1-D7_04_Track04_wav,/Users/mymac/PycharmProjects/EEG-to-classical-music/data/maestro-v3.0.0/2011/MIDI-Unprocessed_17_R1_2011_MID--AUDIO_R1-D7_04_Track04_wav.midi,HVLA,0.709017660616262,predicted,stacked_v4_40dim
MIDI-Unprocessed_051_PIANO051_MID--AUDIO-split_07-06-17_Piano-e_3-02_wav--3,/Users/mymac/PycharmProjects/EEG-to-classical-music/data/maestro-v3.0.0/2017/MIDI-Unprocessed_051_PIANO051_MID--AUDIO-split_07-06-17_Piano-e_3-02_wav--3.midi,HVLA,0.6142323879850979,predicted,stacked_v4_40dim
MIDI-Unprocessed_R1_D1-1-8_mid--AUDIO-from_mp3_04_R1_2015_wav--4,/Users/mymac/PycharmProjects/EEG-to-classical-music/data/maestro-v3.0.0/2015/MIDI-Unprocessed_R1_D1-1-8_mid--AUDIO-from_mp3_04_R1_2015_wav--4.midi,HVLA,0.884865719791462,predicted,stacked_v4_40dim
MIDI-Unprocessed_R1_D2-13-20_mid--AUDIO-from_mp3_14_R1_2015_wav--4,/Users/mymac/PycharmProjects/EEG-to-classical-music/data/maestro-v3.0.0/2015/MIDI-Unprocessed_R1_D2-13-20_mid--AUDIO-from_mp3_14_R1_2015_wav--4.midi,HVLA,0.8492038382460145,predicted,stacked_v4_40dim
MIDI-Unprocessed_09_R1_2011_MID--AUDIO_R1-D3_14_Track14_wav,/Users/mymac/PycharmProjects/EEG-to-classical-music/data/maestro-v3.0.0/2011/MIDI-Unprocessed_09_R1_2011_MID--AUDIO_R1-D3_14_Track14_wav.midi,HVLA,0.8487535712109623,predicted,stacked_v4_40dim
MIDI-Unprocessed_09_R2_2008_01-05_ORIG_MID--AUDIO_09_R2_2008_wav--2,/Users/mymac/PycharmProjects/EEG-to-classical-music/data/maestro-v3.0.0/2008/MIDI-Unprocessed_09_R2_2008_01-05_ORIG_MID--AUDIO_09_R2_2008_wav--2.midi,HVHA,0.6810204796406671,predicted,stacked_v4_40dim
MIDI-Unprocessed_R1_D2-13-20_mid--AUDIO-from_mp3_19_R1_2015_wav--3,/Users/mymac/PycharmProjects/EEG-to-classical-music/data/maestro-v3.0.0/2015/MIDI-Unprocessed_R1_D2-13-20_mid--AUDIO-from_mp3_19_R1_2015_wav--3.midi,HVLA,0.7248186585424422,predicted,stacked_v4_40dim
ORIG-MIDI_01_7_6_13_Group__MID--AUDIO_03_R1_2013_wav--3,/Users/mymac/PycharmProjects/EEG-to-classical-music/data/maestro-v3.0.0/2013/ORIG-MIDI_01_7_6_13_Group__MID--AUDIO_03_R1_2013_wav--3.midi,HVLA,0.769875038262875,predicted,stacked_v4_40dim
MIDI-Unprocessed_03_R1_2011_MID--AUDIO_R1-D1_17_Track17_wav,/Users/mymac/PycharmProjects/EEG-to-classical-music/data/maestro-v3.0.0/2011/MIDI-Unprocessed_03_R1_2011_MID--AUDIO_R1-D1_17_Track17_wav.midi,HVLA,0.6973462262220971,predicted,stacked_v4_40dim
MIDI-Unprocessed_06_R1_2011_MID--AUDIO_R1-D2_16_Track16_wav,/Users/mymac/PycharmProjects/EEG-to-classical-music/data/maestro-v3.0.0/2011/MIDI-Unprocessed_06_R1_2011_MID--AUDIO_R1-D2_16_Track16_wav.midi,HVLA,0.6598237361153462,predicted,stacked_v4_40dim
MIDI-UNPROCESSED_16-18_R1_2014_MID--AUDIO_18_R1_2014_wav--4,/Users/mymac/PycharmProjects/EEG-to-classical-music/data/maestro-v3.0.0/2014/MIDI-UNPROCESSED_16-18_R1_2014_MID--AUDIO_18_R1_2014_wav--4.midi,HVLA,0.6323260464534022,predicted,stacked_v4_40dim
MIDI-UNPROCESSED_16-18_R1_2014_MID--AUDIO_18_R1_2014_wav--3,/Users/mymac/PycharmProjects/EEG-to-classical-music/data/maestro-v3.0.0/2014/MIDI-UNPROCESSED_16-18_R1_2014_MID--AUDIO_18_R1_2014_wav--3.midi,HVLA,0.5129343053118459,predicted,stacked_v4_40dim
MIDI-Unprocessed_24_R1_2011_MID--AUDIO_R1-D9_10_Track10_wav,/Users/mymac/PycharmProjects/EEG-to-classical-music/data/maestro-v3.0.0/2011/MIDI-Unprocessed_24_R1_2011_MID--AUDIO_R1-D9_10_Track10_wav.midi,HVHA,0.5233695109552132,predicted,stacked_v4_40dim
MIDI-Unprocessed_24_R1_2011_MID--AUDIO_R1-D9_11_Track11_wav,/Users/mymac/PycharmProjects/EEG-to-classical-music/data/maestro-v3.0.0/2011/MIDI-Unprocessed_24_R1_2011_MID--AUDIO_R1-D9_11_Track11_wav.midi,HVLA,0.6431473411996372,predicted,stacked_v4_40dim
ORIG-MIDI_01_7_8_13_Group__MID--AUDIO_03_R2_2013_wav--1,/Users/mymac/PycharmProjects/EEG-to-classical-music/data/maestro-v3.0.0/2013/ORIG-MIDI_01_7_8_13_Group__MID--AUDIO_03_R2_2013_wav--1.midi,HVLA,0.6230225123898463,predicted,stacked_v4_40dim
MIDI-Unprocessed_061_PIANO061_MID--AUDIO-split_07-07-17_Piano-e_2-05_wav--3,/Users/mymac/PycharmProjects/EEG-to-classical-music/data/maestro-v3.0.0/2017/MIDI-Unprocessed_061_PIANO061_MID--AUDIO-split_07-07-17_Piano-e_2-05_wav--3.midi,HVHA,0.8238457614592665,predicted,stacked_v4_40dim
MIDI-Unprocessed_06_R1_2009_03-07_ORIG_MID--AUDIO_06_R1_2009_06_R1_2009_06_WAV,/Users/mymac/PycharmProjects/EEG-to-classical-music/data/maestro-v3.0.0/2009/MIDI-Unprocessed_06_R1_2009_03-07_ORIG_MID--AUDIO_06_R1_2009_06_R1_2009_06_WAV.midi,HVHA,0.7826999125325307,predicted,stacked_v4_40dim
ORIG-MIDI_01_7_7_13_Group__MID--AUDIO_11_R1_2013_wav--3,/Users/mymac/PycharmProjects/EEG-to-classical-music/data/maestro-v3.0.0/2013/ORIG-MIDI_01_7_7_13_Group__MID--AUDIO_11_R1_2013_wav--3.midi,HVHA,0.3982701488927539,predicted,stacked_v4_40dim
MIDI-Unprocessed_12_R3_2011_MID--AUDIO_R3-D4_02_Track02_wav,/Users/mymac/PycharmProjects/EEG-to-classical-music/data/maestro-v3.0.0/2011/MIDI-Unprocessed_12_R3_2011_MID--AUDIO_R3-D4_02_Track02_wav.midi,HVHA,0.40246990516243164,predicted,stacked_v4_40dim
ORIG-MIDI_02_7_7_13_Group__MID--AUDIO_16_R1_2013_wav--3,/Users/mymac/PycharmProjects/EEG-to-classical-music/data/maestro-v3.0.0/2013/ORIG-MIDI_02_7_7_13_Group__MID--AUDIO_16_R1_2013_wav--3.midi,HVHA,0.5024281221129993,predicted,stacked_v4_40dim
MIDI-Unprocessed_07_R2_2008_01-05_ORIG_MID--AUDIO_07_R2_2008_wav--3,/Users/mymac/PycharmProjects/EEG-to-classical-music/data/maestro-v3.0.0/2008/MIDI-Unprocessed_07_R2_2008_01-05_ORIG_MID--AUDIO_07_R2_2008_wav--3.midi,HVHA,0.7283948302826836,predicted,stacked_v4_40dim
MIDI-UNPROCESSED_04-05_R1_2014_MID--AUDIO_05_R1_2014_wav--5,/Users/mymac/PycharmProjects/EEG-to-classical-music/data/maestro-v3.0.0/2014/MIDI-UNPROCESSED_04-05_R1_2014_MID--AUDIO_05_R1_2014_wav--5.midi,HVHA,0.35442451591535556,predicted,stacked_v4_40dim
MIDI-Unprocessed_07_R2_2008_01-05_ORIG_MID--AUDIO_07_R2_2008_wav--2,/Users/mymac/PycharmProjects/EEG-to-classical-music/data/maestro-v3.0.0/2008/MIDI-Unprocessed_07_R2_2008_01-05_ORIG_MID--AUDIO_07_R2_2008_wav--2.midi,LVLA,0.4725065622870661,predicted,stacked_v4_40dim
MIDI-UNPROCESSED_04-08-12_R3_2014_MID--AUDIO_12_R3_2014_wav--2,/Users/mymac/PycharmProjects/EEG-to-classical-music/data/maestro-v3.0.0/2014/MIDI-UNPROCESSED_04-08-12_R3_2014_MID--AUDIO_12_R3_2014_wav--2.midi,LVLA,0.6346638287058798,predicted,stacked_v4_40dim
MIDI-Unprocessed_R1_D1-9-12_mid--AUDIO-from_mp3_12_R1_2015_wav--3,/Users/mymac/PycharmProjects/EEG-to-classical-music/data/maestro-v3.0.0/2015/MIDI-Unprocessed_R1_D1-9-12_mid--AUDIO-from_mp3_12_R1_2015_wav--3.midi,LVLA,0.3245234786373513,predicted,stacked_v4_40dim
MIDI-Unprocessed_22_R2_2011_MID--AUDIO_R2-D5_10_Track10_wav,/Users/mymac/PycharmProjects/EEG-to-classical-music/data/maestro-v3.0.0/2011/MIDI-Unprocessed_22_R2_2011_MID--AUDIO_R2-D5_10_Track10_wav.midi,LVLA,0.6312967764583856,predicted,stacked_v4_40dim
MIDI-Unprocessed_R1_D2-21-22_mid--AUDIO-from_mp3_22_R1_2015_wav--4,/Users/mymac/PycharmProjects/EEG-to-classical-music/data/maestro-v3.0.0/2015/MIDI-Unprocessed_R1_D2-21-22_mid--AUDIO-from_mp3_22_R1_2015_wav--4.midi,LVLA,0.4632672888859296,predicted,stacked_v4_40dim
MIDI-Unprocessed_058_PIANO058_MID--AUDIO-split_07-07-17_Piano-e_2-02_wav--4,/Users/mymac/PycharmProjects/EEG-to-classical-music/data/maestro-v3.0.0/2017/MIDI-Unprocessed_058_PIANO058_MID--AUDIO-split_07-07-17_Piano-e_2-02_wav--4.midi,LVLA,0.44178019843806415,predicted,stacked_v4_40dim
MIDI-Unprocessed_02_R2_2011_MID--AUDIO_R2-D1_03_Track03_wav,/Users/mymac/PycharmProjects/EEG-to-classical-music/data/maestro-v3.0.0/2011/MIDI-Unprocessed_02_R2_2011_MID--AUDIO_R2-D1_03_Track03_wav.midi,HVHA,0.6791618592127511,predicted,stacked_v4_40dim
MIDI-Unprocessed_R1_D1-1-8_mid--AUDIO-from_mp3_01_R1_2015_wav--2,/Users/mymac/PycharmProjects/EEG-to-classical-music/data/maestro-v3.0.0/2015/MIDI-Unprocessed_R1_D1-1-8_mid--AUDIO-from_mp3_01_R1_2015_wav--2.midi,HVHA,0.4759076760353217,predicted,stacked_v4_40dim
MIDI-Unprocessed_R1_D1-1-8_mid--AUDIO-from_mp3_04_R1_2015_wav--3,/Users/mymac/PycharmProjects/EEG-to-classical-music/data/maestro-v3.0.0/2015/MIDI-Unprocessed_R1_D1-1-8_mid--AUDIO-from_mp3_04_R1_2015_wav--3.midi,LVHA,0.4067163450709887,predicted,stacked_v4_40dim
MIDI-Unprocessed_072_PIANO072_MID--AUDIO-split_07-08-17_Piano-e_1-06_wav--3,/Users/mymac/PycharmProjects/EEG-to-classical-music/data/maestro-v3.0.0/2017/MIDI-Unprocessed_072_PIANO072_MID--AUDIO-split_07-08-17_Piano-e_1-06_wav--3.midi,LVLA,0.6405813237471204,predicted,stacked_v4_40dim
MIDI-Unprocessed_06_R1_2009_03-07_ORIG_MID--AUDIO_06_R1_2009_06_R1_2009_05_WAV,/Users/mymac/PycharmProjects/EEG-to-classical-music/data/maestro-v3.0.0/2009/MIDI-Unprocessed_06_R1_2009_03-07_ORIG_MID--AUDIO_06_R1_2009_06_R1_2009_05_WAV.midi,LVLA,0.5051578905085389,predicted,stacked_v4_40dim
MIDI-Unprocessed_06_R3_2011_MID--AUDIO_R3-D3_05_Track05_wav,/Users/mymac/PycharmProjects/EEG-to-classical-music/data/maestro-v3.0.0/2011/MIDI-Unprocessed_06_R3_2011_MID--AUDIO_R3-D3_05_Track05_wav.midi,HVHA,0.5804368827890032,predicted,stacked_v4_40dim
MIDI-Unprocessed_02_R1_2009_03-06_ORIG_MID--AUDIO_02_R1_2009_02_R1_2009_03_WAV,/Users/mymac/PycharmProjects/EEG-to-classical-music/data/maestro-v3.0.0/2009/MIDI-Unprocessed_02_R1_2009_03-06_ORIG_MID--AUDIO_02_R1_2009_02_R1_2009_03_WAV.midi,HVHA,0.3929577136154395,predicted,stacked_v4_40dim
MIDI-UNPROCESSED_01-03_R1_2014_MID--AUDIO_03_R1_2014_wav--4,/Users/mymac/PycharmProjects/EEG-to-classical-music/data/maestro-v3.0.0/2014/MIDI-UNPROCESSED_01-03_R1_2014_MID--AUDIO_03_R1_2014_wav--4.midi,HVHA,0.7351234704039139,predicted,stacked_v4_40dim
MIDI-Unprocessed_16_R1_2008_01-04_ORIG_MID--AUDIO_16_R1_2008_wav--3,/Users/mymac/PycharmProjects/EEG-to-classical-music/data/maestro-v3.0.0/2008/MIDI-Unprocessed_16_R1_2008_01-04_ORIG_MID--AUDIO_16_R1_2008_wav--3.midi,HVLA,0.43175067881580576,predicted,stacked_v4_40dim
MIDI-UNPROCESSED_04-05_R1_2014_MID--AUDIO_05_R1_2014_wav--6,/Users/mymac/PycharmProjects/EEG-to-classical-music/data/maestro-v3.0.0/2014/MIDI-UNPROCESSED_04-05_R1_2014_MID--AUDIO_05_R1_2014_wav--6.midi,LVLA,0.5787478528657751,predicted,stacked_v4_40dim
MIDI-Unprocessed_057_PIANO057_MID--AUDIO-split_07-07-17_Piano-e_1-07_wav--3,/Users/mymac/PycharmProjects/EEG-to-classical-music/data/maestro-v3.0.0/2017/MIDI-Unprocessed_057_PIANO057_MID--AUDIO-split_07-07-17_Piano-e_1-07_wav--3.midi,LVLA,0.6630115046103455,predicted,stacked_v4_40dim
MIDI-Unprocessed_19_R1_2006_01-07_ORIG_MID--AUDIO_19_R1_2006_06_Track06_wav,/Users/mymac/PycharmProjects/EEG-to-classical-music/data/maestro-v3.0.0/2006/MIDI-Unprocessed_19_R1_2006_01-07_ORIG_MID--AUDIO_19_R1_2006_06_Track06_wav.midi,LVHA,0.46653508231706614,predicted,stacked_v4_40dim
MIDI-Unprocessed_19_R1_2006_01-07_ORIG_MID--AUDIO_19_R1_2006_07_Track07_wav,/Users/mymac/PycharmProjects/EEG-to-classical-music/data/maestro-v3.0.0/2006/MIDI-Unprocessed_19_R1_2006_01-07_ORIG_MID--AUDIO_19_R1_2006_07_Track07_wav.midi,HVHA,0.6954148293385664,predicted,stacked_v4_40dim
ORIG-MIDI_03_7_8_13_Group__MID--AUDIO_18_R2_2013_wav--3,/Users/mymac/PycharmProjects/EEG-to-classical-music/data/maestro-v3.0.0/2013/ORIG-MIDI_03_7_8_13_Group__MID--AUDIO_18_R2_2013_wav--3.midi,LVLA,0.4293439382411877,predicted,stacked_v4_40dim
MIDI-Unprocessed_17_R2_2008_01-04_ORIG_MID--AUDIO_17_R2_2008_wav--1,/Users/mymac/PycharmProjects/EEG-to-classical-music/data/maestro-v3.0.0/2008/MIDI-Unprocessed_17_R2_2008_01-04_ORIG_MID--AUDIO_17_R2_2008_wav--1.midi,LVHA,0.3964677748377682,predicted,stacked_v4_40dim
MIDI-Unprocessed_09_R2_2008_01-05_ORIG_MID--AUDIO_09_R2_2008_wav--3,/Users/mymac/PycharmProjects/EEG-to-classical-music/data/maestro-v3.0.0/2008/MIDI-Unprocessed_09_R2_2008_01-05_ORIG_MID--AUDIO_09_R2_2008_wav--3.midi,HVLA,0.520075249696227,predicted,stacked_v4_40dim
MIDI-Unprocessed_15_R1_2006_01-05_ORIG_MID--AUDIO_15_R1_2006_02_Track02_wav,/Users/mymac/PycharmProjects/EEG-to-classical-music/data/maestro-v3.0.0/2006/MIDI-Unprocessed_15_R1_2006_01-05_ORIG_MID--AUDIO_15_R1_2006_02_Track02_wav.midi,HVHA,0.5472612979865464,predicted,stacked_v4_40dim
ORIG-MIDI_03_7_8_13_Group__MID--AUDIO_19_R2_2013_wav--4,/Users/mymac/PycharmProjects/EEG-to-classical-music/data/maestro-v3.0.0/2013/ORIG-MIDI_03_7_8_13_Group__MID--AUDIO_19_R2_2013_wav--4.midi,HVHA,0.5861830953824642,predicted,stacked_v4_40dim
MIDI-Unprocessed_22_R2_2011_MID--AUDIO_R2-D5_11_Track11_wav,/Users/mymac/PycharmProjects/EEG-to-classical-music/data/maestro-v3.0.0/2011/MIDI-Unprocessed_22_R2_2011_MID--AUDIO_R2-D5_11_Track11_wav.midi,HVLA,0.5113194168271682,predicted,stacked_v4_40dim
MIDI-Unprocessed_17_R1_2006_01-06_ORIG_MID--AUDIO_17_R1_2006_02_Track02_wav,/Users/mymac/PycharmProjects/EEG-to-classical-music/data/maestro-v3.0.0/2006/MIDI-Unprocessed_17_R1_2006_01-06_ORIG_MID--AUDIO_17_R1_2006_02_Track02_wav.midi,HVHA,0.7576695133085631,predicted,stacked_v4_40dim
MIDI-Unprocessed_12_R1_2008_01-04_ORIG_MID--AUDIO_12_R1_2008_wav--4,/Users/mymac/PycharmProjects/EEG-to-classical-music/data/maestro-v3.0.0/2008/MIDI-Unprocessed_12_R1_2008_01-04_ORIG_MID--AUDIO_12_R1_2008_wav--4.midi,HVHA,0.7701330906602804,predicted,stacked_v4_40dim
MIDI-Unprocessed_01_R1_2009_01-04_ORIG_MID--AUDIO_01_R1_2009_01_R1_2009_04_WAV,/Users/mymac/PycharmProjects/EEG-to-classical-music/data/maestro-v3.0.0/2009/MIDI-Unprocessed_01_R1_2009_01-04_ORIG_MID--AUDIO_01_R1_2009_01_R1_2009_04_WAV.midi,HVHA,0.6785254122240191,predicted,stacked_v4_40dim
MIDI-Unprocessed_07_R1_2009_01-03_ORIG_MID--AUDIO_07_R1_2009_07_R1_2009_03_WAV,/Users/mymac/PycharmProjects/EEG-to-classical-music/data/maestro-v3.0.0/2009/MIDI-Unprocessed_07_R1_2009_01-03_ORIG_MID--AUDIO_07_R1_2009_07_R1_2009_03_WAV.midi,HVHA,0.7371641277354107,predicted,stacked_v4_40dim
MIDI-Unprocessed_R1_D1-1-8_mid--AUDIO-from_mp3_02_R1_2015_wav--5,/Users/mymac/PycharmProjects/EEG-to-classical-music/data/maestro-v3.0.0/2015/MIDI-Unprocessed_R1_D1-1-8_mid--AUDIO-from_mp3_02_R1_2015_wav--5.midi,HVLA,0.41077059324592097,predicted,stacked_v4_40dim
MIDI-Unprocessed_17_R1_2009_04_ORIG_MID--AUDIO_17_R1_2009_17_R1_2009_04_WAV,/Users/mymac/PycharmProjects/EEG-to-classical-music/data/maestro-v3.0.0/2009/MIDI-Unprocessed_17_R1_2009_04_ORIG_MID--AUDIO_17_R1_2009_17_R1_2009_04_WAV.midi,HVHA,0.6731730849726923,predicted,stacked_v4_40dim
MIDI-Unprocessed_19_R1_2011_MID--AUDIO_R1-D7_15_Track15_wav,/Users/mymac/PycharmProjects/EEG-to-classical-music/data/maestro-v3.0.0/2011/MIDI-Unprocessed_19_R1_2011_MID--AUDIO_R1-D7_15_Track15_wav.midi,HVHA,0.7700683231432616,predicted,stacked_v4_40dim
ORIG-MIDI_01_7_6_13_Group__MID--AUDIO_04_R1_2013_wav--4,/Users/mymac/PycharmProjects/EEG-to-classical-music/data/maestro-v3.0.0/2013/ORIG-MIDI_01_7_6_13_Group__MID--AUDIO_04_R1_2013_wav--4.midi,HVHA,0.7980902547265661,predicted,stacked_v4_40dim
MIDI-Unprocessed_01_R1_2011_MID--AUDIO_R1-D1_06_Track06_wav,/Users/mymac/PycharmProjects/EEG-to-classical-music/data/maestro-v3.0.0/2011/MIDI-Unprocessed_01_R1_2011_MID--AUDIO_R1-D1_06_Track06_wav.midi,HVHA,0.5398295558460591,predicted,stacked_v4_40dim
MIDI-Unprocessed_07_R1_2011_MID--AUDIO_R1-D3_05_Track05_wav,/Users/mymac/PycharmProjects/EEG-to-classical-music/data/maestro-v3.0.0/2011/MIDI-Unprocessed_07_R1_2011_MID--AUDIO_R1-D3_05_Track05_wav.midi,HVHA,0.6068234280959108,predicted,stacked_v4_40dim
ORIG-MIDI_03_7_6_13_Group__MID--AUDIO_10_R1_2013_wav--4,/Users/mymac/PycharmProjects/EEG-to-classical-music/data/maestro-v3.0.0/2013/ORIG-MIDI_03_7_6_13_Group__MID--AUDIO_10_R1_2013_wav--4.midi,HVHA,0.6254477391152359,predicted,stacked_v4_40dim
MIDI-UNPROCESSED_06-08_R1_2014_MID--AUDIO_07_R1_2014_wav--3,/Users/mymac/PycharmProjects/EEG-to-classical-music/data/maestro-v3.0.0/2014/MIDI-UNPROCESSED_06-08_R1_2014_MID--AUDIO_07_R1_2014_wav--3.midi,HVHA,0.845259935893278,predicted,stacked_v4_40dim
MIDI-Unprocessed_R1_D1-1-8_mid--AUDIO-from_mp3_07_R1_2015_wav--4,/Users/mymac/PycharmProjects/EEG-to-classical-music/data/maestro-v3.0.0/2015/MIDI-Unprocessed_R1_D1-1-8_mid--AUDIO-from_mp3_07_R1_2015_wav--4.midi,HVHA,0.8500904771475816,predicted,stacked_v4_40dim
MIDI-Unprocessed_056_PIANO056_MID--AUDIO-split_07-07-17_Piano-e_1-05_wav--4,/Users/mymac/PycharmProjects/EEG-to-classical-music/data/maestro-v3.0.0/2017/MIDI-Unprocessed_056_PIANO056_MID--AUDIO-split_07-07-17_Piano-e_1-05_wav--4.midi,HVHA,0.8344525949914127,predicted,stacked_v4_40dim
MIDI-Unprocessed_057_PIANO057_MID--AUDIO-split_07-07-17_Piano-e_1-07_wav--5,/Users/mymac/PycharmProjects/EEG-to-classical-music/data/maestro-v3.0.0/2017/MIDI-Unprocessed_057_PIANO057_MID--AUDIO-split_07-07-17_Piano-e_1-07_wav--5.midi,HVHA,0.8250202488672325,predicted,stacked_v4_40dim
MIDI-Unprocessed_10_R1_2008_01-04_ORIG_MID--AUDIO_10_R1_2008_wav--3,/Users/mymac/PycharmProjects/EEG-to-classical-music/data/maestro-v3.0.0/2008/MIDI-Unprocessed_10_R1_2008_01-04_ORIG_MID--AUDIO_10_R1_2008_wav--3.midi,HVHA,0.8319209073317325,predicted,stacked_v4_40dim
MIDI-Unprocessed_R1_D2-13-20_mid--AUDIO-from_mp3_16_R1_2015_wav--4,/Users/mymac/PycharmProjects/EEG-to-classical-music/data/maestro-v3.0.0/2015/MIDI-Unprocessed_R1_D2-13-20_mid--AUDIO-from_mp3_16_R1_2015_wav--4.midi,HVHA,0.8396004160544825,predicted,stacked_v4_40dim
MIDI-Unprocessed_R1_D2-13-20_mid--AUDIO-from_mp3_20_R1_2015_wav--4,/Users/mymac/PycharmProjects/EEG-to-classical-music/data/maestro-v3.0.0/2015/MIDI-Unprocessed_R1_D2-13-20_mid--AUDIO-from_mp3_20_R1_2015_wav--4.midi,HVHA,0.8617957048162567,predicted,stacked_v4_40dim
MIDI-Unprocessed_R2_D1-2-3-6-7-8-11_mid--AUDIO-from_mp3_06_R2_2015_wav--4,/Users/mymac/PycharmProjects/EEG-to-classical-music/data/maestro-v3.0.0/2015/MIDI-Unprocessed_R2_D1-2-3-6-7-8-11_mid--AUDIO-from_mp3_06_R2_2015_wav--4.midi,HVHA,0.8518384930378914,predicted,stacked_v4_40dim
MIDI-Unprocessed_R2_D2-19-21-22_mid--AUDIO-from_mp3_22_R2_2015_wav--3,/Users/mymac/PycharmProjects/EEG-to-classical-music/data/maestro-v3.0.0/2015/MIDI-Unprocessed_R2_D2-19-21-22_mid--AUDIO-from_mp3_22_R2_2015_wav--3.midi,HVHA,0.8087822312787462,predicted,stacked_v4_40dim
MIDI-Unprocessed_062_PIANO062_MID--AUDIO-split_07-07-17_Piano-e_2-07_wav--4,/Users/mymac/PycharmProjects/EEG-to-classical-music/data/maestro-v3.0.0/2017/MIDI-Unprocessed_062_PIANO062_MID--AUDIO-split_07-07-17_Piano-e_2-07_wav--4.midi,HVHA,0.8318822019852891,predicted,stacked_v4_40dim
MIDI-Unprocessed_06_R1_2009_03-07_ORIG_MID--AUDIO_06_R1_2009_06_R1_2009_07_WAV,/Users/mymac/PycharmProjects/EEG-to-classical-music/data/maestro-v3.0.0/2009/MIDI-Unprocessed_06_R1_2009_03-07_ORIG_MID--AUDIO_06_R1_2009_06_R1_2009_07_WAV.midi,HVHA,0.7906570404816115,predicted,stacked_v4_40dim
MIDI-Unprocessed_01_R1_2006_01-09_ORIG_MID--AUDIO_01_R1_2006_05_Track05_wav,/Users/mymac/PycharmProjects/EEG-to-classical-music/data/maestro-v3.0.0/2006/MIDI-Unprocessed_01_R1_2006_01-09_ORIG_MID--AUDIO_01_R1_2006_05_Track05_wav.midi,HVHA,0.48493517739591724,predicted,stacked_v4_40dim
MIDI-Unprocessed_R1_D1-1-8_mid--AUDIO-from_mp3_05_R1_2015_wav--5,/Users/mymac/PycharmProjects/EEG-to-classical-music/data/maestro-v3.0.0/2015/MIDI-Unprocessed_R1_D1-1-8_mid--AUDIO-from_mp3_05_R1_2015_wav--5.midi,HVLA,0.49236904370098405,predicted,stacked_v4_40dim
MIDI-Unprocessed_23_R1_2011_MID--AUDIO_R1-D9_04_Track04_wav,/Users/mymac/PycharmProjects/EEG-to-classical-music/data/maestro-v3.0.0/2011/MIDI-Unprocessed_23_R1_2011_MID--AUDIO_R1-D9_04_Track04_wav.midi,HVHA,0.8189295413804156,predicted,stacked_v4_40dim
MIDI-Unprocessed_XP_10_R1_2004_03-04_ORIG_MID--AUDIO_10_R1_2004_03_Track03_wav,/Users/mymac/PycharmProjects/EEG-to-classical-music/data/maestro-v3.0.0/2004/MIDI-Unprocessed_XP_10_R1_2004_03-04_ORIG_MID--AUDIO_10_R1_2004_03_Track03_wav.midi,HVHA,0.7983116088835737,predicted,stacked_v4_40dim
MIDI-Unprocessed_16_R1_2009_01-02_ORIG_MID--AUDIO_16_R1_2009_16_R1_2009_02_WAV,/Users/mymac/PycharmProjects/EEG-to-classical-music/data/maestro-v3.0.0/2009/MIDI-Unprocessed_16_R1_2009_01-02_ORIG_MID--AUDIO_16_R1_2009_16_R1_2009_02_WAV.midi,HVHA,0.7654862417141336,predicted,stacked_v4_40dim
MIDI-Unprocessed_08_R2_2008_01-04_ORIG_MID--AUDIO_08_R2_2008_wav--1,/Users/mymac/PycharmProjects/EEG-to-classical-music/data/maestro-v3.0.0/2008/MIDI-Unprocessed_08_R2_2008_01-04_ORIG_MID--AUDIO_08_R2_2008_wav--1.midi,HVHA,0.841763956967493,predicted,stacked_v4_40dim
MIDI-UNPROCESSED_06-08_R1_2014_MID--AUDIO_07_R1_2014_wav--4,/Users/mymac/PycharmProjects/EEG-to-classical-music/data/maestro-v3.0.0/2014/MIDI-UNPROCESSED_06-08_R1_2014_MID--AUDIO_07_R1_2014_wav--4.midi,HVHA,0.8301939566884146,predicted,stacked_v4_40dim
MIDI-Unprocessed_R1_D2-13-20_mid--AUDIO-from_mp3_15_R1_2015_wav--5,/Users/mymac/PycharmProjects/EEG-to-classical-music/data/maestro-v3.0.0/2015/MIDI-Unprocessed_R1_D2-13-20_mid--AUDIO-from_mp3_15_R1_2015_wav--5.midi,HVHA,0.8153637184969655,predicted,stacked_v4_40dim
ORIG-MIDI_03_7_6_13_Group__MID--AUDIO_09_R1_2013_wav--4,/Users/mymac/PycharmProjects/EEG-to-classical-music/data/maestro-v3.0.0/2013/ORIG-MIDI_03_7_6_13_Group__MID--AUDIO_09_R1_2013_wav--4.midi,HVHA,0.8212393646444994,predicted,stacked_v4_40dim
MIDI-Unprocessed_041_PIANO041_MID--AUDIO-split_07-06-17_Piano-e_1-01_wav--4,/Users/mymac/PycharmProjects/EEG-to-classical-music/data/maestro-v3.0.0/2017/MIDI-Unprocessed_041_PIANO041_MID--AUDIO-split_07-06-17_Piano-e_1-01_wav--4.midi,HVHA,0.7764963179549134,predicted,stacked_v4_40dim
MIDI-Unprocessed_044_PIANO044_MID--AUDIO-split_07-06-17_Piano-e_1-04_wav--4,/Users/mymac/PycharmProjects/EEG-to-classical-music/data/maestro-v3.0.0/2017/MIDI-Unprocessed_044_PIANO044_MID--AUDIO-split_07-06-17_Piano-e_1-04_wav--4.midi,HVHA,0.8048548204477811,predicted,stacked_v4_40dim
MIDI-Unprocessed_048_PIANO048_MID--AUDIO-split_07-06-17_Piano-e_2-05_wav--4,/Users/mymac/PycharmProjects/EEG-to-classical-music/data/maestro-v3.0.0/2017/MIDI-Unprocessed_048_PIANO048_MID--AUDIO-split_07-06-17_Piano-e_2-05_wav--4.midi,HVHA,0.8499465912114491,predicted,stacked_v4_40dim
MIDI-Unprocessed_053_PIANO053_MID--AUDIO-split_07-06-17_Piano-e_3-04_wav--4,/Users/mymac/PycharmProjects/EEG-to-classical-music/data/maestro-v3.0.0/2017/MIDI-Unprocessed_053_PIANO053_MID--AUDIO-split_07-06-17_Piano-e_3-04_wav--4.midi,HVHA,0.8052999782296361,predicted,stacked_v4_40dim
MIDI-Unprocessed_07_R1_2006_01-04_ORIG_MID--AUDIO_07_R1_2006_03_Track03_wav,/Users/mymac/PycharmProjects/EEG-to-classical-music/data/maestro-v3.0.0/2006/MIDI-Unprocessed_07_R1_2006_01-04_ORIG_MID--AUDIO_07_R1_2006_03_Track03_wav.midi,HVHA,0.8054478939151312,predicted,stacked_v4_40dim
MIDI-Unprocessed_Recital5-7_MID--AUDIO_06_R1_2018_wav--3,/Users/mymac/PycharmProjects/EEG-to-classical-music/data/maestro-v3.0.0/2018/MIDI-Unprocessed_Recital5-7_MID--AUDIO_06_R1_2018_wav--3.midi,HVHA,0.5369123445791347,predicted,stacked_v4_40dim
ORIG-MIDI_02_7_10_13_Group_MID--AUDIO_14_R3_2013_wav--2,/Users/mymac/PycharmProjects/EEG-to-classical-music/data/maestro-v3.0.0/2013/ORIG-MIDI_02_7_10_13_Group_MID--AUDIO_14_R3_2013_wav--2.midi,HVHA,0.5150939785388793,predicted,stacked_v4_40dim
MIDI-Unprocessed_20_R1_2006_01-04_ORIG_MID--AUDIO_20_R1_2006_04_Track04_wav,/Users/mymac/PycharmProjects/EEG-to-classical-music/data/maestro-v3.0.0/2006/MIDI-Unprocessed_20_R1_2006_01-04_ORIG_MID--AUDIO_20_R1_2006_04_Track04_wav.midi,HVHA,0.8376047907666709,predicted,stacked_v4_40dim
MIDI-Unprocessed_XP_09_R1_2004_05_ORIG_MID--AUDIO_09_R1_2004_06_Track06_wav,/Users/mymac/PycharmProjects/EEG-to-classical-music/data/maestro-v3.0.0/2004/MIDI-Unprocessed_XP_09_R1_2004_05_ORIG_MID--AUDIO_09_R1_2004_06_Track06_wav.midi,HVHA,0.8028089213786731,predicted,stacked_v4_40dim
MIDI-Unprocessed_XP_09_R1_2004_05_ORIG_MID--AUDIO_09_R1_2004_07_Track07_wav,/Users/mymac/PycharmProjects/EEG-to-classical-music/data/maestro-v3.0.0/2004/MIDI-Unprocessed_XP_09_R1_2004_05_ORIG_MID--AUDIO_09_R1_2004_07_Track07_wav.midi,HVHA,0.8200776720923914,predicted,stacked_v4_40dim
MIDI-Unprocessed_XP_09_R1_2004_05_ORIG_MID--AUDIO_09_R1_2004_08_Track08_wav,/Users/mymac/PycharmProjects/EEG-to-classical-music/data/maestro-v3.0.0/2004/MIDI-Unprocessed_XP_09_R1_2004_05_ORIG_MID--AUDIO_09_R1_2004_08_Track08_wav.midi,HVHA,0.8594028063939726,predicted,stacked_v4_40dim
MIDI-Unprocessed_Recital13-15_MID--AUDIO_13_R1_2018_wav--3,/Users/mymac/PycharmProjects/EEG-to-classical-music/data/maestro-v3.0.0/2018/MIDI-Unprocessed_Recital13-15_MID--AUDIO_13_R1_2018_wav--3.midi,HVHA,0.8508440978702887,predicted,stacked_v4_40dim
MIDI-Unprocessed_Chamber5_MID--AUDIO_18_R3_2018_wav--1,/Users/mymac/PycharmProjects/EEG-to-classical-music/data/maestro-v3.0.0/2018/MIDI-Unprocessed_Chamber5_MID--AUDIO_18_R3_2018_wav--1.midi,HVHA,0.8353602884415068,predicted,stacked_v4_40dim
MIDI-UNPROCESSED_06-08_R1_2014_MID--AUDIO_06_R1_2014_wav--2,/Users/mymac/PycharmProjects/EEG-to-classical-music/data/maestro-v3.0.0/2014/MIDI-UNPROCESSED_06-08_R1_2014_MID--AUDIO_06_R1_2014_wav--2.midi,HVHA,0.8290997033224978,predicted,stacked_v4_40dim
MIDI-UNPROCESSED_21-22_R1_2014_MID--AUDIO_22_R1_2014_wav--5,/Users/mymac/PycharmProjects/EEG-to-classical-music/data/maestro-v3.0.0/2014/MIDI-UNPROCESSED_21-22_R1_2014_MID--AUDIO_22_R1_2014_wav--5.midi,HVHA,0.8258837835278778,predicted,stacked_v4_40dim
ORIG-MIDI_03_7_8_13_Group__MID--AUDIO_18_R2_2013_wav--4,/Users/mymac/PycharmProjects/EEG-to-classical-music/data/maestro-v3.0.0/2013/ORIG-MIDI_03_7_8_13_Group__MID--AUDIO_18_R2_2013_wav--4.midi,HVHA,0.7574812914363951,predicted,stacked_v4_40dim
MIDI-Unprocessed_052_PIANO052_MID--AUDIO-split_07-06-17_Piano-e_3-03_wav--5,/Users/mymac/PycharmProjects/EEG-to-classical-music/data/maestro-v3.0.0/2017/MIDI-Unprocessed_052_PIANO052_MID--AUDIO-split_07-06-17_Piano-e_3-03_wav--5.midi,HVHA,0.7863004100916415,predicted,stacked_v4_40dim
MIDI-Unprocessed_XP_18_R1_2004_04_ORIG_MID--AUDIO_18_R1_2004_07_Track07_wav,/Users/mymac/PycharmProjects/EEG-to-classical-music/data/maestro-v3.0.0/2004/MIDI-Unprocessed_XP_18_R1_2004_04_ORIG_MID--AUDIO_18_R1_2004_07_Track07_wav.midi,HVHA,0.7796073386810186,predicted,stacked_v4_40dim
MIDI-Unprocessed_11_R1_2011_MID--AUDIO_R1-D4_10_Track10_wav,/Users/mymac/PycharmProjects/EEG-to-classical-music/data/maestro-v3.0.0/2011/MIDI-Unprocessed_11_R1_2011_MID--AUDIO_R1-D4_10_Track10_wav.midi,LVLA,0.5514161438566129,predicted,stacked_v4_40dim
MIDI-Unprocessed_11_R1_2011_MID--AUDIO_R1-D4_11_Track11_wav,/Users/mymac/PycharmProjects/EEG-to-classical-music/data/maestro-v3.0.0/2011/MIDI-Unprocessed_11_R1_2011_MID--AUDIO_R1-D4_11_Track11_wav.midi,HVLA,0.7755993157029292,predicted,stacked_v4_40dim
MIDI-Unprocessed_R1_D2-13-20_mid--AUDIO-from_mp3_15_R1_2015_wav--4,/Users/mymac/PycharmProjects/EEG-to-classical-music/data/maestro-v3.0.0/2015/MIDI-Unprocessed_R1_D2-13-20_mid--AUDIO-from_mp3_15_R1_2015_wav--4.midi,HVHA,0.7787974125706081,predicted,stacked_v4_40dim
MIDI-Unprocessed_07_R1_2009_01-03_ORIG_MID--AUDIO_07_R1_2009_07_R1_2009_02_WAV,/Users/mymac/PycharmProjects/EEG-to-classical-music/data/maestro-v3.0.0/2009/MIDI-Unprocessed_07_R1_2009_01-03_ORIG_MID--AUDIO_07_R1_2009_07_R1_2009_02_WAV.midi,HVHA,0.8469889595805219,predicted,stacked_v4_40dim
MIDI-Unprocessed_06_R1_2006_01-04_ORIG_MID--AUDIO_06_R1_2006_04_Track04_wav,/Users/mymac/PycharmProjects/EEG-to-classical-music/data/maestro-v3.0.0/2006/MIDI-Unprocessed_06_R1_2006_01-04_ORIG_MID--AUDIO_06_R1_2006_04_Track04_wav.midi,HVHA,0.8039593029686398,predicted,stacked_v4_40dim
MIDI-Unprocessed_18_R1_2009_01-03_ORIG_MID--AUDIO_18_R1_2009_18_R1_2009_01_WAV,/Users/mymac/PycharmProjects/EEG-to-classical-music/data/maestro-v3.0.0/2009/MIDI-Unprocessed_18_R1_2009_01-03_ORIG_MID--AUDIO_18_R1_2009_18_R1_2009_01_WAV.midi,HVHA,0.8710522832894734,predicted,stacked_v4_40dim
MIDI-Unprocessed_Recital1-3_MID--AUDIO_01_R1_2018_wav--1,/Users/mymac/PycharmProjects/EEG-to-classical-music/data/maestro-v3.0.0/2018/MIDI-Unprocessed_Recital1-3_MID--AUDIO_01_R1_2018_wav--1.midi,HVHA,0.8138537988450073,predicted,stacked_v4_40dim
MIDI-Unprocessed_079_PIANO079_MID--AUDIO-split_07-09-17_Piano-e_1-04_wav--1,/Users/mymac/PycharmProjects/EEG-to-classical-music/data/maestro-v3.0.0/2017/MIDI-Unprocessed_079_PIANO079_MID--AUDIO-split_07-09-17_Piano-e_1-04_wav--1.midi,HVHA,0.7855438352193322,predicted,stacked_v4_40dim
MIDI-Unprocessed_XP_08_R1_2004_01-02_ORIG_MID--AUDIO_08_R1_2004_01_Track01_wav,/Users/mymac/PycharmProjects/EEG-to-classical-music/data/maestro-v3.0.0/2004/MIDI-Unprocessed_XP_08_R1_2004_01-02_ORIG_MID--AUDIO_08_R1_2004_01_Track01_wav.midi,HVHA,0.5639006383129793,predicted,stacked_v4_40dim
MIDI-Unprocessed_12_R1_2009_01-02_ORIG_MID--AUDIO_12_R1_2009_12_R1_2009_01_WAV,/Users/mymac/PycharmProjects/EEG-to-classical-music/data/maestro-v3.0.0/2009/MIDI-Unprocessed_12_R1_2009_01-02_ORIG_MID--AUDIO_12_R1_2009_12_R1_2009_01_WAV.midi,HVHA,0.6017394608695875,predicted,stacked_v4_40dim
MIDI-UNPROCESSED_11-13_R1_2014_MID--AUDIO_12_R1_2014_wav--2,/Users/mymac/PycharmProjects/EEG-to-classical-music/data/maestro-v3.0.0/2014/MIDI-UNPROCESSED_11-13_R1_2014_MID--AUDIO_12_R1_2014_wav--2.midi,HVHA,0.7157876464801405,predicted,stacked_v4_40dim
MIDI-Unprocessed_058_PIANO058_MID--AUDIO-split_07-07-17_Piano-e_2-02_wav--5,/Users/mymac/PycharmProjects/EEG-to-classical-music/data/maestro-v3.0.0/2017/MIDI-Unprocessed_058_PIANO058_MID--AUDIO-split_07-07-17_Piano-e_2-02_wav--5.midi,HVLA,0.773503739872805,predicted,stacked_v4_40dim
MIDI-Unprocessed_051_PIANO051_MID--AUDIO-split_07-06-17_Piano-e_3-02_wav--5,/Users/mymac/PycharmProjects/EEG-to-classical-music/data/maestro-v3.0.0/2017/MIDI-Unprocessed_051_PIANO051_MID--AUDIO-split_07-06-17_Piano-e_3-02_wav--5.midi,HVLA,0.7514816688979239,predicted,stacked_v4_40dim
MIDI-Unprocessed_15_R1_2006_01-05_ORIG_MID--AUDIO_15_R1_2006_04_Track04_wav,/Users/mymac/PycharmProjects/EEG-to-classical-music/data/maestro-v3.0.0/2006/MIDI-Unprocessed_15_R1_2006_01-05_ORIG_MID--AUDIO_15_R1_2006_04_Track04_wav.midi,HVHA,0.6589086378802325,predicted,stacked_v4_40dim
MIDI-UNPROCESSED_21-22_R1_2014_MID--AUDIO_21_R1_2014_wav--7,/Users/mymac/PycharmProjects/EEG-to-classical-music/data/maestro-v3.0.0/2014/MIDI-UNPROCESSED_21-22_R1_2014_MID--AUDIO_21_R1_2014_wav--7.midi,LVLA,0.4713188025005829,predicted,stacked_v4_40dim
MIDI-Unprocessed_03_R1_2009_03-08_ORIG_MID--AUDIO_03_R1_2009_03_R1_2009_06_WAV,/Users/mymac/PycharmProjects/EEG-to-classical-music/data/maestro-v3.0.0/2009/MIDI-Unprocessed_03_R1_2009_03-08_ORIG_MID--AUDIO_03_R1_2009_03_R1_2009_06_WAV.midi,HVHA,0.5388049540762713,predicted,stacked_v4_40dim
MIDI-Unprocessed_14_R1_2009_01-05_ORIG_MID--AUDIO_14_R1_2009_14_R1_2009_02_WAV,/Users/mymac/PycharmProjects/EEG-to-classical-music/data/maestro-v3.0.0/2009/MIDI-Unprocessed_14_R1_2009_01-05_ORIG_MID--AUDIO_14_R1_2009_14_R1_2009_02_WAV.midi,LVLA,0.6793166354755595,predicted,stacked_v4_40dim
MIDI-Unprocessed_05_R1_2006_01-05_ORIG_MID--AUDIO_05_R1_2006_03_Track03_wav,/Users/mymac/PycharmProjects/EEG-to-classical-music/data/maestro-v3.0.0/2006/MIDI-Unprocessed_05_R1_2006_01-05_ORIG_MID--AUDIO_05_R1_2006_03_Track03_wav.midi,HVHA,0.7445317391731935,predicted,stacked_v4_40dim
MIDI-Unprocessed_XP_04_R1_2004_03-05_ORIG_MID--AUDIO_04_R1_2004_04_Track04_wav,/Users/mymac/PycharmProjects/EEG-to-classical-music/data/maestro-v3.0.0/2004/MIDI-Unprocessed_XP_04_R1_2004_03-05_ORIG_MID--AUDIO_04_R1_2004_04_Track04_wav.midi,LVLA,0.7062992241322926,predicted,stacked_v4_40dim
MIDI-Unprocessed_XP_04_R1_2004_03-05_ORIG_MID--AUDIO_04_R1_2004_05_Track05_wav,/Users/mymac/PycharmProjects/EEG-to-classical-music/data/maestro-v3.0.0/2004/MIDI-Unprocessed_XP_04_R1_2004_03-05_ORIG_MID--AUDIO_04_R1_2004_05_Track05_wav.midi,HVLA,0.486558954637379,predicted,stacked_v4_40dim
MIDI-Unprocessed_03_R1_2009_03-08_ORIG_MID--AUDIO_03_R1_2009_03_R1_2009_08_WAV,/Users/mymac/PycharmProjects/EEG-to-classical-music/data/maestro-v3.0.0/2009/MIDI-Unprocessed_03_R1_2009_03-08_ORIG_MID--AUDIO_03_R1_2009_03_R1_2009_08_WAV.midi,HVHA,0.739081675659255,predicted,stacked_v4_40dim
MIDI-Unprocessed_SMF_17_R1_2004_03-06_ORIG_MID--AUDIO_20_R2_2004_08_Track08_wav,/Users/mymac/PycharmProjects/EEG-to-classical-music/data/maestro-v3.0.0/2004/MIDI-Unprocessed_SMF_17_R1_2004_03-06_ORIG_MID--AUDIO_20_R2_2004_08_Track08_wav.midi,HVLA,0.6567422391709635,predicted,stacked_v4_40dim
MIDI-Unprocessed_03_R1_2009_03-08_ORIG_MID--AUDIO_03_R1_2009_03_R1_2009_07_WAV,/Users/mymac/PycharmProjects/EEG-to-classical-music/data/maestro-v3.0.0/2009/MIDI-Unprocessed_03_R1_2009_03-08_ORIG_MID--AUDIO_03_R1_2009_03_R1_2009_07_WAV.midi,HVHA,0.661883811059628,predicted,stacked_v4_40dim
MIDI-Unprocessed_11_R1_2006_01-06_ORIG_MID--AUDIO_11_R1_2006_01_Track01_wav,/Users/mymac/PycharmProjects/EEG-to-classical-music/data/maestro-v3.0.0/2006/MIDI-Unprocessed_11_R1_2006_01-06_ORIG_MID--AUDIO_11_R1_2006_01_Track01_wav.midi,HVHA,0.793222902164411,predicted,stacked_v4_40dim
MIDI-Unprocessed_XP_11_R1_2004_01-02_ORIG_MID--AUDIO_11_R1_2004_01_Track01_wav,/Users/mymac/PycharmProjects/EEG-to-classical-music/data/maestro-v3.0.0/2004/MIDI-Unprocessed_XP_11_R1_2004_01-02_ORIG_MID--AUDIO_11_R1_2004_01_Track01_wav.midi,HVHA,0.7340817446948383,predicted,stacked_v4_40dim
MIDI-Unprocessed_06_R2_2008_01-05_ORIG_MID--AUDIO_06_R2_2008_wav--1,/Users/mymac/PycharmProjects/EEG-to-classical-music/data/maestro-v3.0.0/2008/MIDI-Unprocessed_06_R2_2008_01-05_ORIG_MID--AUDIO_06_R2_2008_wav--1.midi,LVHA,0.5120323495410627,predicted,stacked_v4_40dim
MIDI-Unprocessed_Recital17-19_MID--AUDIO_19_R1_2018_wav--1,/Users/mymac/PycharmProjects/EEG-to-classical-music/data/maestro-v3.0.0/2018/MIDI-Unprocessed_Recital17-19_MID--AUDIO_19_R1_2018_wav--1.midi,HVHA,0.41488964948001367,predicted,stacked_v4_40dim
MIDI-UNPROCESSED_04-05_R1_2014_MID--AUDIO_05_R1_2014_wav--1,/Users/mymac/PycharmProjects/EEG-to-classical-music/data/maestro-v3.0.0/2014/MIDI-UNPROCESSED_04-05_R1_2014_MID--AUDIO_05_R1_2014_wav--1.midi,HVHA,0.5252906442268417,predicted,stacked_v4_40dim
MIDI-Unprocessed_R2_D2-19-21-22_mid--AUDIO-from_mp3_19_R2_2015_wav--1,/Users/mymac/PycharmProjects/EEG-to-classical-music/data/maestro-v3.0.0/2015/MIDI-Unprocessed_R2_D2-19-21-22_mid--AUDIO-from_mp3_19_R2_2015_wav--1.midi,HVHA,0.5426156053235389,predicted,stacked_v4_40dim
MIDI-Unprocessed_06_R1_2009_03-07_ORIG_MID--AUDIO_06_R1_2009_06_R1_2009_03_WAV,/Users/mymac/PycharmProjects/EEG-to-classical-music/data/maestro-v3.0.0/2009/MIDI-Unprocessed_06_R1_2009_03-07_ORIG_MID--AUDIO_06_R1_2009_06_R1_2009_03_WAV.midi,HVHA,0.39687307916944753,predicted,stacked_v4_40dim
MIDI-Unprocessed_06_R1_2009_03-07_ORIG_MID--AUDIO_06_R1_2009_06_R1_2009_04_WAV,/Users/mymac/PycharmProjects/EEG-to-classical-music/data/maestro-v3.0.0/2009/MIDI-Unprocessed_06_R1_2009_03-07_ORIG_MID--AUDIO_06_R1_2009_06_R1_2009_04_WAV.midi,HVHA,0.6402184538261395,predicted,stacked_v4_40dim
MIDI-Unprocessed_R1_D1-1-8_mid--AUDIO-from_mp3_08_R1_2015_wav--1,/Users/mymac/PycharmProjects/EEG-to-classical-music/data/maestro-v3.0.0/2015/MIDI-Unprocessed_R1_D1-1-8_mid--AUDIO-from_mp3_08_R1_2015_wav--1.midi,HVLA,0.6028450529184795,predicted,stacked_v4_40dim
MIDI-Unprocessed_Recital5-7_MID--AUDIO_06_R1_2018_wav--1,/Users/mymac/PycharmProjects/EEG-to-classical-music/data/maestro-v3.0.0/2018/MIDI-Unprocessed_Recital5-7_MID--AUDIO_06_R1_2018_wav--1.midi,HVHA,0.6971756826475766,predicted,stacked_v4_40dim
ORIG-MIDI_01_7_10_13_Group_MID--AUDIO_08_R3_2013_wav--2,/Users/mymac/PycharmProjects/EEG-to-classical-music/data/maestro-v3.0.0/2013/ORIG-MIDI_01_7_10_13_Group_MID--AUDIO_08_R3_2013_wav--2.midi,HVHA,0.7157447073579162,predicted,stacked_v4_40dim
MIDI-Unprocessed_08_R1_2008_01-05_ORIG_MID--AUDIO_08_R1_2008_wav--1,/Users/mymac/PycharmProjects/EEG-to-classical-music/data/maestro-v3.0.0/2008/MIDI-Unprocessed_08_R1_2008_01-05_ORIG_MID--AUDIO_08_R1_2008_wav--1.midi,HVLA,0.7456559113371914,predicted,stacked_v4_40dim
MIDI-Unprocessed_SMF_02_R1_2004_01-05_ORIG_MID--AUDIO_02_R1_2004_05_Track05_wav,/Users/mymac/PycharmProjects/EEG-to-classical-music/data/maestro-v3.0.0/2004/MIDI-Unprocessed_SMF_02_R1_2004_01-05_ORIG_MID--AUDIO_02_R1_2004_05_Track05_wav.midi,HVHA,0.9162982294842373,predicted,stacked_v4_40dim
MIDI-Unprocessed_SMF_22_R1_2004_01-04_ORIG_MID--AUDIO_22_R1_2004_03_Track03_wav,/Users/mymac/PycharmProjects/EEG-to-classical-music/data/maestro-v3.0.0/2004/MIDI-Unprocessed_SMF_22_R1_2004_01-04_ORIG_MID--AUDIO_22_R1_2004_03_Track03_wav.midi,HVHA,0.7262949269043752,predicted,stacked_v4_40dim
MIDI-Unprocessed_SMF_22_R1_2004_01-04_ORIG_MID--AUDIO_22_R1_2004_05_Track05_wav,/Users/mymac/PycharmProjects/EEG-to-classical-music/data/maestro-v3.0.0/2004/MIDI-Unprocessed_SMF_22_R1_2004_01-04_ORIG_MID--AUDIO_22_R1_2004_05_Track05_wav.midi,HVHA,0.7464048381116477,predicted,stacked_v4_40dim
MIDI-UNPROCESSED_16-18_R1_2014_MID--AUDIO_18_R1_2014_wav--1,/Users/mymac/PycharmProjects/EEG-to-classical-music/data/maestro-v3.0.0/2014/MIDI-UNPROCESSED_16-18_R1_2014_MID--AUDIO_18_R1_2014_wav--1.midi,HVHA,0.8969497050764769,predicted,stacked_v4_40dim
MIDI-Unprocessed_Recital13-15_MID--AUDIO_14_R1_2018_wav--1,/Users/mymac/PycharmProjects/EEG-to-classical-music/data/maestro-v3.0.0/2018/MIDI-Unprocessed_Recital13-15_MID--AUDIO_14_R1_2018_wav--1.midi,HVHA,0.8079376392560895,predicted,stacked_v4_40dim
MIDI-Unprocessed_R2_D1-2-3-6-7-8-11_mid--AUDIO-from_mp3_07_R2_2015_wav--1,/Users/mymac/PycharmProjects/EEG-to-classical-music/data/maestro-v3.0.0/2015/MIDI-Unprocessed_R2_D1-2-3-6-7-8-11_mid--AUDIO-from_mp3_07_R2_2015_wav--1.midi,HVHA,0.8693006746264675,predicted,stacked_v4_40dim
ORIG-MIDI_01_7_10_13_Group_MID--AUDIO_07_R3_2013_wav--1,/Users/mymac/PycharmProjects/EEG-to-classical-music/data/maestro-v3.0.0/2013/ORIG-MIDI_01_7_10_13_Group_MID--AUDIO_07_R3_2013_wav--1.midi,HVHA,0.7164165210557214,predicted,stacked_v4_40dim
MIDI-UNPROCESSED_14-15_R1_2014_MID--AUDIO_14_R1_2014_wav--1,/Users/mymac/PycharmProjects/EEG-to-classical-music/data/maestro-v3.0.0/2014/MIDI-UNPROCESSED_14-15_R1_2014_MID--AUDIO_14_R1_2014_wav--1.midi,HVHA,0.8556648157621847,predicted,stacked_v4_40dim
ORIG-MIDI_02_7_8_13_Group__MID--AUDIO_12_R2_2013_wav--1,/Users/mymac/PycharmProjects/EEG-to-classical-music/data/maestro-v3.0.0/2013/ORIG-MIDI_02_7_8_13_Group__MID--AUDIO_12_R2_2013_wav--1.midi,HVHA,0.6116399426318652,predicted,stacked_v4_40dim
MIDI-Unprocessed_Chamber4_MID--AUDIO_11_R3_2018_wav--1,/Users/mymac/PycharmProjects/EEG-to-classical-music/data/maestro-v3.0.0/2018/MIDI-Unprocessed_Chamber4_MID--AUDIO_11_R3_2018_wav--1.midi,HVHA,0.8742227927227334,predicted,stacked_v4_40dim
MIDI-Unprocessed_10_R1_2009_01-02_ORIG_MID--AUDIO_10_R1_2009_10_R1_2009_01_WAV,/Users/mymac/PycharmProjects/EEG-to-classical-music/data/maestro-v3.0.0/2009/MIDI-Unprocessed_10_R1_2009_01-02_ORIG_MID--AUDIO_10_R1_2009_10_R1_2009_01_WAV.midi,HVHA,0.5905428100780904,predicted,stacked_v4_40dim
MIDI-UNPROCESSED_06-08_R1_2014_MID--AUDIO_07_R1_2014_wav--2,/Users/mymac/PycharmProjects/EEG-to-classical-music/data/maestro-v3.0.0/2014/MIDI-UNPROCESSED_06-08_R1_2014_MID--AUDIO_07_R1_2014_wav--2.midi,HVHA,0.6223981187227876,predicted,stacked_v4_40dim
MIDI-Unprocessed_17_R1_2006_01-06_ORIG_MID--AUDIO_17_R1_2006_01_Track01_wav,/Users/mymac/PycharmProjects/EEG-to-classical-music/data/maestro-v3.0.0/2006/MIDI-Unprocessed_17_R1_2006_01-06_ORIG_MID--AUDIO_17_R1_2006_01_Track01_wav.midi,HVHA,0.5911525716230103,predicted,stacked_v4_40dim
MIDI-Unprocessed_19_R1_2006_01-07_ORIG_MID--AUDIO_19_R1_2006_01_Track01_wav,/Users/mymac/PycharmProjects/EEG-to-classical-music/data/maestro-v3.0.0/2006/MIDI-Unprocessed_19_R1_2006_01-07_ORIG_MID--AUDIO_19_R1_2006_01_Track01_wav.midi,LVHA,0.6497260249022155,predicted,stacked_v4_40dim
ORIG-MIDI_01_7_6_13_Group__MID--AUDIO_02_R1_2013_wav--1,/Users/mymac/PycharmProjects/EEG-to-classical-music/data/maestro-v3.0.0/2013/ORIG-MIDI_01_7_6_13_Group__MID--AUDIO_02_R1_2013_wav--1.midi,LVHA,0.4737515499204713,predicted,stacked_v4_40dim
MIDI-Unprocessed_SMF_17_R1_2004_01-02_ORIG_MID--AUDIO_20_R2_2004_02_Track02_wav,/Users/mymac/PycharmProjects/EEG-to-classical-music/data/maestro-v3.0.0/2004/MIDI-Unprocessed_SMF_17_R1_2004_01-02_ORIG_MID--AUDIO_20_R2_2004_02_Track02_wav.midi,HVHA,0.5508317664909375,predicted,stacked_v4_40dim
MIDI-Unprocessed_11_R1_2011_MID--AUDIO_R1-D4_07_Track07_wav,/Users/mymac/PycharmProjects/EEG-to-classical-music/data/maestro-v3.0.0/2011/MIDI-Unprocessed_11_R1_2011_MID--AUDIO_R1-D4_07_Track07_wav.midi,HVHA,0.3203727997966644,predicted,stacked_v4_40dim
MIDI-Unprocessed_R1_D1-1-8_mid--AUDIO-from_mp3_02_R1_2015_wav--1,/Users/mymac/PycharmProjects/EEG-to-classical-music/data/maestro-v3.0.0/2015/MIDI-Unprocessed_R1_D1-1-8_mid--AUDIO-from_mp3_02_R1_2015_wav--1.midi,HVHA,0.3778625018955391,predicted,stacked_v4_40dim
MIDI-Unprocessed_R1_D2-13-20_mid--AUDIO-from_mp3_16_R1_2015_wav--1,/Users/mymac/PycharmProjects/EEG-to-classical-music/data/maestro-v3.0.0/2015/MIDI-Unprocessed_R1_D2-13-20_mid--AUDIO-from_mp3_16_R1_2015_wav--1.midi,HVHA,0.9169325800211734,predicted,stacked_v4_40dim
MIDI-Unprocessed_R1_D2-13-20_mid--AUDIO-from_mp3_13_R1_2015_wav--1,/Users/mymac/PycharmProjects/EEG-to-classical-music/data/maestro-v3.0.0/2015/MIDI-Unprocessed_R1_D2-13-20_mid--AUDIO-from_mp3_13_R1_2015_wav--1.midi,HVHA,0.834853827733459,predicted,stacked_v4_40dim
MIDI-Unprocessed_19_R1_2011_MID--AUDIO_R1-D7_12_Track12_wav,/Users/mymac/PycharmProjects/EEG-to-classical-music/data/maestro-v3.0.0/2011/MIDI-Unprocessed_19_R1_2011_MID--AUDIO_R1-D7_12_Track12_wav.midi,HVHA,0.6772518524981643,predicted,stacked_v4_40dim
MIDI-Unprocessed_25_R1_2011_MID--AUDIO_R1-D9_14_Track14_wav,/Users/mymac/PycharmProjects/EEG-to-classical-music/data/maestro-v3.0.0/2011/MIDI-Unprocessed_25_R1_2011_MID--AUDIO_R1-D9_14_Track14_wav.midi,HVHA,0.6710173954126203,predicted,stacked_v4_40dim
MIDI-Unprocessed_067_PIANO067_MID--AUDIO-split_07-07-17_Piano-e_3-03_wav--1,/Users/mymac/PycharmProjects/EEG-to-classical-music/data/maestro-v3.0.0/2017/MIDI-Unprocessed_067_PIANO067_MID--AUDIO-split_07-07-17_Piano-e_3-03_wav--1.midi,HVHA,0.5829239088267553,predicted,stacked_v4_40dim
MIDI-Unprocessed_06_R1_2011_MID--AUDIO_R1-D2_14_Track14_wav,/Users/mymac/PycharmProjects/EEG-to-classical-music/data/maestro-v3.0.0/2011/MIDI-Unprocessed_06_R1_2011_MID--AUDIO_R1-D2_14_Track14_wav.midi,HVHA,0.6984835787440453,predicted,stacked_v4_40dim
ORIG-MIDI_03_7_6_13_Group__MID--AUDIO_09_R1_2013_wav--1,/Users/mymac/PycharmProjects/EEG-to-classical-music/data/maestro-v3.0.0/2013/ORIG-MIDI_03_7_6_13_Group__MID--AUDIO_09_R1_2013_wav--1.midi,HVHA,0.6191812385815909,predicted,stacked_v4_40dim
MIDI-Unprocessed_R1_D1-9-12_mid--AUDIO-from_mp3_12_R1_2015_wav--1,/Users/mymac/PycharmProjects/EEG-to-classical-music/data/maestro-v3.0.0/2015/MIDI-Unprocessed_R1_D1-9-12_mid--AUDIO-from_mp3_12_R1_2015_wav--1.midi,HVHA,0.7119306955156256,predicted,stacked_v4_40dim
MIDI-Unprocessed_15_R1_2011_MID--AUDIO_R1-D6_07_Track07_wav,/Users/mymac/PycharmProjects/EEG-to-classical-music/data/maestro-v3.0.0/2011/MIDI-Unprocessed_15_R1_2011_MID--AUDIO_R1-D6_07_Track07_wav.midi,HVHA,0.6890277045127964,predicted,stacked_v4_40dim
MIDI-Unprocessed_052_PIANO052_MID--AUDIO-split_07-06-17_Piano-e_3-03_wav--2,/Users/mymac/PycharmProjects/EEG-to-classical-music/data/maestro-v3.0.0/2017/MIDI-Unprocessed_052_PIANO052_MID--AUDIO-split_07-06-17_Piano-e_3-03_wav--2.midi,HVHA,0.5977667383092903,predicted,stacked_v4_40dim
MIDI-Unprocessed_054_PIANO054_MID--AUDIO-split_07-07-17_Piano-e_1-02_wav--1,/Users/mymac/PycharmProjects/EEG-to-classical-music/data/maestro-v3.0.0/2017/MIDI-Unprocessed_054_PIANO054_MID--AUDIO-split_07-07-17_Piano-e_1-02_wav--1.midi,HVHA,0.48133682015641294,predicted,stacked_v4_40dim
MIDI-Unprocessed_062_PIANO062_MID--AUDIO-split_07-07-17_Piano-e_2-07_wav--2,/Users/mymac/PycharmProjects/EEG-to-classical-music/data/maestro-v3.0.0/2017/MIDI-Unprocessed_062_PIANO062_MID--AUDIO-split_07-07-17_Piano-e_2-07_wav--2.midi,HVHA,0.6524228219459046,predicted,stacked_v4_40dim
MIDI-Unprocessed_13_R1_2008_01-04_ORIG_MID--AUDIO_13_R1_2008_wav--1,/Users/mymac/PycharmProjects/EEG-to-classical-music/data/maestro-v3.0.0/2008/MIDI-Unprocessed_13_R1_2008_01-04_ORIG_MID--AUDIO_13_R1_2008_wav--1.midi,HVHA,0.8300138924664525,predicted,stacked_v4_40dim
ORIG-MIDI_01_7_6_13_Group__MID--AUDIO_04_R1_2013_wav--1,/Users/mymac/PycharmProjects/EEG-to-classical-music/data/maestro-v3.0.0/2013/ORIG-MIDI_01_7_6_13_Group__MID--AUDIO_04_R1_2013_wav--1.midi,HVHA,0.9168344630321498,predicted,stacked_v4_40dim
MIDI-UNPROCESSED_01-03_R1_2014_MID--AUDIO_03_R1_2014_wav--2,/Users/mymac/PycharmProjects/EEG-to-classical-music/data/maestro-v3.0.0/2014/MIDI-UNPROCESSED_01-03_R1_2014_MID--AUDIO_03_R1_2014_wav--2.midi,HVHA,0.7141416231633239,predicted,stacked_v4_40dim
MIDI-Unprocessed_09_R1_2011_MID--AUDIO_R1-D3_12_Track12_wav,/Users/mymac/PycharmProjects/EEG-to-classical-music/data/maestro-v3.0.0/2011/MIDI-Unprocessed_09_R1_2011_MID--AUDIO_R1-D3_12_Track12_wav.midi,HVHA,0.7732975535593821,predicted,stacked_v4_40dim
MIDI-Unprocessed_055_PIANO055_MID--AUDIO-split_07-07-17_Piano-e_1-04_wav--1,/Users/mymac/PycharmProjects/EEG-to-classical-music/data/maestro-v3.0.0/2017/MIDI-Unprocessed_055_PIANO055_MID--AUDIO-split_07-07-17_Piano-e_1-04_wav--1.midi,HVHA,0.6192744360817705,predicted,stacked_v4_40dim
MIDI-Unprocessed_06_R1_2008_01-04_ORIG_MID--AUDIO_06_R1_2008_wav--1,/Users/mymac/PycharmProjects/EEG-to-classical-music/data/maestro-v3.0.0/2008/MIDI-Unprocessed_06_R1_2008_01-04_ORIG_MID--AUDIO_06_R1_2008_wav--1.midi,HVHA,0.6619225294214318,predicted,stacked_v4_40dim
MIDI-Unprocessed_09_R1_2008_01-05_ORIG_MID--AUDIO_09_R1_2008_wav--1,/Users/mymac/PycharmProjects/EEG-to-classical-music/data/maestro-v3.0.0/2008/MIDI-Unprocessed_09_R1_2008_01-05_ORIG_MID--AUDIO_09_R1_2008_wav--1.midi,HVHA,0.6904997896473657,predicted,stacked_v4_40dim
ORIG-MIDI_03_7_6_13_Group__MID--AUDIO_10_R1_2013_wav--1,/Users/mymac/PycharmProjects/EEG-to-classical-music/data/maestro-v3.0.0/2013/ORIG-MIDI_03_7_6_13_Group__MID--AUDIO_10_R1_2013_wav--1.midi,HVHA,0.69384536392626,predicted,stacked_v4_40dim
MIDI-Unprocessed_XP_03_R1_2004_01-02_ORIG_MID--AUDIO_03_R1_2004_01_Track01_wav,/Users/mymac/PycharmProjects/EEG-to-classical-music/data/maestro-v3.0.0/2004/MIDI-Unprocessed_XP_03_R1_2004_01-02_ORIG_MID--AUDIO_03_R1_2004_01_Track01_wav.midi,HVHA,0.6312539118605234,predicted,stacked_v4_40dim
MIDI-Unprocessed_R1_D2-21-22_mid--AUDIO-from_mp3_22_R1_2015_wav--1,/Users/mymac/PycharmProjects/EEG-to-classical-music/data/maestro-v3.0.0/2015/MIDI-Unprocessed_R1_D2-21-22_mid--AUDIO-from_mp3_22_R1_2015_wav--1.midi,LVHA,0.4623145245829778,predicted,stacked_v4_40dim
ORIG-MIDI_02_7_7_13_Group__MID--AUDIO_15_R1_2013_wav--1,/Users/mymac/PycharmProjects/EEG-to-classical-music/data/maestro-v3.0.0/2013/ORIG-MIDI_02_7_7_13_Group__MID--AUDIO_15_R1_2013_wav--1.midi,LVLA,0.38491896429511313,predicted,stacked_v4_40dim
ORIG-MIDI_02_7_7_13_Group__MID--AUDIO_18_R1_2013_wav--1,/Users/mymac/PycharmProjects/EEG-to-classical-music/data/maestro-v3.0.0/2013/ORIG-MIDI_02_7_7_13_Group__MID--AUDIO_18_R1_2013_wav--1.midi,LVLA,0.43122145711759063,predicted,stacked_v4_40dim
MIDI-Unprocessed_16_R1_2011_MID--AUDIO_R1-D6_12_Track12_wav,/Users/mymac/PycharmProjects/EEG-to-classical-music/data/maestro-v3.0.0/2011/MIDI-Unprocessed_16_R1_2011_MID--AUDIO_R1-D6_12_Track12_wav.midi,LVLA,0.5163086247336498,predicted,stacked_v4_40dim
MIDI-Unprocessed_03_R1_2008_01-04_ORIG_MID--AUDIO_03_R1_2008_wav--1,/Users/mymac/PycharmProjects/EEG-to-classical-music/data/maestro-v3.0.0/2008/MIDI-Unprocessed_03_R1_2008_01-04_ORIG_MID--AUDIO_03_R1_2008_wav--1.midi,HVHA,0.7115528137594803,predicted,stacked_v4_40dim
MIDI-Unprocessed_R1_D2-13-20_mid--AUDIO-from_mp3_17_R1_2015_wav--1,/Users/mymac/PycharmProjects/EEG-to-classical-music/data/maestro-v3.0.0/2015/MIDI-Unprocessed_R1_D2-13-20_mid--AUDIO-from_mp3_17_R1_2015_wav--1.midi,HVHA,0.8676508152597866,predicted,stacked_v4_40dim
MIDI-UNPROCESSED_16-18_R1_2014_MID--AUDIO_16_R1_2014_wav--1,/Users/mymac/PycharmProjects/EEG-to-classical-music/data/maestro-v3.0.0/2014/MIDI-UNPROCESSED_16-18_R1_2014_MID--AUDIO_16_R1_2014_wav--1.midi,HVHA,0.8541857735172289,predicted,stacked_v4_40dim
MIDI-Unprocessed_R1_D2-13-20_mid--AUDIO-from_mp3_20_R1_2015_wav--1,/Users/mymac/PycharmProjects/EEG-to-classical-music/data/maestro-v3.0.0/2015/MIDI-Unprocessed_R1_D2-13-20_mid--AUDIO-from_mp3_20_R1_2015_wav--1.midi,HVHA,0.8226756406493867,predicted,stacked_v4_40dim
MIDI-Unprocessed_21_R1_2011_MID--AUDIO_R1-D8_07_Track07_wav,/Users/mymac/PycharmProjects/EEG-to-classical-music/data/maestro-v3.0.0/2011/MIDI-Unprocessed_21_R1_2011_MID--AUDIO_R1-D8_07_Track07_wav.midi,LVHA,0.3243093320524876,predicted,stacked_v4_40dim
MIDI-Unprocessed_24_R1_2011_MID--AUDIO_R1-D9_08_Track08_wav,/Users/mymac/PycharmProjects/EEG-to-classical-music/data/maestro-v3.0.0/2011/MIDI-Unprocessed_24_R1_2011_MID--AUDIO_R1-D9_08_Track08_wav.midi,HVHA,0.8197577064306517,predicted,stacked_v4_40dim
MIDI-Unprocessed_04_R1_2011_MID--AUDIO_R1-D2_02_Track02_wav,/Users/mymac/PycharmProjects/EEG-to-classical-music/data/maestro-v3.0.0/2011/MIDI-Unprocessed_04_R1_2011_MID--AUDIO_R1-D2_02_Track02_wav.midi,HVHA,0.7453124696058584,predicted,stacked_v4_40dim
MIDI-Unprocessed_12_R1_2011_MID--AUDIO_R1-D4_15_Track15_wav,/Users/mymac/PycharmProjects/EEG-to-classical-music/data/maestro-v3.0.0/2011/MIDI-Unprocessed_12_R1_2011_MID--AUDIO_R1-D4_15_Track15_wav.midi,HVHA,0.738911881914014,predicted,stacked_v4_40dim
MIDI-UNPROCESSED_01-03_R1_2014_MID--AUDIO_02_R1_2014_wav--1,/Users/mymac/PycharmProjects/EEG-to-classical-music/data/maestro-v3.0.0/2014/MIDI-UNPROCESSED_01-03_R1_2014_MID--AUDIO_02_R1_2014_wav--1.midi,HVHA,0.5955850149190945,predicted,stacked_v4_40dim
ORIG-MIDI_01_7_7_13_Group__MID--AUDIO_13_R1_2013_wav--1,/Users/mymac/PycharmProjects/EEG-to-classical-music/data/maestro-v3.0.0/2013/ORIG-MIDI_01_7_7_13_Group__MID--AUDIO_13_R1_2013_wav--1.midi,HVHA,0.8465089772357391,predicted,stacked_v4_40dim
MIDI-Unprocessed_02_R1_2008_01-05_ORIG_MID--AUDIO_02_R1_2008_wav--1,/Users/mymac/PycharmProjects/EEG-to-classical-music/data/maestro-v3.0.0/2008/MIDI-Unprocessed_02_R1_2008_01-05_ORIG_MID--AUDIO_02_R1_2008_wav--1.midi,HVHA,0.6762846820522646,predicted,stacked_v4_40dim
MIDI-Unprocessed_10_R1_2008_01-04_ORIG_MID--AUDIO_10_R1_2008_wav--1,/Users/mymac/PycharmProjects/EEG-to-classical-music/data/maestro-v3.0.0/2008/MIDI-Unprocessed_10_R1_2008_01-04_ORIG_MID--AUDIO_10_R1_2008_wav--1.midi,HVHA,0.7467312933702549,predicted,stacked_v4_40dim
MIDI-Unprocessed_R1_D1-9-12_mid--AUDIO-from_mp3_09_R1_2015_wav--1,/Users/mymac/PycharmProjects/EEG-to-classical-music/data/maestro-v3.0.0/2015/MIDI-Unprocessed_R1_D1-9-12_mid--AUDIO-from_mp3_09_R1_2015_wav--1.midi,HVHA,0.8947960444001152,predicted,stacked_v4_40dim
ORIG-MIDI_01_7_7_13_Group__MID--AUDIO_12_R1_2013_wav--1,/Users/mymac/PycharmProjects/EEG-to-classical-music/data/maestro-v3.0.0/2013/ORIG-MIDI_01_7_7_13_Group__MID--AUDIO_12_R1_2013_wav--1.midi,HVHA,0.806370635810547,predicted,stacked_v4_40dim
MIDI-Unprocessed_059_PIANO059_MID--AUDIO-split_07-07-17_Piano-e_2-03_wav--1,/Users/mymac/PycharmProjects/EEG-to-classical-music/data/maestro-v3.0.0/2017/MIDI-Unprocessed_059_PIANO059_MID--AUDIO-split_07-07-17_Piano-e_2-03_wav--1.midi,HVHA,0.7972790330073752,predicted,stacked_v4_40dim
MIDI-Unprocessed_Recital4_MID--AUDIO_04_R1_2018_wav--1,/Users/mymac/PycharmProjects/EEG-to-classical-music/data/maestro-v3.0.0/2018/MIDI-Unprocessed_Recital4_MID--AUDIO_04_R1_2018_wav--1.midi,LVLA,0.5023025693393086,predicted,stacked_v4_40dim
MIDI-Unprocessed_17_R1_2008_01-04_ORIG_MID--AUDIO_17_R1_2008_wav--1,/Users/mymac/PycharmProjects/EEG-to-classical-music/data/maestro-v3.0.0/2008/MIDI-Unprocessed_17_R1_2008_01-04_ORIG_MID--AUDIO_17_R1_2008_wav--1.midi,HVHA,0.3996558472877686,predicted,stacked_v4_40dim
MIDI-Unprocessed_044_PIANO044_MID--AUDIO-split_07-06-17_Piano-e_1-04_wav--1,/Users/mymac/PycharmProjects/EEG-to-classical-music/data/maestro-v3.0.0/2017/MIDI-Unprocessed_044_PIANO044_MID--AUDIO-split_07-06-17_Piano-e_1-04_wav--1.midi,LVLA,0.42103647565326513,predicted,stacked_v4_40dim
MIDI-Unprocessed_11_R3_2008_01-04_ORIG_MID--AUDIO_11_R3_2008_wav--1,/Users/mymac/PycharmProjects/EEG-to-classical-music/data/maestro-v3.0.0/2008/MIDI-Unprocessed_11_R3_2008_01-04_ORIG_MID--AUDIO_11_R3_2008_wav--1.midi,HVHA,0.43415922413955277,predicted,stacked_v4_40dim
MIDI-Unprocessed_Recital17-19_MID--AUDIO_17_R1_2018_wav--1,/Users/mymac/PycharmProjects/EEG-to-classical-music/data/maestro-v3.0.0/2018/MIDI-Unprocessed_Recital17-19_MID--AUDIO_17_R1_2018_wav--1.midi,HVHA,0.7910267215332945,predicted,stacked_v4_40dim
MIDI-Unprocessed_18_R1_2011_MID--AUDIO_R1-D7_07_Track07_wav,/Users/mymac/PycharmProjects/EEG-to-classical-music/data/maestro-v3.0.0/2011/MIDI-Unprocessed_18_R1_2011_MID--AUDIO_R1-D7_07_Track07_wav.midi,HVHA,0.8438392010062047,predicted,stacked_v4_40dim
MIDI-Unprocessed_053_PIANO053_MID--AUDIO-split_07-06-17_Piano-e_3-04_wav--1,/Users/mymac/PycharmProjects/EEG-to-classical-music/data/maestro-v3.0.0/2017/MIDI-Unprocessed_053_PIANO053_MID--AUDIO-split_07-06-17_Piano-e_3-04_wav--1.midi,HVHA,0.8615420031697398,predicted,stacked_v4_40dim
MIDI-Unprocessed_R1_D2-13-20_mid--AUDIO-from_mp3_19_R1_2015_wav--1,/Users/mymac/PycharmProjects/EEG-to-classical-music/data/maestro-v3.0.0/2015/MIDI-Unprocessed_R1_D2-13-20_mid--AUDIO-from_mp3_19_R1_2015_wav--1.midi,HVHA,0.8199868504766866,predicted,stacked_v4_40dim
ORIG-MIDI_02_7_6_13_Group__MID--AUDIO_05_R1_2013_wav--1,/Users/mymac/PycharmProjects/EEG-to-classical-music/data/maestro-v3.0.0/2013/ORIG-MIDI_02_7_6_13_Group__MID--AUDIO_05_R1_2013_wav--1.midi,HVHA,0.7969075797164272,predicted,stacked_v4_40dim
MIDI-Unprocessed_01_R1_2011_MID--AUDIO_R1-D1_02_Track02_wav,/Users/mymac/PycharmProjects/EEG-to-classical-music/data/maestro-v3.0.0/2011/MIDI-Unprocessed_01_R1_2011_MID--AUDIO_R1-D1_02_Track02_wav.midi,HVHA,0.7760278399618822,predicted,stacked_v4_40dim
MIDI-Unprocessed_01_R1_2011_MID--AUDIO_R1-D1_03_Track03_wav,/Users/mymac/PycharmProjects/EEG-to-classical-music/data/maestro-v3.0.0/2011/MIDI-Unprocessed_01_R1_2011_MID--AUDIO_R1-D1_03_Track03_wav.midi,LVHA,0.7052515303903082,predicted,stacked_v4_40dim
MIDI-Unprocessed_XP_09_R1_2004_01-02_ORIG_MID--AUDIO_09_R1_2004_01_Track01_wav,/Users/mymac/PycharmProjects/EEG-to-classical-music/data/maestro-v3.0.0/2004/MIDI-Unprocessed_XP_09_R1_2004_01-02_ORIG_MID--AUDIO_09_R1_2004_01_Track01_wav.midi,HVHA,0.6322647902491018,predicted,stacked_v4_40dim
MIDI-Unprocessed_23_R1_2011_MID--AUDIO_R1-D9_02_Track02_wav,/Users/mymac/PycharmProjects/EEG-to-classical-music/data/maestro-v3.0.0/2011/MIDI-Unprocessed_23_R1_2011_MID--AUDIO_R1-D9_02_Track02_wav.midi,HVHA,0.44871429071571867,predicted,stacked_v4_40dim
MIDI-Unprocessed_14_R1_2011_MID--AUDIO_R1-D6_02_Track02_wav,/Users/mymac/PycharmProjects/EEG-to-classical-music/data/maestro-v3.0.0/2011/MIDI-Unprocessed_14_R1_2011_MID--AUDIO_R1-D6_02_Track02_wav.midi,HVHA,0.7078702636463774,predicted,stacked_v4_40dim
ORIG-MIDI_01_7_7_13_Group__MID--AUDIO_14_R1_2013_wav--1,/Users/mymac/PycharmProjects/EEG-to-classical-music/data/maestro-v3.0.0/2013/ORIG-MIDI_01_7_7_13_Group__MID--AUDIO_14_R1_2013_wav--1.midi,HVHA,0.6882563175730915,predicted,stacked_v4_40dim
MIDI-Unprocessed_065_PIANO065_MID--AUDIO-split_07-07-17_Piano-e_3-01_wav--1,/Users/mymac/PycharmProjects/EEG-to-classical-music/data/maestro-v3.0.0/2017/MIDI-Unprocessed_065_PIANO065_MID--AUDIO-split_07-07-17_Piano-e_3-01_wav--1.midi,HVHA,0.5383193397625977,predicted,stacked_v4_40dim
MIDI-Unprocessed_14_R1_2008_01-05_ORIG_MID--AUDIO_14_R1_2008_wav--1,/Users/mymac/PycharmProjects/EEG-to-classical-music/data/maestro-v3.0.0/2008/MIDI-Unprocessed_14_R1_2008_01-05_ORIG_MID--AUDIO_14_R1_2008_wav--1.midi,HVHA,0.8016279768933646,predicted,stacked_v4_40dim
MIDI-Unprocessed_08_R1_2011_MID--AUDIO_R1-D3_07_Track07_wav,/Users/mymac/PycharmProjects/EEG-to-classical-music/data/maestro-v3.0.0/2011/MIDI-Unprocessed_08_R1_2011_MID--AUDIO_R1-D3_07_Track07_wav.midi,HVHA,0.6385139273422542,predicted,stacked_v4_40dim
MIDI-Unprocessed_049_PIANO049_MID--AUDIO-split_07-06-17_Piano-e_2-06_wav--1,/Users/mymac/PycharmProjects/EEG-to-classical-music/data/maestro-v3.0.0/2017/MIDI-Unprocessed_049_PIANO049_MID--AUDIO-split_07-06-17_Piano-e_2-06_wav--1.midi,HVHA,0.8879356456006975,predicted,stacked_v4_40dim
ORIG-MIDI_01_7_7_13_Group__MID--AUDIO_11_R1_2013_wav--1,/Users/mymac/PycharmProjects/EEG-to-classical-music/data/maestro-v3.0.0/2013/ORIG-MIDI_01_7_7_13_Group__MID--AUDIO_11_R1_2013_wav--1.midi,HVHA,0.5841573300337889,predicted,stacked_v4_40dim
ORIG-MIDI_02_7_6_13_Group__MID--AUDIO_08_R1_2013_wav--1,/Users/mymac/PycharmProjects/EEG-to-classical-music/data/maestro-v3.0.0/2013/ORIG-MIDI_02_7_6_13_Group__MID--AUDIO_08_R1_2013_wav--1.midi,HVHA,0.8659507181059385,predicted,stacked_v4_40dim
ORIG-MIDI_02_7_7_13_Group__MID--AUDIO_17_R1_2013_wav--1,/Users/mymac/PycharmProjects/EEG-to-classical-music/data/maestro-v3.0.0/2013/ORIG-MIDI_02_7_7_13_Group__MID--AUDIO_17_R1_2013_wav--1.midi,HVHA,0.8774982106080407,predicted,stacked_v4_40dim
MIDI-Unprocessed_03_R1_2011_MID--AUDIO_R1-D1_15_Track15_wav,/Users/mymac/PycharmProjects/EEG-to-classical-music/data/maestro-v3.0.0/2011/MIDI-Unprocessed_03_R1_2011_MID--AUDIO_R1-D1_15_Track15_wav.midi,HVHA,0.8413216295378169,predicted,stacked_v4_40dim
MIDI-Unprocessed_041_PIANO041_MID--AUDIO-split_07-06-17_Piano-e_1-01_wav--1,/Users/mymac/PycharmProjects/EEG-to-classical-music/data/maestro-v3.0.0/2017/MIDI-Unprocessed_041_PIANO041_MID--AUDIO-split_07-06-17_Piano-e_1-01_wav--1.midi,HVHA,0.8752034825036513,predicted,stacked_v4_40dim
MIDI-Unprocessed_051_PIANO051_MID--AUDIO-split_07-06-17_Piano-e_3-02_wav--1,/Users/mymac/PycharmProjects/EEG-to-classical-music/data/maestro-v3.0.0/2017/MIDI-Unprocessed_051_PIANO051_MID--AUDIO-split_07-06-17_Piano-e_3-02_wav--1.midi,HVHA,0.8808909830768701,predicted,stacked_v4_40dim
MIDI-Unprocessed_R1_D1-1-8_mid--AUDIO-from_mp3_04_R1_2015_wav--1,/Users/mymac/PycharmProjects/EEG-to-classical-music/data/maestro-v3.0.0/2015/MIDI-Unprocessed_R1_D1-1-8_mid--AUDIO-from_mp3_04_R1_2015_wav--1.midi,HVHA,0.7694789746034599,predicted,stacked_v4_40dim
MIDI-Unprocessed_R1_D1-9-12_mid--AUDIO-from_mp3_11_R1_2015_wav--2,/Users/mymac/PycharmProjects/EEG-to-classical-music/data/maestro-v3.0.0/2015/MIDI-Unprocessed_R1_D1-9-12_mid--AUDIO-from_mp3_11_R1_2015_wav--2.midi,HVHA,0.4688933172132071,predicted,stacked_v4_40dim
MIDI-Unprocessed_01_R1_2008_01-04_ORIG_MID--AUDIO_01_R1_2008_wav--1,/Users/mymac/PycharmProjects/EEG-to-classical-music/data/maestro-v3.0.0/2008/MIDI-Unprocessed_01_R1_2008_01-04_ORIG_MID--AUDIO_01_R1_2008_wav--1.midi,HVHA,0.7727578903177283,predicted,stacked_v4_40dim
MIDI-Unprocessed_13_R1_2011_MID--AUDIO_R1-D5_02_Track02_wav,/Users/mymac/PycharmProjects/EEG-to-classical-music/data/maestro-v3.0.0/2011/MIDI-Unprocessed_13_R1_2011_MID--AUDIO_R1-D5_02_Track02_wav.midi,HVHA,0.8779300690910237,predicted,stacked_v4_40dim
MIDI-Unprocessed_061_PIANO061_MID--AUDIO-split_07-07-17_Piano-e_2-05_wav--1,/Users/mymac/PycharmProjects/EEG-to-classical-music/data/maestro-v3.0.0/2017/MIDI-Unprocessed_061_PIANO061_MID--AUDIO-split_07-07-17_Piano-e_2-05_wav--1.midi,HVHA,0.6804383667956877,predicted,stacked_v4_40dim
MIDI-Unprocessed_058_PIANO058_MID--AUDIO-split_07-07-17_Piano-e_2-02_wav--1,/Users/mymac/PycharmProjects/EEG-to-classical-music/data/maestro-v3.0.0/2017/MIDI-Unprocessed_058_PIANO058_MID--AUDIO-split_07-07-17_Piano-e_2-02_wav--1.midi,LVLA,0.5024942616859693,predicted,stacked_v4_40dim
MIDI-Unprocessed_R1_D2-13-20_mid--AUDIO-from_mp3_14_R1_2015_wav--1,/Users/mymac/PycharmProjects/EEG-to-classical-music/data/maestro-v3.0.0/2015/MIDI-Unprocessed_R1_D2-13-20_mid--AUDIO-from_mp3_14_R1_2015_wav--1.midi,LVLA,0.4303697129988033,predicted,stacked_v4_40dim
MIDI-Unprocessed_045_PIANO045_MID--AUDIO-split_07-06-17_Piano-e_2-01_wav--1,/Users/mymac/PycharmProjects/EEG-to-classical-music/data/maestro-v3.0.0/2017/MIDI-Unprocessed_045_PIANO045_MID--AUDIO-split_07-06-17_Piano-e_2-01_wav--1.midi,LVLA,0.47810685072991543,predicted,stacked_v4_40dim
MIDI-Unprocessed_046_PIANO046_MID--AUDIO-split_07-06-17_Piano-e_2-02_wav--1,/Users/mymac/PycharmProjects/EEG-to-classical-music/data/maestro-v3.0.0/2017/MIDI-Unprocessed_046_PIANO046_MID--AUDIO-split_07-06-17_Piano-e_2-02_wav--1.midi,LVHA,0.4761814103682682,predicted,stacked_v4_40dim
MIDI-Unprocessed_047_PIANO047_MID--AUDIO-split_07-06-17_Piano-e_2-04_wav--3,/Users/mymac/PycharmProjects/EEG-to-classical-music/data/maestro-v3.0.0/2017/MIDI-Unprocessed_047_PIANO047_MID--AUDIO-split_07-06-17_Piano-e_2-04_wav--3.midi,LVHA,0.4832108860731627,predicted,stacked_v4_40dim
MIDI-Unprocessed_R1_D1-1-8_mid--AUDIO-from_mp3_06_R1_2015_wav--1,/Users/mymac/PycharmProjects/EEG-to-classical-music/data/maestro-v3.0.0/2015/MIDI-Unprocessed_R1_D1-1-8_mid--AUDIO-from_mp3_06_R1_2015_wav--1.midi,HVHA,0.6895898000904017,predicted,stacked_v4_40dim
MIDI-Unprocessed_16_R1_2008_01-04_ORIG_MID--AUDIO_16_R1_2008_wav--1,/Users/mymac/PycharmProjects/EEG-to-classical-music/data/maestro-v3.0.0/2008/MIDI-Unprocessed_16_R1_2008_01-04_ORIG_MID--AUDIO_16_R1_2008_wav--1.midi,HVHA,0.8614618672089868,predicted,stacked_v4_40dim
MIDI-Unprocessed_066_PIANO066_MID--AUDIO-split_07-07-17_Piano-e_3-02_wav--1,/Users/mymac/PycharmProjects/EEG-to-classical-music/data/maestro-v3.0.0/2017/MIDI-Unprocessed_066_PIANO066_MID--AUDIO-split_07-07-17_Piano-e_3-02_wav--1.midi,HVHA,0.6767005024285375,predicted,stacked_v4_40dim
MIDI-Unprocessed_11_R1_2008_01-04_ORIG_MID--AUDIO_11_R1_2008_wav--1,/Users/mymac/PycharmProjects/EEG-to-classical-music/data/maestro-v3.0.0/2008/MIDI-Unprocessed_11_R1_2008_01-04_ORIG_MID--AUDIO_11_R1_2008_wav--1.midi,LVLA,0.42887026733015826,predicted,stacked_v4_40dim
MIDI-Unprocessed_R1_D1-1-8_mid--AUDIO-from_mp3_05_R1_2015_wav--2,/Users/mymac/PycharmProjects/EEG-to-classical-music/data/maestro-v3.0.0/2015/MIDI-Unprocessed_R1_D1-1-8_mid--AUDIO-from_mp3_05_R1_2015_wav--2.midi,LVLA,0.35814931399857236,predicted,stacked_v4_40dim
MIDI-Unprocessed_R1_D2-13-20_mid--AUDIO-from_mp3_18_R1_2015_wav--1,/Users/mymac/PycharmProjects/EEG-to-classical-music/data/maestro-v3.0.0/2015/MIDI-Unprocessed_R1_D2-13-20_mid--AUDIO-from_mp3_18_R1_2015_wav--1.midi,LVLA,0.3645546787218465,predicted,stacked_v4_40dim
MIDI-Unprocessed_05_R1_2011_MID--AUDIO_R1-D2_08_Track08_wav,/Users/mymac/PycharmProjects/EEG-to-classical-music/data/maestro-v3.0.0/2011/MIDI-Unprocessed_05_R1_2011_MID--AUDIO_R1-D2_08_Track08_wav.midi,LVLA,0.4809663147108418,predicted,stacked_v4_40dim
MIDI-Unprocessed_05_R1_2011_MID--AUDIO_R1-D2_09_Track09_wav,/Users/mymac/PycharmProjects/EEG-to-classical-music/data/maestro-v3.0.0/2011/MIDI-Unprocessed_05_R1_2011_MID--AUDIO_R1-D2_09_Track09_wav.midi,HVHA,0.5361139103542598,predicted,stacked_v4_40dim
MIDI-Unprocessed_042_PIANO042_MID--AUDIO-split_07-06-17_Piano-e_1-02_wav--1,/Users/mymac/PycharmProjects/EEG-to-classical-music/data/maestro-v3.0.0/2017/MIDI-Unprocessed_042_PIANO042_MID--AUDIO-split_07-06-17_Piano-e_1-02_wav--1.midi,LVLA,0.33612857278130276,predicted,stacked_v4_40dim
MIDI-Unprocessed_048_PIANO048_MID--AUDIO-split_07-06-17_Piano-e_2-05_wav--1,/Users/mymac/PycharmProjects/EEG-to-classical-music/data/maestro-v3.0.0/2017/MIDI-Unprocessed_048_PIANO048_MID--AUDIO-split_07-06-17_Piano-e_2-05_wav--1.midi,LVLA,0.3597365306861414,predicted,stacked_v4_40dim
MIDI-Unprocessed_07_R1_2011_MID--AUDIO_R1-D3_02_Track02_wav,/Users/mymac/PycharmProjects/EEG-to-classical-music/data/maestro-v3.0.0/2011/MIDI-Unprocessed_07_R1_2011_MID--AUDIO_R1-D3_02_Track02_wav.midi,HVHA,0.7224222784129131,predicted,stacked_v4_40dim
MIDI-Unprocessed_05_R1_2008_01-04_ORIG_MID--AUDIO_05_R1_2008_wav--1,/Users/mymac/PycharmProjects/EEG-to-classical-music/data/maestro-v3.0.0/2008/MIDI-Unprocessed_05_R1_2008_01-04_ORIG_MID--AUDIO_05_R1_2008_wav--1.midi,LVHA,0.3739666887937693,predicted,stacked_v4_40dim
MIDI-Unprocessed_R1_D1-9-12_mid--AUDIO-from_mp3_10_R1_2015_wav--1,/Users/mymac/PycharmProjects/EEG-to-classical-music/data/maestro-v3.0.0/2015/MIDI-Unprocessed_R1_D1-9-12_mid--AUDIO-from_mp3_10_R1_2015_wav--1.midi,HVHA,0.5943565605017204,predicted,stacked_v4_40dim
ORIG-MIDI_02_7_6_13_Group__MID--AUDIO_06_R1_2013_wav--2,/Users/mymac/PycharmProjects/EEG-to-classical-music/data/maestro-v3.0.0/2013/ORIG-MIDI_02_7_6_13_Group__MID--AUDIO_06_R1_2013_wav--2.midi,HVHA,0.5056820258765682,predicted,stacked_v4_40dim
MIDI-Unprocessed_043_PIANO043_MID--AUDIO-split_07-06-17_Piano-e_1-03_wav--1,/Users/mymac/PycharmProjects/EEG-to-classical-music/data/maestro-v3.0.0/2017/MIDI-Unprocessed_043_PIANO043_MID--AUDIO-split_07-06-17_Piano-e_1-03_wav--1.midi,HVHA,0.6883177416242502,predicted,stacked_v4_40dim
MIDI-Unprocessed_050_PIANO050_MID--AUDIO-split_07-06-17_Piano-e_3-01_wav--1,/Users/mymac/PycharmProjects/EEG-to-classical-music/data/maestro-v3.0.0/2017/MIDI-Unprocessed_050_PIANO050_MID--AUDIO-split_07-06-17_Piano-e_3-01_wav--1.midi,LVHA,0.5642453626918613,predicted,stacked_v4_40dim
MIDI-Unprocessed_07_R1_2008_01-04_ORIG_MID--AUDIO_07_R1_2008_wav--1,/Users/mymac/PycharmProjects/EEG-to-classical-music/data/maestro-v3.0.0/2008/MIDI-Unprocessed_07_R1_2008_01-04_ORIG_MID--AUDIO_07_R1_2008_wav--1.midi,HVHA,0.7894807955228171,predicted,stacked_v4_40dim
MIDI-Unprocessed_12_R1_2008_01-04_ORIG_MID--AUDIO_12_R1_2008_wav--2,/Users/mymac/PycharmProjects/EEG-to-classical-music/data/maestro-v3.0.0/2008/MIDI-Unprocessed_12_R1_2008_01-04_ORIG_MID--AUDIO_12_R1_2008_wav--2.midi,HVHA,0.755445534336812,predicted,stacked_v4_40dim
MIDI-Unprocessed_15_R1_2008_01-04_ORIG_MID--AUDIO_15_R1_2008_wav--1,/Users/mymac/PycharmProjects/EEG-to-classical-music/data/maestro-v3.0.0/2008/MIDI-Unprocessed_15_R1_2008_01-04_ORIG_MID--AUDIO_15_R1_2008_wav--1.midi,HVHA,0.6560116965173227,predicted,stacked_v4_40dim
MIDI-Unprocessed_18_R1_2008_01-04_ORIG_MID--AUDIO_18_R1_2008_wav--1,/Users/mymac/PycharmProjects/EEG-to-classical-music/data/maestro-v3.0.0/2008/MIDI-Unprocessed_18_R1_2008_01-04_ORIG_MID--AUDIO_18_R1_2008_wav--1.midi,HVHA,0.7933594601099422,predicted,stacked_v4_40dim
MIDI-Unprocessed_R1_D2-21-22_mid--AUDIO-from_mp3_21_R1_2015_wav--1,/Users/mymac/PycharmProjects/EEG-to-classical-music/data/maestro-v3.0.0/2015/MIDI-Unprocessed_R1_D2-21-22_mid--AUDIO-from_mp3_21_R1_2015_wav--1.midi,HVHA,0.746054980279306,predicted,stacked_v4_40dim
ORIG-MIDI_02_7_6_13_Group__MID--AUDIO_07_R1_2013_wav--1,/Users/mymac/PycharmProjects/EEG-to-classical-music/data/maestro-v3.0.0/2013/ORIG-MIDI_02_7_6_13_Group__MID--AUDIO_07_R1_2013_wav--1.midi,HVHA,0.84925803434769,predicted,stacked_v4_40dim
MIDI-Unprocessed_057_PIANO057_MID--AUDIO-split_07-07-17_Piano-e_1-07_wav--1,/Users/mymac/PycharmProjects/EEG-to-classical-music/data/maestro-v3.0.0/2017/MIDI-Unprocessed_057_PIANO057_MID--AUDIO-split_07-07-17_Piano-e_1-07_wav--1.midi,HVHA,0.8433836247417319,predicted,stacked_v4_40dim
MIDI-Unprocessed_060_PIANO060_MID--AUDIO-split_07-07-17_Piano-e_2-04_wav--1,/Users/mymac/PycharmProjects/EEG-to-classical-music/data/maestro-v3.0.0/2017/MIDI-Unprocessed_060_PIANO060_MID--AUDIO-split_07-07-17_Piano-e_2-04_wav--1.midi,HVHA,0.7143771053963396,predicted,stacked_v4_40dim
MIDI-Unprocessed_04_R1_2008_01-04_ORIG_MID--AUDIO_04_R1_2008_wav--1,/Users/mymac/PycharmProjects/EEG-to-classical-music/data/maestro-v3.0.0/2008/MIDI-Unprocessed_04_R1_2008_01-04_ORIG_MID--AUDIO_04_R1_2008_wav--1.midi,HVHA,0.557866659196067,predicted,stacked_v4_40dim
MIDI-Unprocessed_20_R1_2011_MID--AUDIO_R1-D8_02_Track02_wav,/Users/mymac/PycharmProjects/EEG-to-classical-music/data/maestro-v3.0.0/2011/MIDI-Unprocessed_20_R1_2011_MID--AUDIO_R1-D8_02_Track02_wav.midi,HVHA,0.6282323359905598,predicted,stacked_v4_40dim
MIDI-Unprocessed_R1_D2-13-20_mid--AUDIO-from_mp3_15_R1_2015_wav--1,/Users/mymac/PycharmProjects/EEG-to-classical-music/data/maestro-v3.0.0/2015/MIDI-Unprocessed_R1_D2-13-20_mid--AUDIO-from_mp3_15_R1_2015_wav--1.midi,HVHA,0.49801804509531206,predicted,stacked_v4_40dim
MIDI-Unprocessed_22_R1_2011_MID--AUDIO_R1-D8_12_Track12_wav,/Users/mymac/PycharmProjects/EEG-to-classical-music/data/maestro-v3.0.0/2011/MIDI-Unprocessed_22_R1_2011_MID--AUDIO_R1-D8_12_Track12_wav.midi,LVLA,0.5630657722769166,predicted,stacked_v4_40dim
MIDI-Unprocessed_R1_D1-1-8_mid--AUDIO-from_mp3_07_R1_2015_wav--1,/Users/mymac/PycharmProjects/EEG-to-classical-music/data/maestro-v3.0.0/2015/MIDI-Unprocessed_R1_D1-1-8_mid--AUDIO-from_mp3_07_R1_2015_wav--1.midi,LVHA,0.3951299965306325,predicted,stacked_v4_40dim
ORIG-MIDI_01_7_6_13_Group__MID--AUDIO_03_R1_2013_wav--1,/Users/mymac/PycharmProjects/EEG-to-classical-music/data/maestro-v3.0.0/2013/ORIG-MIDI_01_7_6_13_Group__MID--AUDIO_03_R1_2013_wav--1.midi,HVHA,0.5023612639322068,predicted,stacked_v4_40dim
MIDI-Unprocessed_056_PIANO056_MID--AUDIO-split_07-07-17_Piano-e_1-05_wav--1,/Users/mymac/PycharmProjects/EEG-to-classical-music/data/maestro-v3.0.0/2017/MIDI-Unprocessed_056_PIANO056_MID--AUDIO-split_07-07-17_Piano-e_1-05_wav--1.midi,LVHA,0.4612501992853538,predicted,stacked_v4_40dim
MIDI-Unprocessed_R1_D1-1-8_mid--AUDIO-from_mp3_03_R1_2015_wav--1,/Users/mymac/PycharmProjects/EEG-to-classical-music/data/maestro-v3.0.0/2015/MIDI-Unprocessed_R1_D1-1-8_mid--AUDIO-from_mp3_03_R1_2015_wav--1.midi,HVHA,0.2755299461858739,predicted,stacked_v4_40dim
ORIG-MIDI_02_7_7_13_Group__MID--AUDIO_16_R1_2013_wav--1,/Users/mymac/PycharmProjects/EEG-to-classical-music/data/maestro-v3.0.0/2013/ORIG-MIDI_02_7_7_13_Group__MID--AUDIO_16_R1_2013_wav--1.midi,HVLA,0.6936784383663726,predicted,stacked_v4_40dim
ORIG-MIDI_01_7_6_13_Group__MID--AUDIO_01_R1_2013_wav--1,/Users/mymac/PycharmProjects/EEG-to-classical-music/data/maestro-v3.0.0/2013/ORIG-MIDI_01_7_6_13_Group__MID--AUDIO_01_R1_2013_wav--1.midi,HVLA,0.5327642301411137,predicted,stacked_v4_40dim
MIDI-Unprocessed_02_R1_2011_MID--AUDIO_R1-D1_08_Track08_wav,/Users/mymac/PycharmProjects/EEG-to-classical-music/data/maestro-v3.0.0/2011/MIDI-Unprocessed_02_R1_2011_MID--AUDIO_R1-D1_08_Track08_wav.midi,HVLA,0.7406829496147208,predicted,stacked_v4_40dim
MIDI-Unprocessed_17_R1_2011_MID--AUDIO_R1-D7_02_Track02_wav,/Users/mymac/PycharmProjects/EEG-to-classical-music/data/maestro-v3.0.0/2011/MIDI-Unprocessed_17_R1_2011_MID--AUDIO_R1-D7_02_Track02_wav.midi,HVLA,0.7840984486162204,predicted,stacked_v4_40dim
ORIG-MIDI_02_7_7_13_Group__MID--AUDIO_19_R1_2013_wav--1,/Users/mymac/PycharmProjects/EEG-to-classical-music/data/maestro-v3.0.0/2013/ORIG-MIDI_02_7_7_13_Group__MID--AUDIO_19_R1_2013_wav--1.midi,HVLA,0.5686576023570236,predicted,stacked_v4_40dim
MIDI-Unprocessed_10_R1_2011_MID--AUDIO_R1-D4_02_Track02_wav,/Users/mymac/PycharmProjects/EEG-to-classical-music/data/maestro-v3.0.0/2011/MIDI-Unprocessed_10_R1_2011_MID--AUDIO_R1-D4_02_Track02_wav.midi,HVHA,0.49248987804898153,predicted,stacked_v4_40dim
MIDI-UNPROCESSED_06-08_R1_2014_MID--AUDIO_06_R1_2014_wav--1,/Users/mymac/PycharmProjects/EEG-to-classical-music/data/maestro-v3.0.0/2014/MIDI-UNPROCESSED_06-08_R1_2014_MID--AUDIO_06_R1_2014_wav--1.midi,HVHA,0.5105702938303288,predicted,stacked_v4_40dim
MIDI-Unprocessed_Recital8_MID--AUDIO_08_R1_2018_wav--3,/Users/mymac/PycharmProjects/EEG-to-classical-music/data/maestro-v3.0.0/2018/MIDI-Unprocessed_Recital8_MID--AUDIO_08_R1_2018_wav--3.midi,HVHA,0.5858556069129844,predicted,stacked_v4_40dim
MIDI-UNPROCESSED_19-20_R1_2014_MID--AUDIO_19_R1_2014_wav--1,/Users/mymac/PycharmProjects/EEG-to-classical-music/data/maestro-v3.0.0/2014/MIDI-UNPROCESSED_19-20_R1_2014_MID--AUDIO_19_R1_2014_wav--1.midi,HVHA,0.6164827842879861,predicted,stacked_v4_40dim
MIDI-Unprocessed_12_R2_2008_01-04_ORIG_MID--AUDIO_12_R2_2008_wav--1,/Users/mymac/PycharmProjects/EEG-to-classical-music/data/maestro-v3.0.0/2008/MIDI-Unprocessed_12_R2_2008_01-04_ORIG_MID--AUDIO_12_R2_2008_wav--1.midi,HVHA,0.484225627932037,predicted,stacked_v4_40dim
MIDI-Unprocessed_R1_D1-1-8_mid--AUDIO-from_mp3_01_R1_2015_wav--1,/Users/mymac/PycharmProjects/EEG-to-classical-music/data/maestro-v3.0.0/2015/MIDI-Unprocessed_R1_D1-1-8_mid--AUDIO-from_mp3_01_R1_2015_wav--1.midi,HVHA,0.6277783095107589,predicted,stacked_v4_40dim
ORIG-MIDI_02_7_7_13_Group__MID--AUDIO_18_R1_2013_wav--4,/Users/mymac/PycharmProjects/EEG-to-classical-music/data/maestro-v3.0.0/2013/ORIG-MIDI_02_7_7_13_Group__MID--AUDIO_18_R1_2013_wav--4.midi,LVHA,0.462679175119199,predicted,stacked_v4_40dim
MIDI-Unprocessed_XP_14_R1_2004_01-03_ORIG_MID--AUDIO_14_R1_2004_01_Track01_wav,/Users/mymac/PycharmProjects/EEG-to-classical-music/data/maestro-v3.0.0/2004/MIDI-Unprocessed_XP_14_R1_2004_01-03_ORIG_MID--AUDIO_14_R1_2004_01_Track01_wav.midi,LVHA,0.5302912851476328,predicted,stacked_v4_40dim
MIDI-Unprocessed_XP_10_R1_2004_01-02_ORIG_MID--AUDIO_10_R1_2004_01_Track01_wav,/Users/mymac/PycharmProjects/EEG-to-classical-music/data/maestro-v3.0.0/2004/MIDI-Unprocessed_XP_10_R1_2004_01-02_ORIG_MID--AUDIO_10_R1_2004_01_Track01_wav.midi,LVHA,0.49510596409015745,predicted,stacked_v4_40dim
MIDI-Unprocessed_07_R1_2006_01-04_ORIG_MID--AUDIO_07_R1_2006_01_Track01_wav,/Users/mymac/PycharmProjects/EEG-to-classical-music/data/maestro-v3.0.0/2006/MIDI-Unprocessed_07_R1_2006_01-04_ORIG_MID--AUDIO_07_R1_2006_01_Track01_wav.midi,HVHA,0.5605741784261067,predicted,stacked_v4_40dim
MIDI-UNPROCESSED_06-08_R1_2014_MID--AUDIO_07_R1_2014_wav--7,/Users/mymac/PycharmProjects/EEG-to-classical-music/data/maestro-v3.0.0/2014/MIDI-UNPROCESSED_06-08_R1_2014_MID--AUDIO_07_R1_2014_wav--7.midi,HVHA,0.8636111028095295,predicted,stacked_v4_40dim
MIDI-Unprocessed_SMF_13_01_2004_01-05_ORIG_MID--AUDIO_13_R1_2004_02_Track02_wav,/Users/mymac/PycharmProjects/EEG-to-classical-music/data/maestro-v3.0.0/2004/MIDI-Unprocessed_SMF_13_01_2004_01-05_ORIG_MID--AUDIO_13_R1_2004_02_Track02_wav.midi,HVHA,0.8409974628715632,predicted,stacked_v4_40dim
MIDI-Unprocessed_21_R1_2006_01-04_ORIG_MID--AUDIO_21_R1_2006_01_Track01_wav,/Users/mymac/PycharmProjects/EEG-to-classical-music/data/maestro-v3.0.0/2006/MIDI-Unprocessed_21_R1_2006_01-04_ORIG_MID--AUDIO_21_R1_2006_01_Track01_wav.midi,HVLA,0.48614637771922575,predicted,stacked_v4_40dim
MIDI-Unprocessed_25_R3_2011_MID--AUDIO_R3-D9_02_Track02_wav,/Users/mymac/PycharmProjects/EEG-to-classical-music/data/maestro-v3.0.0/2011/MIDI-Unprocessed_25_R3_2011_MID--AUDIO_R3-D9_02_Track02_wav.midi,HVLA,0.6202093589826412,predicted,stacked_v4_40dim
MIDI-Unprocessed_25_R3_2011_MID--AUDIO_R3-D9_03_Track03_wav,/Users/mymac/PycharmProjects/EEG-to-classical-music/data/maestro-v3.0.0/2011/MIDI-Unprocessed_25_R3_2011_MID--AUDIO_R3-D9_03_Track03_wav.midi,HVLA,0.5177319497232126,predicted,stacked_v4_40dim
MIDI-Unprocessed_20_R1_2006_01-04_ORIG_MID--AUDIO_20_R1_2006_01_Track01_wav,/Users/mymac/PycharmProjects/EEG-to-classical-music/data/maestro-v3.0.0/2006/MIDI-Unprocessed_20_R1_2006_01-04_ORIG_MID--AUDIO_20_R1_2006_01_Track01_wav.midi,HVHA,0.638052938092818,predicted,stacked_v4_40dim
MIDI-UNPROCESSED_04-05_R1_2014_MID--AUDIO_05_R1_2014_wav--2,/Users/mymac/PycharmProjects/EEG-to-classical-music/data/maestro-v3.0.0/2014/MIDI-UNPROCESSED_04-05_R1_2014_MID--AUDIO_05_R1_2014_wav--2.midi,LVHA,0.6040959043643838,predicted,stacked_v4_40dim
MIDI-Unprocessed_R1_D2-21-22_mid--AUDIO-from_mp3_21_R1_2015_wav--5,/Users/mymac/PycharmProjects/EEG-to-classical-music/data/maestro-v3.0.0/2015/MIDI-Unprocessed_R1_D2-21-22_mid--AUDIO-from_mp3_21_R1_2015_wav--5.midi,HVHA,0.7005185982442131,predicted,stacked_v4_40dim
MIDI-Unprocessed_XP_14_R1_2004_01-03_ORIG_MID--AUDIO_14_R1_2004_03_Track03_wav,/Users/mymac/PycharmProjects/EEG-to-classical-music/data/maestro-v3.0.0/2004/MIDI-Unprocessed_XP_14_R1_2004_01-03_ORIG_MID--AUDIO_14_R1_2004_03_Track03_wav.midi,HVHA,0.7763097592105679,predicted,stacked_v4_40dim
MIDI-Unprocessed_074_PIANO074_MID--AUDIO-split_07-08-17_Piano-e_2-04_wav--3,/Users/mymac/PycharmProjects/EEG-to-classical-music/data/maestro-v3.0.0/2017/MIDI-Unprocessed_074_PIANO074_MID--AUDIO-split_07-08-17_Piano-e_2-04_wav--3.midi,HVHA,0.588104075510651,predicted,stacked_v4_40dim
MIDI-Unprocessed_02_R1_2006_01-04_ORIG_MID--AUDIO_02_R1_2006_02_Track02_wav,/Users/mymac/PycharmProjects/EEG-to-classical-music/data/maestro-v3.0.0/2006/MIDI-Unprocessed_02_R1_2006_01-04_ORIG_MID--AUDIO_02_R1_2006_02_Track02_wav.midi,HVHA,0.38609527321137194,predicted,stacked_v4_40dim
MIDI-UNPROCESSED_01-03_R1_2014_MID--AUDIO_01_R1_2014_wav--3,/Users/mymac/PycharmProjects/EEG-to-classical-music/data/maestro-v3.0.0/2014/MIDI-UNPROCESSED_01-03_R1_2014_MID--AUDIO_01_R1_2014_wav--3.midi,HVHA,0.6156742771136137,predicted,stacked_v4_40dim
MIDI-Unprocessed_11_R1_2008_01-04_ORIG_MID--AUDIO_11_R1_2008_wav--3,/Users/mymac/PycharmProjects/EEG-to-classical-music/data/maestro-v3.0.0/2008/MIDI-Unprocessed_11_R1_2008_01-04_ORIG_MID--AUDIO_11_R1_2008_wav--3.midi,LVLA,0.7513145669920526,predicted,stacked_v4_40dim
MIDI-Unprocessed_Chamber3_MID--AUDIO_10_R3_2018_wav--2,/Users/mymac/PycharmProjects/EEG-to-classical-music/data/maestro-v3.0.0/2018/MIDI-Unprocessed_Chamber3_MID--AUDIO_10_R3_2018_wav--2.midi,HVLA,0.45513384051405514,predicted,stacked_v4_40dim
MIDI-Unprocessed_054_PIANO054_MID--AUDIO-split_07-07-17_Piano-e_1-02_wav--4,/Users/mymac/PycharmProjects/EEG-to-classical-music/data/maestro-v3.0.0/2017/MIDI-Unprocessed_054_PIANO054_MID--AUDIO-split_07-07-17_Piano-e_1-02_wav--4.midi,HVHA,0.5226383923073656,predicted,stacked_v4_40dim
MIDI-Unprocessed_13_R1_2008_01-04_ORIG_MID--AUDIO_13_R1_2008_wav--4,/Users/mymac/PycharmProjects/EEG-to-classical-music/data/maestro-v3.0.0/2008/MIDI-Unprocessed_13_R1_2008_01-04_ORIG_MID--AUDIO_13_R1_2008_wav--4.midi,HVHA,0.5547303861262739,predicted,stacked_v4_40dim
MIDI-Unprocessed_20_R1_2009_06-07_ORIG_MID--AUDIO_20_R1_2009_20_R1_2009_06_WAV,/Users/mymac/PycharmProjects/EEG-to-classical-music/data/maestro-v3.0.0/2009/MIDI-Unprocessed_20_R1_2009_06-07_ORIG_MID--AUDIO_20_R1_2009_20_R1_2009_06_WAV.midi,HVLA,0.49420231852298835,predicted,stacked_v4_40dim
MIDI-Unprocessed_R1_D2-13-20_mid--AUDIO-from_mp3_14_R1_2015_wav--3,/Users/mymac/PycharmProjects/EEG-to-classical-music/data/maestro-v3.0.0/2015/MIDI-Unprocessed_R1_D2-13-20_mid--AUDIO-from_mp3_14_R1_2015_wav--3.midi,HVHA,0.8071600896497277,predicted,stacked_v4_40dim
ORIG-MIDI_03_7_10_13_Group_MID--AUDIO_17_R3_2013_wav--3,/Users/mymac/PycharmProjects/EEG-to-classical-music/data/maestro-v3.0.0/2013/ORIG-MIDI_03_7_10_13_Group_MID--AUDIO_17_R3_2013_wav--3.midi,HVLA,0.35174499385994656,predicted,stacked_v4_40dim
MIDI-Unprocessed_15_R1_2009_01-02_ORIG_MID--AUDIO_15_R1_2009_15_R1_2009_02_WAV,/Users/mymac/PycharmProjects/EEG-to-classical-music/data/maestro-v3.0.0/2009/MIDI-Unprocessed_15_R1_2009_01-02_ORIG_MID--AUDIO_15_R1_2009_15_R1_2009_02_WAV.midi,HVHA,0.7134253581920613,predicted,stacked_v4_40dim
MIDI-Unprocessed_19_R1_2006_01-07_ORIG_MID--AUDIO_19_R1_2006_03_Track03_wav,/Users/mymac/PycharmProjects/EEG-to-classical-music/data/maestro-v3.0.0/2006/MIDI-Unprocessed_19_R1_2006_01-07_ORIG_MID--AUDIO_19_R1_2006_03_Track03_wav.midi,HVHA,0.8287088616781662,predicted,stacked_v4_40dim
MIDI-Unprocessed_09_R1_2009_05-06_ORIG_MID--AUDIO_09_R1_2009_09_R1_2009_05_WAV,/Users/mymac/PycharmProjects/EEG-to-classical-music/data/maestro-v3.0.0/2009/MIDI-Unprocessed_09_R1_2009_05-06_ORIG_MID--AUDIO_09_R1_2009_09_R1_2009_05_WAV.midi,HVHA,0.8391779944828908,predicted,stacked_v4_40dim
MIDI-Unprocessed_18_R1_2009_04_ORIG_MID--AUDIO_18_R1_2009_18_R1_2009_04_WAV,/Users/mymac/PycharmProjects/EEG-to-classical-music/data/maestro-v3.0.0/2009/MIDI-Unprocessed_18_R1_2009_04_ORIG_MID--AUDIO_18_R1_2009_18_R1_2009_04_WAV.midi,HVHA,0.4595141402036141,predicted,stacked_v4_40dim
MIDI-Unprocessed_12_R1_2006_01-08_ORIG_MID--AUDIO_12_R1_2006_01_Track01_wav,/Users/mymac/PycharmProjects/EEG-to-classical-music/data/maestro-v3.0.0/2006/MIDI-Unprocessed_12_R1_2006_01-08_ORIG_MID--AUDIO_12_R1_2006_01_Track01_wav.midi,HVHA,0.449157569329292,predicted,stacked_v4_40dim
MIDI-Unprocessed_SMF_07_R1_2004_01_ORIG_MID--AUDIO_07_R1_2004_02_Track02_wav,/Users/mymac/PycharmProjects/EEG-to-classical-music/data/maestro-v3.0.0/2004/MIDI-Unprocessed_SMF_07_R1_2004_01_ORIG_MID--AUDIO_07_R1_2004_02_Track02_wav.midi,HVHA,0.5209512441390701,predicted,stacked_v4_40dim
MIDI-Unprocessed_SMF_07_R1_2004_01_ORIG_MID--AUDIO_07_R1_2004_04_Track04_wav,/Users/mymac/PycharmProjects/EEG-to-classical-music/data/maestro-v3.0.0/2004/MIDI-Unprocessed_SMF_07_R1_2004_01_ORIG_MID--AUDIO_07_R1_2004_04_Track04_wav.midi,HVHA,0.38805374064182485,predicted,stacked_v4_40dim
MIDI-Unprocessed_SMF_07_R1_2004_01_ORIG_MID--AUDIO_07_R1_2004_06_Track06_wav,/Users/mymac/PycharmProjects/EEG-to-classical-music/data/maestro-v3.0.0/2004/MIDI-Unprocessed_SMF_07_R1_2004_01_ORIG_MID--AUDIO_07_R1_2004_06_Track06_wav.midi,HVHA,0.6171453151342028,predicted,stacked_v4_40dim
MIDI-UNPROCESSED_11-13_R1_2014_MID--AUDIO_11_R1_2014_wav--3,/Users/mymac/PycharmProjects/EEG-to-classical-music/data/maestro-v3.0.0/2014/MIDI-UNPROCESSED_11-13_R1_2014_MID--AUDIO_11_R1_2014_wav--3.midi,HVHA,0.7865103852095957,predicted,stacked_v4_40dim
MIDI-Unprocessed_Recital5-7_MID--AUDIO_05_R1_2018_wav--2,/Users/mymac/PycharmProjects/EEG-to-classical-music/data/maestro-v3.0.0/2018/MIDI-Unprocessed_Recital5-7_MID--AUDIO_05_R1_2018_wav--2.midi,HVHA,0.7982160076452111,predicted,stacked_v4_40dim
MIDI-Unprocessed_R1_D2-13-20_mid--AUDIO-from_mp3_13_R1_2015_wav--5,/Users/mymac/PycharmProjects/EEG-to-classical-music/data/maestro-v3.0.0/2015/MIDI-Unprocessed_R1_D2-13-20_mid--AUDIO-from_mp3_13_R1_2015_wav--5.midi,HVHA,0.6283221195075627,predicted,stacked_v4_40dim
MIDI-Unprocessed_R2_D2-19-21-22_mid--AUDIO-from_mp3_21_R2_2015_wav--3,/Users/mymac/PycharmProjects/EEG-to-classical-music/data/maestro-v3.0.0/2015/MIDI-Unprocessed_R2_D2-19-21-22_mid--AUDIO-from_mp3_21_R2_2015_wav--3.midi,HVHA,0.5832366214809769,predicted,stacked_v4_40dim
ORIG-MIDI_01_7_8_13_Group__MID--AUDIO_07_R2_2013_wav--1,/Users/mymac/PycharmProjects/EEG-to-classical-music/data/maestro-v3.0.0/2013/ORIG-MIDI_01_7_8_13_Group__MID--AUDIO_07_R2_2013_wav--1.midi,HVHA,0.5881013784659445,predicted,stacked_v4_40dim
MIDI-Unprocessed_XP_04_R1_2004_01-02_ORIG_MID--AUDIO_04_R1_2004_01_Track01_wav,/Users/mymac/PycharmProjects/EEG-to-classical-music/data/maestro-v3.0.0/2004/MIDI-Unprocessed_XP_04_R1_2004_01-02_ORIG_MID--AUDIO_04_R1_2004_01_Track01_wav.midi,HVHA,0.5179588592784546,predicted,stacked_v4_40dim
MIDI-Unprocessed_XP_15_R1_2004_01-02_ORIG_MID--AUDIO_15_R1_2004_02_Track02_wav,/Users/mymac/PycharmProjects/EEG-to-classical-music/data/maestro-v3.0.0/2004/MIDI-Unprocessed_XP_15_R1_2004_01-02_ORIG_MID--AUDIO_15_R1_2004_02_Track02_wav.midi,HVHA,0.49637391136806097,predicted,stacked_v4_40dim
MIDI-Unprocessed_08_R1_2006_01-04_ORIG_MID--AUDIO_08_R1_2006_Disk1_02_Track02_wav,/Users/mymac/PycharmProjects/EEG-to-classical-music/data/maestro-v3.0.0/2006/MIDI-Unprocessed_08_R1_2006_01-04_ORIG_MID--AUDIO_08_R1_2006_Disk1_02_Track02_wav.midi,HVHA,0.357350104865454,predicted,stacked_v4_40dim
MIDI-UNPROCESSED_19-20_R1_2014_MID--AUDIO_20_R1_2014_wav--1,/Users/mymac/PycharmProjects/EEG-to-classical-music/data/maestro-v3.0.0/2014/MIDI-UNPROCESSED_19-20_R1_2014_MID--AUDIO_20_R1_2014_wav--1.midi,HVHA,0.7895070997872364,predicted,stacked_v4_40dim
MIDI-Unprocessed_19_R1_2006_01-07_ORIG_MID--AUDIO_19_R1_2006_02_Track02_wav,/Users/mymac/PycharmProjects/EEG-to-classical-music/data/maestro-v3.0.0/2006/MIDI-Unprocessed_19_R1_2006_01-07_ORIG_MID--AUDIO_19_R1_2006_02_Track02_wav.midi,HVHA,0.6623719619977534,predicted,stacked_v4_40dim
MIDI-Unprocessed_23_R1_2006_01-05_ORIG_MID--AUDIO_23_R1_2006_02_Track02_wav,/Users/mymac/PycharmProjects/EEG-to-classical-music/data/maestro-v3.0.0/2006/MIDI-Unprocessed_23_R1_2006_01-05_ORIG_MID--AUDIO_23_R1_2006_02_Track02_wav.midi,HVHA,0.7912972430467217,predicted,stacked_v4_40dim
MIDI-Unprocessed_02_R1_2006_01-04_ORIG_MID--AUDIO_02_R1_2006_01_Track01_wav,/Users/mymac/PycharmProjects/EEG-to-classical-music/data/maestro-v3.0.0/2006/MIDI-Unprocessed_02_R1_2006_01-04_ORIG_MID--AUDIO_02_R1_2006_01_Track01_wav.midi,HVHA,0.7305303916132797,predicted,stacked_v4_40dim
MIDI-Unprocessed_22_R1_2006_01-04_ORIG_MID--AUDIO_22_R1_2006_01_Track01_wav,/Users/mymac/PycharmProjects/EEG-to-classical-music/data/maestro-v3.0.0/2006/MIDI-Unprocessed_22_R1_2006_01-04_ORIG_MID--AUDIO_22_R1_2006_01_Track01_wav.midi,HVHA,0.8228391095397776,predicted,stacked_v4_40dim
MIDI-Unprocessed_04_R1_2011_MID--AUDIO_R1-D2_03_Track03_wav,/Users/mymac/PycharmProjects/EEG-to-classical-music/data/maestro-v3.0.0/2011/MIDI-Unprocessed_04_R1_2011_MID--AUDIO_R1-D2_03_Track03_wav.midi,HVHA,0.7499845284036664,predicted,stacked_v4_40dim
MIDI-Unprocessed_042_PIANO042_MID--AUDIO-split_07-06-17_Piano-e_1-02_wav--3,/Users/mymac/PycharmProjects/EEG-to-classical-music/data/maestro-v3.0.0/2017/MIDI-Unprocessed_042_PIANO042_MID--AUDIO-split_07-06-17_Piano-e_1-02_wav--3.midi,HVHA,0.6975670181228283,predicted,stacked_v4_40dim
MIDI-Unprocessed_R1_D2-13-20_mid--AUDIO-from_mp3_19_R1_2015_wav--2,/Users/mymac/PycharmProjects/EEG-to-classical-music/data/maestro-v3.0.0/2015/MIDI-Unprocessed_R1_D2-13-20_mid--AUDIO-from_mp3_19_R1_2015_wav--2.midi,HVHA,0.8442926169155804,predicted,stacked_v4_40dim
ORIG-MIDI_03_7_6_13_Group__MID--AUDIO_10_R1_2013_wav--2,/Users/mymac/PycharmProjects/EEG-to-classical-music/data/maestro-v3.0.0/2013/ORIG-MIDI_03_7_6_13_Group__MID--AUDIO_10_R1_2013_wav--2.midi,HVHA,0.7754992620710948,predicted,stacked_v4_40dim
MIDI-Unprocessed_03_R3_2011_MID--AUDIO_R3-D1_02_Track02_wav,/Users/mymac/PycharmProjects/EEG-to-classical-music/data/maestro-v3.0.0/2011/MIDI-Unprocessed_03_R3_2011_MID--AUDIO_R3-D1_02_Track02_wav.midi,HVHA,0.6227729988720746,predicted,stacked_v4_40dim
MIDI-Unprocessed_03_R3_2011_MID--AUDIO_R3-D1_03_Track03_wav,/Users/mymac/PycharmProjects/EEG-to-classical-music/data/maestro-v3.0.0/2011/MIDI-Unprocessed_03_R3_2011_MID--AUDIO_R3-D1_03_Track03_wav.midi,HVHA,0.6105250644349571,predicted,stacked_v4_40dim
MIDI-Unprocessed_12_R1_2009_03-05_ORIG_MID--AUDIO_12_R1_2009_12_R1_2009_03_WAV,/Users/mymac/PycharmProjects/EEG-to-classical-music/data/maestro-v3.0.0/2009/MIDI-Unprocessed_12_R1_2009_03-05_ORIG_MID--AUDIO_12_R1_2009_12_R1_2009_03_WAV.midi,HVHA,0.796001389298368,predicted,stacked_v4_40dim
MIDI-Unprocessed_R1_D2-13-20_mid--AUDIO-from_mp3_15_R1_2015_wav--3,/Users/mymac/PycharmProjects/EEG-to-classical-music/data/maestro-v3.0.0/2015/MIDI-Unprocessed_R1_D2-13-20_mid--AUDIO-from_mp3_15_R1_2015_wav--3.midi,HVHA,0.8035406515333481,predicted,stacked_v4_40dim
MIDI-Unprocessed_R1_D2-21-22_mid--AUDIO-from_mp3_21_R1_2015_wav--2,/Users/mymac/PycharmProjects/EEG-to-classical-music/data/maestro-v3.0.0/2015/MIDI-Unprocessed_R1_D2-21-22_mid--AUDIO-from_mp3_21_R1_2015_wav--2.midi,HVHA,0.7967454060950107,predicted,stacked_v4_40dim
MIDI-UNPROCESSED_06-08_R1_2014_MID--AUDIO_08_R1_2014_wav--1,/Users/mymac/PycharmProjects/EEG-to-classical-music/data/maestro-v3.0.0/2014/MIDI-UNPROCESSED_06-08_R1_2014_MID--AUDIO_08_R1_2014_wav--1.midi,HVHA,0.8319932616862499,predicted,stacked_v4_40dim
MIDI-UNPROCESSED_21-22_R1_2014_MID--AUDIO_22_R1_2014_wav--1,/Users/mymac/PycharmProjects/EEG-to-classical-music/data/maestro-v3.0.0/2014/MIDI-UNPROCESSED_21-22_R1_2014_MID--AUDIO_22_R1_2014_wav--1.midi,HVHA,0.7787456878657846,predicted,stacked_v4_40dim
MIDI-Unprocessed_SMF_13_01_2004_01-05_ORIG_MID--AUDIO_13_R1_2004_08_Track08_wav,/Users/mymac/PycharmProjects/EEG-to-classical-music/data/maestro-v3.0.0/2004/MIDI-Unprocessed_SMF_13_01_2004_01-05_ORIG_MID--AUDIO_13_R1_2004_08_Track08_wav.midi,HVHA,0.7213925670528989,predicted,stacked_v4_40dim
MIDI-Unprocessed_SMF_13_01_2004_01-05_ORIG_MID--AUDIO_13_R1_2004_09_Track09_wav,/Users/mymac/PycharmProjects/EEG-to-classical-music/data/maestro-v3.0.0/2004/MIDI-Unprocessed_SMF_13_01_2004_01-05_ORIG_MID--AUDIO_13_R1_2004_09_Track09_wav.midi,LVHA,0.4709784299936175,predicted,stacked_v4_40dim
MIDI-Unprocessed_SMF_13_01_2004_01-05_ORIG_MID--AUDIO_13_R1_2004_10_Track10_wav,/Users/mymac/PycharmProjects/EEG-to-classical-music/data/maestro-v3.0.0/2004/MIDI-Unprocessed_SMF_13_01_2004_01-05_ORIG_MID--AUDIO_13_R1_2004_10_Track10_wav.midi,HVHA,0.7411563153833566,predicted,stacked_v4_40dim
ORIG-MIDI_01_7_6_13_Group__MID--AUDIO_04_R1_2013_wav--2,/Users/mymac/PycharmProjects/EEG-to-classical-music/data/maestro-v3.0.0/2013/ORIG-MIDI_01_7_6_13_Group__MID--AUDIO_04_R1_2013_wav--2.midi,HVHA,0.7777582146126363,predicted,stacked_v4_40dim
ORIG-MIDI_02_7_7_13_Group__MID--AUDIO_17_R1_2013_wav--2,/Users/mymac/PycharmProjects/EEG-to-classical-music/data/maestro-v3.0.0/2013/ORIG-MIDI_02_7_7_13_Group__MID--AUDIO_17_R1_2013_wav--2.midi,HVHA,0.8158341582266733,predicted,stacked_v4_40dim
MIDI-Unprocessed_04_R1_2008_01-04_ORIG_MID--AUDIO_04_R1_2008_wav--2,/Users/mymac/PycharmProjects/EEG-to-classical-music/data/maestro-v3.0.0/2008/MIDI-Unprocessed_04_R1_2008_01-04_ORIG_MID--AUDIO_04_R1_2008_wav--2.midi,HVHA,0.7861993392937594,predicted,stacked_v4_40dim
MIDI-Unprocessed_12_R1_2008_01-04_ORIG_MID--AUDIO_12_R1_2008_wav--1,/Users/mymac/PycharmProjects/EEG-to-classical-music/data/maestro-v3.0.0/2008/MIDI-Unprocessed_12_R1_2008_01-04_ORIG_MID--AUDIO_12_R1_2008_wav--1.midi,HVHA,0.5772331332127338,predicted,stacked_v4_40dim
ORIG-MIDI_01_7_7_13_Group__MID--AUDIO_14_R1_2013_wav--2,/Users/mymac/PycharmProjects/EEG-to-classical-music/data/maestro-v3.0.0/2013/ORIG-MIDI_01_7_7_13_Group__MID--AUDIO_14_R1_2013_wav--2.midi,HVHA,0.5646492087743897,predicted,stacked_v4_40dim
ORIG-MIDI_02_7_7_13_Group__MID--AUDIO_19_R1_2013_wav--2,/Users/mymac/PycharmProjects/EEG-to-classical-music/data/maestro-v3.0.0/2013/ORIG-MIDI_02_7_7_13_Group__MID--AUDIO_19_R1_2013_wav--2.midi,HVHA,0.7520512662474954,predicted,stacked_v4_40dim
MIDI-Unprocessed_Recital8_MID--AUDIO_08_R1_2018_wav--1,/Users/mymac/PycharmProjects/EEG-to-classical-music/data/maestro-v3.0.0/2018/MIDI-Unprocessed_Recital8_MID--AUDIO_08_R1_2018_wav--1.midi,HVHA,0.745268990320011,predicted,stacked_v4_40dim
MIDI-Unprocessed_XP_19_R1_2004_01-02_ORIG_MID--AUDIO_19_R1_2004_01_Track01_wav,/Users/mymac/PycharmProjects/EEG-to-classical-music/data/maestro-v3.0.0/2004/MIDI-Unprocessed_XP_19_R1_2004_01-02_ORIG_MID--AUDIO_19_R1_2004_01_Track01_wav.midi,HVHA,0.8554377734272152,predicted,stacked_v4_40dim
MIDI-Unprocessed_XP_19_R1_2004_01-02_ORIG_MID--AUDIO_19_R1_2004_02_Track02_wav,/Users/mymac/PycharmProjects/EEG-to-classical-music/data/maestro-v3.0.0/2004/MIDI-Unprocessed_XP_19_R1_2004_01-02_ORIG_MID--AUDIO_19_R1_2004_02_Track02_wav.midi,LVLA,0.46826463918398636,predicted,stacked_v4_40dim
MIDI-Unprocessed_13_R1_2008_01-04_ORIG_MID--AUDIO_13_R1_2008_wav--2,/Users/mymac/PycharmProjects/EEG-to-classical-music/data/maestro-v3.0.0/2008/MIDI-Unprocessed_13_R1_2008_01-04_ORIG_MID--AUDIO_13_R1_2008_wav--2.midi,HVHA,0.7800924237752498,predicted,stacked_v4_40dim
MIDI-Unprocessed_R1_D1-1-8_mid--AUDIO-from_mp3_04_R1_2015_wav--2,/Users/mymac/PycharmProjects/EEG-to-classical-music/data/maestro-v3.0.0/2015/MIDI-Unprocessed_R1_D1-1-8_mid--AUDIO-from_mp3_04_R1_2015_wav--2.midi,HVHA,0.8306777180117525,predicted,stacked_v4_40dim
MIDI-Unprocessed_R1_D2-13-20_mid--AUDIO-from_mp3_14_R1_2015_wav--2,/Users/mymac/PycharmProjects/EEG-to-classical-music/data/maestro-v3.0.0/2015/MIDI-Unprocessed_R1_D2-13-20_mid--AUDIO-from_mp3_14_R1_2015_wav--2.midi,HVHA,0.7849960270073068,predicted,stacked_v4_40dim
ORIG-MIDI_02_7_7_13_Group__MID--AUDIO_15_R1_2013_wav--2,/Users/mymac/PycharmProjects/EEG-to-classical-music/data/maestro-v3.0.0/2013/ORIG-MIDI_02_7_7_13_Group__MID--AUDIO_15_R1_2013_wav--2.midi,HVHA,0.7668897078789954,predicted,stacked_v4_40dim
MIDI-Unprocessed_16_R1_2008_01-04_ORIG_MID--AUDIO_16_R1_2008_wav--2,/Users/mymac/PycharmProjects/EEG-to-classical-music/data/maestro-v3.0.0/2008/MIDI-Unprocessed_16_R1_2008_01-04_ORIG_MID--AUDIO_16_R1_2008_wav--2.midi,HVHA,0.840538604418003,predicted,stacked_v4_40dim
MIDI-Unprocessed_01_R1_2011_MID--AUDIO_R1-D1_04_Track04_wav,/Users/mymac/PycharmProjects/EEG-to-classical-music/data/maestro-v3.0.0/2011/MIDI-Unprocessed_01_R1_2011_MID--AUDIO_R1-D1_04_Track04_wav.midi,HVHA,0.7860002058095844,predicted,stacked_v4_40dim
MIDI-Unprocessed_12_R1_2011_MID--AUDIO_R1-D4_13_Track13_wav,/Users/mymac/PycharmProjects/EEG-to-classical-music/data/maestro-v3.0.0/2011/MIDI-Unprocessed_12_R1_2011_MID--AUDIO_R1-D4_13_Track13_wav.midi,HVHA,0.7374463663833688,predicted,stacked_v4_40dim
MIDI-Unprocessed_054_PIANO054_MID--AUDIO-split_07-07-17_Piano-e_1-02_wav--2,/Users/mymac/PycharmProjects/EEG-to-classical-music/data/maestro-v3.0.0/2017/MIDI-Unprocessed_054_PIANO054_MID--AUDIO-split_07-07-17_Piano-e_1-02_wav--2.midi,HVHA,0.7258253230583331,predicted,stacked_v4_40dim
MIDI-Unprocessed_Recital5-7_MID--AUDIO_07_R1_2018_wav--1,/Users/mymac/PycharmProjects/EEG-to-classical-music/data/maestro-v3.0.0/2018/MIDI-Unprocessed_Recital5-7_MID--AUDIO_07_R1_2018_wav--1.midi,HVHA,0.717326863999419,predicted,stacked_v4_40dim
MIDI-Unprocessed_05_R1_2011_MID--AUDIO_R1-D2_10_Track10_wav,/Users/mymac/PycharmProjects/EEG-to-classical-music/data/maestro-v3.0.0/2011/MIDI-Unprocessed_05_R1_2011_MID--AUDIO_R1-D2_10_Track10_wav.midi,HVHA,0.6469669064901404,predicted,stacked_v4_40dim
MIDI-Unprocessed_R1_D1-1-8_mid--AUDIO-from_mp3_02_R1_2015_wav--2,/Users/mymac/PycharmProjects/EEG-to-classical-music/data/maestro-v3.0.0/2015/MIDI-Unprocessed_R1_D1-1-8_mid--AUDIO-from_mp3_02_R1_2015_wav--2.midi,HVHA,0.7443673327736192,predicted,stacked_v4_40dim
MIDI-Unprocessed_Recital9-11_MID--AUDIO_10_R1_2018_wav--1,/Users/mymac/PycharmProjects/EEG-to-classical-music/data/maestro-v3.0.0/2018/MIDI-Unprocessed_Recital9-11_MID--AUDIO_10_R1_2018_wav--1.midi,LVLA,0.31072567599952244,predicted,stacked_v4_40dim
MIDI-Unprocessed_R1_D2-13-20_mid--AUDIO-from_mp3_19_R1_2015_wav--4,/Users/mymac/PycharmProjects/EEG-to-classical-music/data/maestro-v3.0.0/2015/MIDI-Unprocessed_R1_D2-13-20_mid--AUDIO-from_mp3_19_R1_2015_wav--4.midi,HVHA,0.5013200723099369,predicted,stacked_v4_40dim
MIDI-Unprocessed_Recital13-15_MID--AUDIO_14_R1_2018_wav--4,/Users/mymac/PycharmProjects/EEG-to-classical-music/data/maestro-v3.0.0/2018/MIDI-Unprocessed_Recital13-15_MID--AUDIO_14_R1_2018_wav--4.midi,LVLA,0.6291562224987914,predicted,stacked_v4_40dim
MIDI-Unprocessed_10_R1_2009_03-05_ORIG_MID--AUDIO_10_R1_2009_10_R1_2009_04_WAV,/Users/mymac/PycharmProjects/EEG-to-classical-music/data/maestro-v3.0.0/2009/MIDI-Unprocessed_10_R1_2009_03-05_ORIG_MID--AUDIO_10_R1_2009_10_R1_2009_04_WAV.midi,HVHA,0.41164269533956915,predicted,stacked_v4_40dim
MIDI-Unprocessed_SMF_13_01_2004_01-05_ORIG_MID--AUDIO_13_R1_2004_05_Track05_wav,/Users/mymac/PycharmProjects/EEG-to-classical-music/data/maestro-v3.0.0/2004/MIDI-Unprocessed_SMF_13_01_2004_01-05_ORIG_MID--AUDIO_13_R1_2004_05_Track05_wav.midi,HVHA,0.8382903952832906,predicted,stacked_v4_40dim
MIDI-Unprocessed_Chamber6_MID--AUDIO_20_R3_2018_wav--1,/Users/mymac/PycharmProjects/EEG-to-classical-music/data/maestro-v3.0.0/2018/MIDI-Unprocessed_Chamber6_MID--AUDIO_20_R3_2018_wav--1.midi,HVHA,0.7367199583632739,predicted,stacked_v4_40dim
MIDI-Unprocessed_11_R1_2006_01-06_ORIG_MID--AUDIO_11_R1_2006_02_Track02_wav,/Users/mymac/PycharmProjects/EEG-to-classical-music/data/maestro-v3.0.0/2006/MIDI-Unprocessed_11_R1_2006_01-06_ORIG_MID--AUDIO_11_R1_2006_02_Track02_wav.midi,HVHA,0.745770309106844,predicted,stacked_v4_40dim
MIDI-UNPROCESSED_04-08-12_R3_2014_MID--AUDIO_12_R3_2014_wav--1,/Users/mymac/PycharmProjects/EEG-to-classical-music/data/maestro-v3.0.0/2014/MIDI-UNPROCESSED_04-08-12_R3_2014_MID--AUDIO_12_R3_2014_wav--1.midi,HVHA,0.33913543786192296,predicted,stacked_v4_40dim
MIDI-Unprocessed_10_R1_2009_01-02_ORIG_MID--AUDIO_10_R1_2009_10_R1_2009_02_WAV,/Users/mymac/PycharmProjects/EEG-to-classical-music/data/maestro-v3.0.0/2009/MIDI-Unprocessed_10_R1_2009_01-02_ORIG_MID--AUDIO_10_R1_2009_10_R1_2009_02_WAV.midi,HVHA,0.5298324957102365,predicted,stacked_v4_40dim
MIDI-Unprocessed_XP_10_R1_2004_01-02_ORIG_MID--AUDIO_10_R1_2004_02_Track02_wav,/Users/mymac/PycharmProjects/EEG-to-classical-music/data/maestro-v3.0.0/2004/MIDI-Unprocessed_XP_10_R1_2004_01-02_ORIG_MID--AUDIO_10_R1_2004_02_Track02_wav.midi,HVHA,0.8290684664145865,predicted,stacked_v4_40dim
MIDI-UNPROCESSED_14-15_R1_2014_MID--AUDIO_15_R1_2014_wav--1,/Users/mymac/PycharmProjects/EEG-to-classical-music/data/maestro-v3.0.0/2014/MIDI-UNPROCESSED_14-15_R1_2014_MID--AUDIO_15_R1_2014_wav--1.midi,HVHA,0.7959989019106714,predicted,stacked_v4_40dim
MIDI-Unprocessed_Recital13-15_MID--AUDIO_14_R1_2018_wav--3,/Users/mymac/PycharmProjects/EEG-to-classical-music/data/maestro-v3.0.0/2018/MIDI-Unprocessed_Recital13-15_MID--AUDIO_14_R1_2018_wav--3.midi,HVHA,0.6376011806049778,predicted,stacked_v4_40dim
MIDI-UNPROCESSED_14-15_R1_2014_MID--AUDIO_15_R1_2014_wav--2,/Users/mymac/PycharmProjects/EEG-to-classical-music/data/maestro-v3.0.0/2014/MIDI-UNPROCESSED_14-15_R1_2014_MID--AUDIO_15_R1_2014_wav--2.midi,HVHA,0.6139902163901511,predicted,stacked_v4_40dim
MIDI-Unprocessed_09_R1_2011_MID--AUDIO_R1-D3_13_Track13_wav,/Users/mymac/PycharmProjects/EEG-to-classical-music/data/maestro-v3.0.0/2011/MIDI-Unprocessed_09_R1_2011_MID--AUDIO_R1-D3_13_Track13_wav.midi,HVHA,0.7810684867733219,predicted,stacked_v4_40dim
MIDI-Unprocessed_R1_D1-1-8_mid--AUDIO-from_mp3_03_R1_2015_wav--3,/Users/mymac/PycharmProjects/EEG-to-classical-music/data/maestro-v3.0.0/2015/MIDI-Unprocessed_R1_D1-1-8_mid--AUDIO-from_mp3_03_R1_2015_wav--3.midi,HVHA,0.786035716780666,predicted,stacked_v4_40dim
MIDI-Unprocessed_R1_D2-13-20_mid--AUDIO-from_mp3_13_R1_2015_wav--2,/Users/mymac/PycharmProjects/EEG-to-classical-music/data/maestro-v3.0.0/2015/MIDI-Unprocessed_R1_D2-13-20_mid--AUDIO-from_mp3_13_R1_2015_wav--2.midi,HVHA,0.7788258334100351,predicted,stacked_v4_40dim
MIDI-UNPROCESSED_16-18_R1_2014_MID--AUDIO_16_R1_2014_wav--2,/Users/mymac/PycharmProjects/EEG-to-classical-music/data/maestro-v3.0.0/2014/MIDI-UNPROCESSED_16-18_R1_2014_MID--AUDIO_16_R1_2014_wav--2.midi,HVHA,0.8420404190032307,predicted,stacked_v4_40dim
MIDI-Unprocessed_058_PIANO058_MID--AUDIO-split_07-07-17_Piano-e_2-02_wav--3,/Users/mymac/PycharmProjects/EEG-to-classical-music/data/maestro-v3.0.0/2017/MIDI-Unprocessed_058_PIANO058_MID--AUDIO-split_07-07-17_Piano-e_2-02_wav--3.midi,HVHA,0.7733005300301589,predicted,stacked_v4_40dim
MIDI-Unprocessed_06_R1_2008_01-04_ORIG_MID--AUDIO_06_R1_2008_wav--2,/Users/mymac/PycharmProjects/EEG-to-classical-music/data/maestro-v3.0.0/2008/MIDI-Unprocessed_06_R1_2008_01-04_ORIG_MID--AUDIO_06_R1_2008_wav--2.midi,HVHA,0.5046768706240283,predicted,stacked_v4_40dim
MIDI-Unprocessed_044_PIANO044_MID--AUDIO-split_07-06-17_Piano-e_1-04_wav--2,/Users/mymac/PycharmProjects/EEG-to-classical-music/data/maestro-v3.0.0/2017/MIDI-Unprocessed_044_PIANO044_MID--AUDIO-split_07-06-17_Piano-e_1-04_wav--2.midi,HVHA,0.7287633862048603,predicted,stacked_v4_40dim
MIDI-Unprocessed_046_PIANO046_MID--AUDIO-split_07-06-17_Piano-e_2-02_wav--2,/Users/mymac/PycharmProjects/EEG-to-classical-music/data/maestro-v3.0.0/2017/MIDI-Unprocessed_046_PIANO046_MID--AUDIO-split_07-06-17_Piano-e_2-02_wav--2.midi,HVHA,0.7594627638407944,predicted,stacked_v4_40dim
MIDI-Unprocessed_049_PIANO049_MID--AUDIO-split_07-06-17_Piano-e_2-06_wav--2,/Users/mymac/PycharmProjects/EEG-to-classical-music/data/maestro-v3.0.0/2017/MIDI-Unprocessed_049_PIANO049_MID--AUDIO-split_07-06-17_Piano-e_2-06_wav--2.midi,HVHA,0.810080800743131,predicted,stacked_v4_40dim
MIDI-Unprocessed_05_R1_2008_01-04_ORIG_MID--AUDIO_05_R1_2008_wav--2,/Users/mymac/PycharmProjects/EEG-to-classical-music/data/maestro-v3.0.0/2008/MIDI-Unprocessed_05_R1_2008_01-04_ORIG_MID--AUDIO_05_R1_2008_wav--2.midi,HVHA,0.7827979798142581,predicted,stacked_v4_40dim
MIDI-Unprocessed_17_R1_2008_01-04_ORIG_MID--AUDIO_17_R1_2008_wav--2,/Users/mymac/PycharmProjects/EEG-to-classical-music/data/maestro-v3.0.0/2008/MIDI-Unprocessed_17_R1_2008_01-04_ORIG_MID--AUDIO_17_R1_2008_wav--2.midi,HVHA,0.7603143056410414,predicted,stacked_v4_40dim
MIDI-Unprocessed_R1_D1-1-8_mid--AUDIO-from_mp3_06_R1_2015_wav--2,/Users/mymac/PycharmProjects/EEG-to-classical-music/data/maestro-v3.0.0/2015/MIDI-Unprocessed_R1_D1-1-8_mid--AUDIO-from_mp3_06_R1_2015_wav--2.midi,HVHA,0.7568750756520303,predicted,stacked_v4_40dim
MIDI-Unprocessed_19_R1_2011_MID--AUDIO_R1-D7_13_Track13_wav,/Users/mymac/PycharmProjects/EEG-to-classical-music/data/maestro-v3.0.0/2011/MIDI-Unprocessed_19_R1_2011_MID--AUDIO_R1-D7_13_Track13_wav.midi,HVHA,0.6657893415806742,predicted,stacked_v4_40dim
MIDI-Unprocessed_08_R1_2011_MID--AUDIO_R1-D3_08_Track08_wav,/Users/mymac/PycharmProjects/EEG-to-classical-music/data/maestro-v3.0.0/2011/MIDI-Unprocessed_08_R1_2011_MID--AUDIO_R1-D3_08_Track08_wav.midi,HVHA,0.786453395544581,predicted,stacked_v4_40dim
MIDI-Unprocessed_15_R1_2011_MID--AUDIO_R1-D6_08_Track08_wav,/Users/mymac/PycharmProjects/EEG-to-classical-music/data/maestro-v3.0.0/2011/MIDI-Unprocessed_15_R1_2011_MID--AUDIO_R1-D6_08_Track08_wav.midi,HVHA,0.6796760880430871,predicted,stacked_v4_40dim
ORIG-MIDI_02_7_6_13_Group__MID--AUDIO_08_R1_2013_wav--2,/Users/mymac/PycharmProjects/EEG-to-classical-music/data/maestro-v3.0.0/2013/ORIG-MIDI_02_7_6_13_Group__MID--AUDIO_08_R1_2013_wav--2.midi,HVHA,0.7280039027278925,predicted,stacked_v4_40dim
MIDI-Unprocessed_050_PIANO050_MID--AUDIO-split_07-06-17_Piano-e_3-01_wav--2,/Users/mymac/PycharmProjects/EEG-to-classical-music/data/maestro-v3.0.0/2017/MIDI-Unprocessed_050_PIANO050_MID--AUDIO-split_07-06-17_Piano-e_3-01_wav--2.midi,HVHA,0.7267592705984144,predicted,stacked_v4_40dim
MIDI-Unprocessed_053_PIANO053_MID--AUDIO-split_07-06-17_Piano-e_3-04_wav--3,/Users/mymac/PycharmProjects/EEG-to-classical-music/data/maestro-v3.0.0/2017/MIDI-Unprocessed_053_PIANO053_MID--AUDIO-split_07-06-17_Piano-e_3-04_wav--3.midi,HVHA,0.7788055064979325,predicted,stacked_v4_40dim
MIDI-Unprocessed_055_PIANO055_MID--AUDIO-split_07-07-17_Piano-e_1-04_wav--2,/Users/mymac/PycharmProjects/EEG-to-classical-music/data/maestro-v3.0.0/2017/MIDI-Unprocessed_055_PIANO055_MID--AUDIO-split_07-07-17_Piano-e_1-04_wav--2.midi,HVHA,0.7633008905306753,predicted,stacked_v4_40dim
MIDI-Unprocessed_057_PIANO057_MID--AUDIO-split_07-07-17_Piano-e_1-07_wav--2,/Users/mymac/PycharmProjects/EEG-to-classical-music/data/maestro-v3.0.0/2017/MIDI-Unprocessed_057_PIANO057_MID--AUDIO-split_07-07-17_Piano-e_1-07_wav--2.midi,HVHA,0.8151993772803423,predicted,stacked_v4_40dim
MIDI-Unprocessed_09_R1_2008_01-05_ORIG_MID--AUDIO_09_R1_2008_wav--2,/Users/mymac/PycharmProjects/EEG-to-classical-music/data/maestro-v3.0.0/2008/MIDI-Unprocessed_09_R1_2008_01-05_ORIG_MID--AUDIO_09_R1_2008_wav--2.midi,HVHA,0.8045960011178273,predicted,stacked_v4_40dim
MIDI-Unprocessed_18_R1_2008_01-04_ORIG_MID--AUDIO_18_R1_2008_wav--2,/Users/mymac/PycharmProjects/EEG-to-classical-music/data/maestro-v3.0.0/2008/MIDI-Unprocessed_18_R1_2008_01-04_ORIG_MID--AUDIO_18_R1_2008_wav--2.midi,HVHA,0.8169057098546814,predicted,stacked_v4_40dim
MIDI-UNPROCESSED_04-05_R1_2014_MID--AUDIO_04_R1_2014_wav--2,/Users/mymac/PycharmProjects/EEG-to-classical-music/data/maestro-v3.0.0/2014/MIDI-UNPROCESSED_04-05_R1_2014_MID--AUDIO_04_R1_2014_wav--2.midi,HVHA,0.8551429959745936,predicted,stacked_v4_40dim
MIDI-Unprocessed_066_PIANO066_MID--AUDIO-split_07-07-17_Piano-e_3-02_wav--2,/Users/mymac/PycharmProjects/EEG-to-classical-music/data/maestro-v3.0.0/2017/MIDI-Unprocessed_066_PIANO066_MID--AUDIO-split_07-07-17_Piano-e_3-02_wav--2.midi,HVHA,0.8249536221679407,predicted,stacked_v4_40dim
MIDI-Unprocessed_11_R1_2009_01-05_ORIG_MID--AUDIO_11_R1_2009_11_R1_2009_01_WAV,/Users/mymac/PycharmProjects/EEG-to-classical-music/data/maestro-v3.0.0/2009/MIDI-Unprocessed_11_R1_2009_01-05_ORIG_MID--AUDIO_11_R1_2009_11_R1_2009_01_WAV.midi,HVHA,0.7588888029993671,predicted,stacked_v4_40dim
MIDI-Unprocessed_Recital17-19_MID--AUDIO_18_R1_2018_wav--1,/Users/mymac/PycharmProjects/EEG-to-classical-music/data/maestro-v3.0.0/2018/MIDI-Unprocessed_Recital17-19_MID--AUDIO_18_R1_2018_wav--1.midi,HVHA,0.7859822270061759,predicted,stacked_v4_40dim
MIDI-Unprocessed_11_R1_2011_MID--AUDIO_R1-D4_08_Track08_wav,/Users/mymac/PycharmProjects/EEG-to-classical-music/data/maestro-v3.0.0/2011/MIDI-Unprocessed_11_R1_2011_MID--AUDIO_R1-D4_08_Track08_wav.midi,HVHA,0.6336849007259211,predicted,stacked_v4_40dim
MIDI-Unprocessed_13_R1_2011_MID--AUDIO_R1-D5_04_Track04_wav,/Users/mymac/PycharmProjects/EEG-to-classical-music/data/maestro-v3.0.0/2011/MIDI-Unprocessed_13_R1_2011_MID--AUDIO_R1-D5_04_Track04_wav.midi,HVHA,0.6626223913572404,predicted,stacked_v4_40dim
MIDI-Unprocessed_18_R1_2011_MID--AUDIO_R1-D7_08_Track08_wav,/Users/mymac/PycharmProjects/EEG-to-classical-music/data/maestro-v3.0.0/2011/MIDI-Unprocessed_18_R1_2011_MID--AUDIO_R1-D7_08_Track08_wav.midi,HVHA,0.6968499774026857,predicted,stacked_v4_40dim
ORIG-MIDI_01_7_6_13_Group__MID--AUDIO_03_R1_2013_wav--2,/Users/mymac/PycharmProjects/EEG-to-classical-music/data/maestro-v3.0.0/2013/ORIG-MIDI_01_7_6_13_Group__MID--AUDIO_03_R1_2013_wav--2.midi,HVHA,0.6619384424954696,predicted,stacked_v4_40dim
MIDI-Unprocessed_15_R1_2008_01-04_ORIG_MID--AUDIO_15_R1_2008_wav--2,/Users/mymac/PycharmProjects/EEG-to-classical-music/data/maestro-v3.0.0/2008/MIDI-Unprocessed_15_R1_2008_01-04_ORIG_MID--AUDIO_15_R1_2008_wav--2.midi,HVHA,0.6384396181310934,predicted,stacked_v4_40dim
MIDI-Unprocessed_R1_D1-1-8_mid--AUDIO-from_mp3_07_R1_2015_wav--2,/Users/mymac/PycharmProjects/EEG-to-classical-music/data/maestro-v3.0.0/2015/MIDI-Unprocessed_R1_D1-1-8_mid--AUDIO-from_mp3_07_R1_2015_wav--2.midi,HVHA,0.6443034508963611,predicted,stacked_v4_40dim
MIDI-Unprocessed_R1_D1-1-8_mid--AUDIO-from_mp3_08_R1_2015_wav--2,/Users/mymac/PycharmProjects/EEG-to-classical-music/data/maestro-v3.0.0/2015/MIDI-Unprocessed_R1_D1-1-8_mid--AUDIO-from_mp3_08_R1_2015_wav--2.midi,HVHA,0.6409201216339251,predicted,stacked_v4_40dim
ORIG-MIDI_02_7_6_13_Group__MID--AUDIO_05_R1_2013_wav--2,/Users/mymac/PycharmProjects/EEG-to-classical-music/data/maestro-v3.0.0/2013/ORIG-MIDI_02_7_6_13_Group__MID--AUDIO_05_R1_2013_wav--2.midi,HVHA,0.6505878315198876,predicted,stacked_v4_40dim
MIDI-UNPROCESSED_01-03_R1_2014_MID--AUDIO_03_R1_2014_wav--3,/Users/mymac/PycharmProjects/EEG-to-classical-music/data/maestro-v3.0.0/2014/MIDI-UNPROCESSED_01-03_R1_2014_MID--AUDIO_03_R1_2014_wav--3.midi,HVHA,0.6705316755749302,predicted,stacked_v4_40dim
MIDI-Unprocessed_041_PIANO041_MID--AUDIO-split_07-06-17_Piano-e_1-01_wav--2,/Users/mymac/PycharmProjects/EEG-to-classical-music/data/maestro-v3.0.0/2017/MIDI-Unprocessed_041_PIANO041_MID--AUDIO-split_07-06-17_Piano-e_1-01_wav--2.midi,HVHA,0.6488293999912094,predicted,stacked_v4_40dim
MIDI-Unprocessed_043_PIANO043_MID--AUDIO-split_07-06-17_Piano-e_1-03_wav--2,/Users/mymac/PycharmProjects/EEG-to-classical-music/data/maestro-v3.0.0/2017/MIDI-Unprocessed_043_PIANO043_MID--AUDIO-split_07-06-17_Piano-e_1-03_wav--2.midi,HVLA,0.6904401686335986,predicted,stacked_v4_40dim
MIDI-Unprocessed_048_PIANO048_MID--AUDIO-split_07-06-17_Piano-e_2-05_wav--2,/Users/mymac/PycharmProjects/EEG-to-classical-music/data/maestro-v3.0.0/2017/MIDI-Unprocessed_048_PIANO048_MID--AUDIO-split_07-06-17_Piano-e_2-05_wav--2.midi,HVHA,0.692750983507367,predicted,stacked_v4_40dim
MIDI-Unprocessed_056_PIANO056_MID--AUDIO-split_07-07-17_Piano-e_1-05_wav--3,/Users/mymac/PycharmProjects/EEG-to-classical-music/data/maestro-v3.0.0/2017/MIDI-Unprocessed_056_PIANO056_MID--AUDIO-split_07-07-17_Piano-e_1-05_wav--3.midi,HVHA,0.5943740549086405,predicted,stacked_v4_40dim
MIDI-Unprocessed_059_PIANO059_MID--AUDIO-split_07-07-17_Piano-e_2-03_wav--2,/Users/mymac/PycharmProjects/EEG-to-classical-music/data/maestro-v3.0.0/2017/MIDI-Unprocessed_059_PIANO059_MID--AUDIO-split_07-07-17_Piano-e_2-03_wav--2.midi,HVHA,0.60885768688307,predicted,stacked_v4_40dim
MIDI-Unprocessed_062_PIANO062_MID--AUDIO-split_07-07-17_Piano-e_2-07_wav--1,/Users/mymac/PycharmProjects/EEG-to-classical-music/data/maestro-v3.0.0/2017/MIDI-Unprocessed_062_PIANO062_MID--AUDIO-split_07-07-17_Piano-e_2-07_wav--1.midi,HVHA,0.6208088094683906,predicted,stacked_v4_40dim
MIDI-Unprocessed_03_R1_2008_01-04_ORIG_MID--AUDIO_03_R1_2008_wav--2,/Users/mymac/PycharmProjects/EEG-to-classical-music/data/maestro-v3.0.0/2008/MIDI-Unprocessed_03_R1_2008_01-04_ORIG_MID--AUDIO_03_R1_2008_wav--2.midi,HVLA,0.5466933263275915,predicted,stacked_v4_40dim
MIDI-Unprocessed_R1_D1-9-12_mid--AUDIO-from_mp3_10_R1_2015_wav--3,/Users/mymac/PycharmProjects/EEG-to-classical-music/data/maestro-v3.0.0/2015/MIDI-Unprocessed_R1_D1-9-12_mid--AUDIO-from_mp3_10_R1_2015_wav--3.midi,HVHA,0.5554972829845813,predicted,stacked_v4_40dim
MIDI-Unprocessed_12_R2_2011_MID--AUDIO_R2-D4_03_Track03_wav,/Users/mymac/PycharmProjects/EEG-to-classical-music/data/maestro-v3.0.0/2011/MIDI-Unprocessed_12_R2_2011_MID--AUDIO_R2-D4_03_Track03_wav.midi,HVLA,0.5344248120302387,predicted,stacked_v4_40dim
MIDI-Unprocessed_20_R1_2011_MID--AUDIO_R1-D8_04_Track04_wav,/Users/mymac/PycharmProjects/EEG-to-classical-music/data/maestro-v3.0.0/2011/MIDI-Unprocessed_20_R1_2011_MID--AUDIO_R1-D8_04_Track04_wav.midi,HVLA,0.5477036135685853,predicted,stacked_v4_40dim
MIDI-Unprocessed_25_R1_2011_MID--AUDIO_R1-D9_15_Track15_wav,/Users/mymac/PycharmProjects/EEG-to-classical-music/data/maestro-v3.0.0/2011/MIDI-Unprocessed_25_R1_2011_MID--AUDIO_R1-D9_15_Track15_wav.midi,HVLA,0.6103481798916354,predicted,stacked_v4_40dim
MIDI-Unprocessed_21_R1_2011_MID--AUDIO_R1-D8_08_Track08_wav,/Users/mymac/PycharmProjects/EEG-to-classical-music/data/maestro-v3.0.0/2011/MIDI-Unprocessed_21_R1_2011_MID--AUDIO_R1-D8_08_Track08_wav.midi,HVLA,0.3785483986293135,predicted,stacked_v4_40dim
MIDI-Unprocessed_045_PIANO045_MID--AUDIO-split_07-06-17_Piano-e_2-01_wav--2,/Users/mymac/PycharmProjects/EEG-to-classical-music/data/maestro-v3.0.0/2017/MIDI-Unprocessed_045_PIANO045_MID--AUDIO-split_07-06-17_Piano-e_2-01_wav--2.midi,HVLA,0.5672046590415398,predicted,stacked_v4_40dim
MIDI-Unprocessed_11_R1_2008_01-04_ORIG_MID--AUDIO_11_R1_2008_wav--2,/Users/mymac/PycharmProjects/EEG-to-classical-music/data/maestro-v3.0.0/2008/MIDI-Unprocessed_11_R1_2008_01-04_ORIG_MID--AUDIO_11_R1_2008_wav--2.midi,HVHA,0.6760574894603438,predicted,stacked_v4_40dim
MIDI-Unprocessed_24_R1_2011_MID--AUDIO_R1-D9_09_Track09_wav,/Users/mymac/PycharmProjects/EEG-to-classical-music/data/maestro-v3.0.0/2011/MIDI-Unprocessed_24_R1_2011_MID--AUDIO_R1-D9_09_Track09_wav.midi,HVHA,0.8167588273647103,predicted,stacked_v4_40dim
MIDI-Unprocessed_01_R1_2008_01-04_ORIG_MID--AUDIO_01_R1_2008_wav--2,/Users/mymac/PycharmProjects/EEG-to-classical-music/data/maestro-v3.0.0/2008/MIDI-Unprocessed_01_R1_2008_01-04_ORIG_MID--AUDIO_01_R1_2008_wav--2.midi,HVHA,0.7997430934308639,predicted,stacked_v4_40dim
MIDI-Unprocessed_XP_09_R1_2004_01-02_ORIG_MID--AUDIO_09_R1_2004_02_Track02_wav,/Users/mymac/PycharmProjects/EEG-to-classical-music/data/maestro-v3.0.0/2004/MIDI-Unprocessed_XP_09_R1_2004_01-02_ORIG_MID--AUDIO_09_R1_2004_02_Track02_wav.midi,HVHA,0.8124741694528403,predicted,stacked_v4_40dim
MIDI-Unprocessed_XP_09_R1_2004_01-02_ORIG_MID--AUDIO_09_R1_2004_03_Track03_wav,/Users/mymac/PycharmProjects/EEG-to-classical-music/data/maestro-v3.0.0/2004/MIDI-Unprocessed_XP_09_R1_2004_01-02_ORIG_MID--AUDIO_09_R1_2004_03_Track03_wav.midi,HVHA,0.7905607702996353,predicted,stacked_v4_40dim
MIDI-Unprocessed_16_R1_2011_MID--AUDIO_R1-D6_14_Track14_wav,/Users/mymac/PycharmProjects/EEG-to-classical-music/data/maestro-v3.0.0/2011/MIDI-Unprocessed_16_R1_2011_MID--AUDIO_R1-D6_14_Track14_wav.midi,HVHA,0.7993179406157868,predicted,stacked_v4_40dim
MIDI-Unprocessed_17_R1_2011_MID--AUDIO_R1-D7_03_Track03_wav,/Users/mymac/PycharmProjects/EEG-to-classical-music/data/maestro-v3.0.0/2011/MIDI-Unprocessed_17_R1_2011_MID--AUDIO_R1-D7_03_Track03_wav.midi,HVHA,0.7755050705689035,predicted,stacked_v4_40dim
MIDI-Unprocessed_R1_D2-21-22_mid--AUDIO-from_mp3_22_R1_2015_wav--2,/Users/mymac/PycharmProjects/EEG-to-classical-music/data/maestro-v3.0.0/2015/MIDI-Unprocessed_R1_D2-21-22_mid--AUDIO-from_mp3_22_R1_2015_wav--2.midi,HVHA,0.7770393603165378,predicted,stacked_v4_40dim
MIDI-Unprocessed_Recital4_MID--AUDIO_04_R1_2018_wav--3,/Users/mymac/PycharmProjects/EEG-to-classical-music/data/maestro-v3.0.0/2018/MIDI-Unprocessed_Recital4_MID--AUDIO_04_R1_2018_wav--3.midi,HVHA,0.7849529576206856,predicted,stacked_v4_40dim
MIDI-Unprocessed_07_R1_2008_01-04_ORIG_MID--AUDIO_07_R1_2008_wav--2,/Users/mymac/PycharmProjects/EEG-to-classical-music/data/maestro-v3.0.0/2008/MIDI-Unprocessed_07_R1_2008_01-04_ORIG_MID--AUDIO_07_R1_2008_wav--2.midi,HVHA,0.7191845256702097,predicted,stacked_v4_40dim
MIDI-Unprocessed_051_PIANO051_MID--AUDIO-split_07-06-17_Piano-e_3-02_wav--2,/Users/mymac/PycharmProjects/EEG-to-classical-music/data/maestro-v3.0.0/2017/MIDI-Unprocessed_051_PIANO051_MID--AUDIO-split_07-06-17_Piano-e_3-02_wav--2.midi,HVHA,0.6130726359189891,predicted,stacked_v4_40dim
MIDI-UNPROCESSED_11-13_R1_2014_MID--AUDIO_13_R1_2014_wav--3,/Users/mymac/PycharmProjects/EEG-to-classical-music/data/maestro-v3.0.0/2014/MIDI-UNPROCESSED_11-13_R1_2014_MID--AUDIO_13_R1_2014_wav--3.midi,HVHA,0.6755664439953523,predicted,stacked_v4_40dim
MIDI-UNPROCESSED_16-18_R1_2014_MID--AUDIO_17_R1_2014_wav--1,/Users/mymac/PycharmProjects/EEG-to-classical-music/data/maestro-v3.0.0/2014/MIDI-UNPROCESSED_16-18_R1_2014_MID--AUDIO_17_R1_2014_wav--1.midi,HVHA,0.6600255771694511,predicted,stacked_v4_40dim
MIDI-UNPROCESSED_16-18_R1_2014_MID--AUDIO_18_R1_2014_wav--2,/Users/mymac/PycharmProjects/EEG-to-classical-music/data/maestro-v3.0.0/2014/MIDI-UNPROCESSED_16-18_R1_2014_MID--AUDIO_18_R1_2014_wav--2.midi,HVHA,0.6411475187449709,predicted,stacked_v4_40dim
MIDI-Unprocessed_Recital1-3_MID--AUDIO_02_R1_2018_wav--1,/Users/mymac/PycharmProjects/EEG-to-classical-music/data/maestro-v3.0.0/2018/MIDI-Unprocessed_Recital1-3_MID--AUDIO_02_R1_2018_wav--1.midi,HVHA,0.7711705863703422,predicted,stacked_v4_40dim
MIDI-Unprocessed_10_R1_2008_01-04_ORIG_MID--AUDIO_10_R1_2008_wav--2,/Users/mymac/PycharmProjects/EEG-to-classical-music/data/maestro-v3.0.0/2008/MIDI-Unprocessed_10_R1_2008_01-04_ORIG_MID--AUDIO_10_R1_2008_wav--2.midi,HVHA,0.869291137880691,predicted,stacked_v4_40dim
MIDI-Unprocessed_R1_D1-1-8_mid--AUDIO-from_mp3_05_R1_2015_wav--3,/Users/mymac/PycharmProjects/EEG-to-classical-music/data/maestro-v3.0.0/2015/MIDI-Unprocessed_R1_D1-1-8_mid--AUDIO-from_mp3_05_R1_2015_wav--3.midi,HVHA,0.8765834077731383,predicted,stacked_v4_40dim
MIDI-Unprocessed_R1_D1-9-12_mid--AUDIO-from_mp3_09_R1_2015_wav--2,/Users/mymac/PycharmProjects/EEG-to-classical-music/data/maestro-v3.0.0/2015/MIDI-Unprocessed_R1_D1-9-12_mid--AUDIO-from_mp3_09_R1_2015_wav--2.midi,HVHA,0.7832580822599519,predicted,stacked_v4_40dim
MIDI-Unprocessed_065_PIANO065_MID--AUDIO-split_07-07-17_Piano-e_3-01_wav--2,/Users/mymac/PycharmProjects/EEG-to-classical-music/data/maestro-v3.0.0/2017/MIDI-Unprocessed_065_PIANO065_MID--AUDIO-split_07-07-17_Piano-e_3-01_wav--2.midi,HVHA,0.8265061368446698,predicted,stacked_v4_40dim
MIDI-Unprocessed_Recital13-15_MID--AUDIO_14_R1_2018_wav--2,/Users/mymac/PycharmProjects/EEG-to-classical-music/data/maestro-v3.0.0/2018/MIDI-Unprocessed_Recital13-15_MID--AUDIO_14_R1_2018_wav--2.midi,HVHA,0.6353337068415271,predicted,stacked_v4_40dim
MIDI-Unprocessed_Recital17-19_MID--AUDIO_19_R1_2018_wav--2,/Users/mymac/PycharmProjects/EEG-to-classical-music/data/maestro-v3.0.0/2018/MIDI-Unprocessed_Recital17-19_MID--AUDIO_19_R1_2018_wav--2.midi,HVHA,0.6175153315058397,predicted,stacked_v4_40dim
MIDI-UNPROCESSED_06-08_R1_2014_MID--AUDIO_06_R1_2014_wav--3,/Users/mymac/PycharmProjects/EEG-to-classical-music/data/maestro-v3.0.0/2014/MIDI-UNPROCESSED_06-08_R1_2014_MID--AUDIO_06_R1_2014_wav--3.midi,HVHA,0.6097370529151054,predicted,stacked_v4_40dim
MIDI-Unprocessed_Recital9-11_MID--AUDIO_10_R1_2018_wav--2,/Users/mymac/PycharmProjects/EEG-to-classical-music/data/maestro-v3.0.0/2018/MIDI-Unprocessed_Recital9-11_MID--AUDIO_10_R1_2018_wav--2.midi,HVHA,0.6590770672480749,predicted,stacked_v4_40dim
MIDI-UNPROCESSED_01-03_R1_2014_MID--AUDIO_02_R1_2014_wav--2,/Users/mymac/PycharmProjects/EEG-to-classical-music/data/maestro-v3.0.0/2014/MIDI-UNPROCESSED_01-03_R1_2014_MID--AUDIO_02_R1_2014_wav--2.midi,HVHA,0.7342605842674707,predicted,stacked_v4_40dim
MIDI-Unprocessed_14_R1_2011_MID--AUDIO_R1-D6_03_Track03_wav,/Users/mymac/PycharmProjects/EEG-to-classical-music/data/maestro-v3.0.0/2011/MIDI-Unprocessed_14_R1_2011_MID--AUDIO_R1-D6_03_Track03_wav.midi,HVHA,0.5030441014076249,predicted,stacked_v4_40dim
MIDI-Unprocessed_06_R1_2009_01-02_ORIG_MID--AUDIO_06_R1_2009_06_R1_2009_02_WAV,/Users/mymac/PycharmProjects/EEG-to-classical-music/data/maestro-v3.0.0/2009/MIDI-Unprocessed_06_R1_2009_01-02_ORIG_MID--AUDIO_06_R1_2009_06_R1_2009_02_WAV.midi,HVHA,0.6342935412571057,predicted,stacked_v4_40dim
MIDI-UNPROCESSED_19-20_R1_2014_MID--AUDIO_19_R1_2014_wav--2,/Users/mymac/PycharmProjects/EEG-to-classical-music/data/maestro-v3.0.0/2014/MIDI-UNPROCESSED_19-20_R1_2014_MID--AUDIO_19_R1_2014_wav--2.midi,HVHA,0.7942419395798338,predicted,stacked_v4_40dim
MIDI-Unprocessed_Recital13-15_MID--AUDIO_15_R1_2018_wav--3,/Users/mymac/PycharmProjects/EEG-to-classical-music/data/maestro-v3.0.0/2018/MIDI-Unprocessed_Recital13-15_MID--AUDIO_15_R1_2018_wav--3.midi,HVHA,0.6426152064568492,predicted,stacked_v4_40dim
ORIG-MIDI_01_7_6_13_Group__MID--AUDIO_01_R1_2013_wav--2,/Users/mymac/PycharmProjects/EEG-to-classical-music/data/maestro-v3.0.0/2013/ORIG-MIDI_01_7_6_13_Group__MID--AUDIO_01_R1_2013_wav--2.midi,HVHA,0.7831668309426569,predicted,stacked_v4_40dim
ORIG-MIDI_01_7_6_13_Group__MID--AUDIO_02_R1_2013_wav--2,/Users/mymac/PycharmProjects/EEG-to-classical-music/data/maestro-v3.0.0/2013/ORIG-MIDI_01_7_6_13_Group__MID--AUDIO_02_R1_2013_wav--2.midi,HVHA,0.7497018754937387,predicted,stacked_v4_40dim
MIDI-Unprocessed_22_R1_2011_MID--AUDIO_R1-D8_13_Track13_wav,/Users/mymac/PycharmProjects/EEG-to-classical-music/data/maestro-v3.0.0/2011/MIDI-Unprocessed_22_R1_2011_MID--AUDIO_R1-D8_13_Track13_wav.midi,HVHA,0.7679847994408576,predicted,stacked_v4_40dim
MIDI-Unprocessed_R1_D2-13-20_mid--AUDIO-from_mp3_17_R1_2015_wav--2,/Users/mymac/PycharmProjects/EEG-to-classical-music/data/maestro-v3.0.0/2015/MIDI-Unprocessed_R1_D2-13-20_mid--AUDIO-from_mp3_17_R1_2015_wav--2.midi,HVHA,0.8476642831240396,predicted,stacked_v4_40dim
MIDI-Unprocessed_060_PIANO060_MID--AUDIO-split_07-07-17_Piano-e_2-04_wav--4,/Users/mymac/PycharmProjects/EEG-to-classical-music/data/maestro-v3.0.0/2017/MIDI-Unprocessed_060_PIANO060_MID--AUDIO-split_07-07-17_Piano-e_2-04_wav--4.midi,HVHA,0.744665000915793,predicted,stacked_v4_40dim
MIDI-Unprocessed_061_PIANO061_MID--AUDIO-split_07-07-17_Piano-e_2-05_wav--2,/Users/mymac/PycharmProjects/EEG-to-classical-music/data/maestro-v3.0.0/2017/MIDI-Unprocessed_061_PIANO061_MID--AUDIO-split_07-07-17_Piano-e_2-05_wav--2.midi,HVHA,0.7815426837078934,predicted,stacked_v4_40dim
MIDI-Unprocessed_23_R1_2011_MID--AUDIO_R1-D9_03_Track03_wav,/Users/mymac/PycharmProjects/EEG-to-classical-music/data/maestro-v3.0.0/2011/MIDI-Unprocessed_23_R1_2011_MID--AUDIO_R1-D9_03_Track03_wav.midi,HVHA,0.33655605144595563,predicted,stacked_v4_40dim
MIDI-Unprocessed_R1_D2-13-20_mid--AUDIO-from_mp3_16_R1_2015_wav--2,/Users/mymac/PycharmProjects/EEG-to-classical-music/data/maestro-v3.0.0/2015/MIDI-Unprocessed_R1_D2-13-20_mid--AUDIO-from_mp3_16_R1_2015_wav--2.midi,HVHA,0.6149348738128497,predicted,stacked_v4_40dim
MIDI-Unprocessed_Recital1-3_MID--AUDIO_03_R1_2018_wav--1,/Users/mymac/PycharmProjects/EEG-to-classical-music/data/maestro-v3.0.0/2018/MIDI-Unprocessed_Recital1-3_MID--AUDIO_03_R1_2018_wav--1.midi,HVHA,0.7848733357634237,predicted,stacked_v4_40dim
ORIG-MIDI_02_7_6_13_Group__MID--AUDIO_06_R1_2013_wav--1,/Users/mymac/PycharmProjects/EEG-to-classical-music/data/maestro-v3.0.0/2013/ORIG-MIDI_02_7_6_13_Group__MID--AUDIO_06_R1_2013_wav--1.midi,HVHA,0.8093149199285923,predicted,stacked_v4_40dim
ORIG-MIDI_01_7_7_13_Group__MID--AUDIO_13_R1_2013_wav--2,/Users/mymac/PycharmProjects/EEG-to-classical-music/data/maestro-v3.0.0/2013/ORIG-MIDI_01_7_7_13_Group__MID--AUDIO_13_R1_2013_wav--2.midi,HVHA,0.8143751018195314,predicted,stacked_v4_40dim
MIDI-Unprocessed_06_R1_2011_MID--AUDIO_R1-D2_15_Track15_wav,/Users/mymac/PycharmProjects/EEG-to-classical-music/data/maestro-v3.0.0/2011/MIDI-Unprocessed_06_R1_2011_MID--AUDIO_R1-D2_15_Track15_wav.midi,HVHA,0.7625652523257735,predicted,stacked_v4_40dim
MIDI-Unprocessed_047_PIANO047_MID--AUDIO-split_07-06-17_Piano-e_2-04_wav--1,/Users/mymac/PycharmProjects/EEG-to-classical-music/data/maestro-v3.0.0/2017/MIDI-Unprocessed_047_PIANO047_MID--AUDIO-split_07-06-17_Piano-e_2-04_wav--1.midi,HVHA,0.8059717920348265,predicted,stacked_v4_40dim
MIDI-Unprocessed_067_PIANO067_MID--AUDIO-split_07-07-17_Piano-e_3-03_wav--2,/Users/mymac/PycharmProjects/EEG-to-classical-music/data/maestro-v3.0.0/2017/MIDI-Unprocessed_067_PIANO067_MID--AUDIO-split_07-07-17_Piano-e_3-03_wav--2.midi,HVHA,0.7938711103212333,predicted,stacked_v4_40dim
MIDI-Unprocessed_09_R1_2009_01-04_ORIG_MID--AUDIO_09_R1_2009_09_R1_2009_03_WAV,/Users/mymac/PycharmProjects/EEG-to-classical-music/data/maestro-v3.0.0/2009/MIDI-Unprocessed_09_R1_2009_01-04_ORIG_MID--AUDIO_09_R1_2009_09_R1_2009_03_WAV.midi,HVHA,0.6069474187976707,predicted,stacked_v4_40dim
MIDI-Unprocessed_10_R1_2006_01-04_ORIG_MID--AUDIO_10_R1_2006_02_Track02_wav,/Users/mymac/PycharmProjects/EEG-to-classical-music/data/maestro-v3.0.0/2006/MIDI-Unprocessed_10_R1_2006_01-04_ORIG_MID--AUDIO_10_R1_2006_02_Track02_wav.midi,HVHA,0.8061602442850069,predicted,stacked_v4_40dim
MIDI-Unprocessed_21_R1_2006_01-04_ORIG_MID--AUDIO_21_R1_2006_02_Track02_wav,/Users/mymac/PycharmProjects/EEG-to-classical-music/data/maestro-v3.0.0/2006/MIDI-Unprocessed_21_R1_2006_01-04_ORIG_MID--AUDIO_21_R1_2006_02_Track02_wav.midi,HVHA,0.6429377758548357,predicted,stacked_v4_40dim
MIDI-Unprocessed_13_R1_2006_01-06_ORIG_MID--AUDIO_13_R1_2006_02_Track02_wav,/Users/mymac/PycharmProjects/EEG-to-classical-music/data/maestro-v3.0.0/2006/MIDI-Unprocessed_13_R1_2006_01-06_ORIG_MID--AUDIO_13_R1_2006_02_Track02_wav.midi,HVHA,0.5881636257724916,predicted,stacked_v4_40dim
MIDI-Unprocessed_XP_15_R1_2004_03_ORIG_MID--AUDIO_15_R1_2004_03_Track03_wav,/Users/mymac/PycharmProjects/EEG-to-classical-music/data/maestro-v3.0.0/2004/MIDI-Unprocessed_XP_15_R1_2004_03_ORIG_MID--AUDIO_15_R1_2004_03_Track03_wav.midi,HVHA,0.840426660664258,predicted,stacked_v4_40dim
MIDI-Unprocessed_XP_15_R1_2004_01-02_ORIG_MID--AUDIO_15_R1_2004_01_Track01_wav,/Users/mymac/PycharmProjects/EEG-to-classical-music/data/maestro-v3.0.0/2004/MIDI-Unprocessed_XP_15_R1_2004_01-02_ORIG_MID--AUDIO_15_R1_2004_01_Track01_wav.midi,HVHA,0.8475487261567309,predicted,stacked_v4_40dim
MIDI-Unprocessed_05_R1_2006_01-05_ORIG_MID--AUDIO_05_R1_2006_01_Track01_wav,/Users/mymac/PycharmProjects/EEG-to-classical-music/data/maestro-v3.0.0/2006/MIDI-Unprocessed_05_R1_2006_01-05_ORIG_MID--AUDIO_05_R1_2006_01_Track01_wav.midi,HVHA,0.8041639348272297,predicted,stacked_v4_40dim
MIDI-Unprocessed_SMF_17_R1_2004_01-03_ORIG_MID--AUDIO_17_R1_2004_02_Track02_wav--2,/Users/mymac/PycharmProjects/EEG-to-classical-music/data/maestro-v3.0.0/2004/MIDI-Unprocessed_SMF_17_R1_2004_01-03_ORIG_MID--AUDIO_17_R1_2004_02_Track02_wav--2.midi,HVHA,0.7061386008277583,predicted,stacked_v4_40dim
MIDI-Unprocessed_SMF_17_R1_2004_01-03_ORIG_MID--AUDIO_17_R1_2004_03_Track03_wav,/Users/mymac/PycharmProjects/EEG-to-classical-music/data/maestro-v3.0.0/2004/MIDI-Unprocessed_SMF_17_R1_2004_01-03_ORIG_MID--AUDIO_17_R1_2004_03_Track03_wav.midi,HVHA,0.6675282483226275,predicted,stacked_v4_40dim
MIDI-Unprocessed_XP_01_R1_2004_01-02_ORIG_MID--AUDIO_01_R1_2004_02_Track02_wav,/Users/mymac/PycharmProjects/EEG-to-classical-music/data/maestro-v3.0.0/2004/MIDI-Unprocessed_XP_01_R1_2004_01-02_ORIG_MID--AUDIO_01_R1_2004_02_Track02_wav.midi,HVHA,0.875897391106468,predicted,stacked_v4_40dim
MIDI-Unprocessed_XP_01_R1_2004_01-02_ORIG_MID--AUDIO_01_R1_2004_03_Track03_wav,/Users/mymac/PycharmProjects/EEG-to-classical-music/data/maestro-v3.0.0/2004/MIDI-Unprocessed_XP_01_R1_2004_01-02_ORIG_MID--AUDIO_01_R1_2004_03_Track03_wav.midi,HVHA,0.7828608255814877,predicted,stacked_v4_40dim
MIDI-Unprocessed_21_R1_2009_01-03_ORIG_MID--AUDIO_21_R1_2009_21_R1_2009_01_WAV,/Users/mymac/PycharmProjects/EEG-to-classical-music/data/maestro-v3.0.0/2009/MIDI-Unprocessed_21_R1_2009_01-03_ORIG_MID--AUDIO_21_R1_2009_21_R1_2009_01_WAV.midi,HVHA,0.6582239729070539,predicted,stacked_v4_40dim
ORIG-MIDI_02_7_7_13_Group__MID--AUDIO_16_R1_2013_wav--2,/Users/mymac/PycharmProjects/EEG-to-classical-music/data/maestro-v3.0.0/2013/ORIG-MIDI_02_7_7_13_Group__MID--AUDIO_16_R1_2013_wav--2.midi,HVHA,0.8770832101911428,predicted,stacked_v4_40dim
MIDI-Unprocessed_SMF_22_R1_2004_01-04_ORIG_MID--AUDIO_22_R1_2004_10_Track10_wav,/Users/mymac/PycharmProjects/EEG-to-classical-music/data/maestro-v3.0.0/2004/MIDI-Unprocessed_SMF_22_R1_2004_01-04_ORIG_MID--AUDIO_22_R1_2004_10_Track10_wav.midi,HVHA,0.8058595237841036,predicted,stacked_v4_40dim
MIDI-Unprocessed_Recital5-7_MID--AUDIO_06_R1_2018_wav--2,/Users/mymac/PycharmProjects/EEG-to-classical-music/data/maestro-v3.0.0/2018/MIDI-Unprocessed_Recital5-7_MID--AUDIO_06_R1_2018_wav--2.midi,HVHA,0.45570294537007855,predicted,stacked_v4_40dim
MIDI-Unprocessed_XP_21_R1_2004_02_ORIG_MID--AUDIO_21_R1_2004_02_Track02_wav,/Users/mymac/PycharmProjects/EEG-to-classical-music/data/maestro-v3.0.0/2004/MIDI-Unprocessed_XP_21_R1_2004_02_ORIG_MID--AUDIO_21_R1_2004_02_Track02_wav.midi,HVHA,0.5739205761217961,predicted,stacked_v4_40dim
MIDI-Unprocessed_XP_21_R1_2004_02_ORIG_MID--AUDIO_21_R1_2004_03_Track03_wav,/Users/mymac/PycharmProjects/EEG-to-classical-music/data/maestro-v3.0.0/2004/MIDI-Unprocessed_XP_21_R1_2004_02_ORIG_MID--AUDIO_21_R1_2004_03_Track03_wav.midi,HVHA,0.5482517963523247,predicted,stacked_v4_40dim
MIDI-Unprocessed_Recital5-7_MID--AUDIO_05_R1_2018_wav--1,/Users/mymac/PycharmProjects/EEG-to-classical-music/data/maestro-v3.0.0/2018/MIDI-Unprocessed_Recital5-7_MID--AUDIO_05_R1_2018_wav--1.midi,HVHA,0.7319194701217573,predicted,stacked_v4_40dim
MIDI-Unprocessed_17_R1_2009_01-03_ORIG_MID--AUDIO_17_R1_2009_17_R1_2009_01_WAV,/Users/mymac/PycharmProjects/EEG-to-classical-music/data/maestro-v3.0.0/2009/MIDI-Unprocessed_17_R1_2009_01-03_ORIG_MID--AUDIO_17_R1_2009_17_R1_2009_01_WAV.midi,HVHA,0.6150145581087577,predicted,stacked_v4_40dim
MIDI-Unprocessed_20_R1_2009_01-05_ORIG_MID--AUDIO_20_R1_2009_20_R1_2009_01_WAV,/Users/mymac/PycharmProjects/EEG-to-classical-music/data/maestro-v3.0.0/2009/MIDI-Unprocessed_20_R1_2009_01-05_ORIG_MID--AUDIO_20_R1_2009_20_R1_2009_01_WAV.midi,HVHA,0.8298563052550061,predicted,stacked_v4_40dim
MIDI-Unprocessed_12_R3_2011_MID--AUDIO_R3-D4_03_Track03_wav,/Users/mymac/PycharmProjects/EEG-to-classical-music/data/maestro-v3.0.0/2011/MIDI-Unprocessed_12_R3_2011_MID--AUDIO_R3-D4_03_Track03_wav.midi,HVHA,0.5724631140905954,predicted,stacked_v4_40dim
MIDI-Unprocessed_17_R3_2011_MID--AUDIO_R3-D6_02_Track02_wav,/Users/mymac/PycharmProjects/EEG-to-classical-music/data/maestro-v3.0.0/2011/MIDI-Unprocessed_17_R3_2011_MID--AUDIO_R3-D6_02_Track02_wav.midi,HVHA,0.5642757186556944,predicted,stacked_v4_40dim
MIDI-Unprocessed_22_R3_2011_MID--AUDIO_R3-D7_03_Track03_wav,/Users/mymac/PycharmProjects/EEG-to-classical-music/data/maestro-v3.0.0/2011/MIDI-Unprocessed_22_R3_2011_MID--AUDIO_R3-D7_03_Track03_wav.midi,HVHA,0.5669441679450156,predicted,stacked_v4_40dim
MIDI-Unprocessed_25_R3_2011_MID--AUDIO_R3-D9_04_Track04_wav,/Users/mymac/PycharmProjects/EEG-to-classical-music/data/maestro-v3.0.0/2011/MIDI-Unprocessed_25_R3_2011_MID--AUDIO_R3-D9_04_Track04_wav.midi,HVHA,0.6374623054060209,predicted,stacked_v4_40dim
MIDI-Unprocessed_R2_D2-19-21-22_mid--AUDIO-from_mp3_19_R2_2015_wav--2,/Users/mymac/PycharmProjects/EEG-to-classical-music/data/maestro-v3.0.0/2015/MIDI-Unprocessed_R2_D2-19-21-22_mid--AUDIO-from_mp3_19_R2_2015_wav--2.midi,HVHA,0.7508854259296456,predicted,stacked_v4_40dim
MIDI-Unprocessed_02_R3_2008_01-03_ORIG_MID--AUDIO_02_R3_2008_wav--1,/Users/mymac/PycharmProjects/EEG-to-classical-music/data/maestro-v3.0.0/2008/MIDI-Unprocessed_02_R3_2008_01-03_ORIG_MID--AUDIO_02_R3_2008_wav--1.midi,HVLA,0.4885664454615299,predicted,stacked_v4_40dim
MIDI-Unprocessed_03_R3_2008_01-03_ORIG_MID--AUDIO_03_R3_2008_wav--1,/Users/mymac/PycharmProjects/EEG-to-classical-music/data/maestro-v3.0.0/2008/MIDI-Unprocessed_03_R3_2008_01-03_ORIG_MID--AUDIO_03_R3_2008_wav--1.midi,HVHA,0.6289636075340158,predicted,stacked_v4_40dim
MIDI-Unprocessed_04_R3_2008_01-07_ORIG_MID--AUDIO_04_R3_2008_wav--1,/Users/mymac/PycharmProjects/EEG-to-classical-music/data/maestro-v3.0.0/2008/MIDI-Unprocessed_04_R3_2008_01-07_ORIG_MID--AUDIO_04_R3_2008_wav--1.midi,HVHA,0.6409105605892741,predicted,stacked_v4_40dim
MIDI-Unprocessed_09_R3_2008_01-07_ORIG_MID--AUDIO_09_R3_2008_wav--4,/Users/mymac/PycharmProjects/EEG-to-classical-music/data/maestro-v3.0.0/2008/MIDI-Unprocessed_09_R3_2008_01-07_ORIG_MID--AUDIO_09_R3_2008_wav--4.midi,HVHA,0.6550123168374115,predicted,stacked_v4_40dim
MIDI-Unprocessed_12_R3_2008_01-04_ORIG_MID--AUDIO_12_R3_2008_wav--1,/Users/mymac/PycharmProjects/EEG-to-classical-music/data/maestro-v3.0.0/2008/MIDI-Unprocessed_12_R3_2008_01-04_ORIG_MID--AUDIO_12_R3_2008_wav--1.midi,HVHA,0.6105057930182186,predicted,stacked_v4_40dim
MIDI-Unprocessed_R2_D2-12-13-15_mid--AUDIO-from_mp3_12_R2_2015_wav--1,/Users/mymac/PycharmProjects/EEG-to-classical-music/data/maestro-v3.0.0/2015/MIDI-Unprocessed_R2_D2-12-13-15_mid--AUDIO-from_mp3_12_R2_2015_wav--1.midi,HVHA,0.5400582233728913,predicted,stacked_v4_40dim
MIDI-Unprocessed_R2_D2-19-21-22_mid--AUDIO-from_mp3_21_R2_2015_wav--2,/Users/mymac/PycharmProjects/EEG-to-classical-music/data/maestro-v3.0.0/2015/MIDI-Unprocessed_R2_D2-19-21-22_mid--AUDIO-from_mp3_21_R2_2015_wav--2.midi,HVHA,0.7028024299112436,predicted,stacked_v4_40dim
MIDI-Unprocessed_R2_D2-19-21-22_mid--AUDIO-from_mp3_22_R2_2015_wav--2,/Users/mymac/PycharmProjects/EEG-to-classical-music/data/maestro-v3.0.0/2015/MIDI-Unprocessed_R2_D2-19-21-22_mid--AUDIO-from_mp3_22_R2_2015_wav--2.midi,HVHA,0.6750894313661747,predicted,stacked_v4_40dim
ORIG-MIDI_01_7_10_13_Group_MID--AUDIO_07_R3_2013_wav--2,/Users/mymac/PycharmProjects/EEG-to-classical-music/data/maestro-v3.0.0/2013/ORIG-MIDI_01_7_10_13_Group_MID--AUDIO_07_R3_2013_wav--2.midi,HVHA,0.7481678878575164,predicted,stacked_v4_40dim
ORIG-MIDI_01_7_10_13_Group_MID--AUDIO_08_R3_2013_wav--1,/Users/mymac/PycharmProjects/EEG-to-classical-music/data/maestro-v3.0.0/2013/ORIG-MIDI_01_7_10_13_Group_MID--AUDIO_08_R3_2013_wav--1.midi,HVHA,0.548564749427294,predicted,stacked_v4_40dim
ORIG-MIDI_02_7_10_13_Group_MID--AUDIO_12_R3_2013_wav--1,/Users/mymac/PycharmProjects/EEG-to-classical-music/data/maestro-v3.0.0/2013/ORIG-MIDI_02_7_10_13_Group_MID--AUDIO_12_R3_2013_wav--1.midi,HVHA,0.5444086794535586,predicted,stacked_v4_40dim
MIDI-Unprocessed_071_PIANO071_MID--AUDIO-split_07-08-17_Piano-e_1-04_wav--1,/Users/mymac/PycharmProjects/EEG-to-classical-music/data/maestro-v3.0.0/2017/MIDI-Unprocessed_071_PIANO071_MID--AUDIO-split_07-08-17_Piano-e_1-04_wav--1.midi,HVHA,0.42332661257709103,predicted,stacked_v4_40dim
MIDI-Unprocessed_073_PIANO073_MID--AUDIO-split_07-08-17_Piano-e_2-02_wav--1,/Users/mymac/PycharmProjects/EEG-to-classical-music/data/maestro-v3.0.0/2017/MIDI-Unprocessed_073_PIANO073_MID--AUDIO-split_07-08-17_Piano-e_2-02_wav--1.midi,HVHA,0.6600256723491797,predicted,stacked_v4_40dim
MIDI-Unprocessed_075_PIANO075_MID--AUDIO-split_07-08-17_Piano-e_2-06_wav--2,/Users/mymac/PycharmProjects/EEG-to-classical-music/data/maestro-v3.0.0/2017/MIDI-Unprocessed_075_PIANO075_MID--AUDIO-split_07-08-17_Piano-e_2-06_wav--2.midi,HVHA,0.5436290508405229,predicted,stacked_v4_40dim
MIDI-Unprocessed_078_PIANO078_MID--AUDIO-split_07-09-17_Piano-e_1-02_wav--1,/Users/mymac/PycharmProjects/EEG-to-classical-music/data/maestro-v3.0.0/2017/MIDI-Unprocessed_078_PIANO078_MID--AUDIO-split_07-09-17_Piano-e_1-02_wav--1.midi,HVHA,0.5021887284075304,predicted,stacked_v4_40dim
MIDI-Unprocessed_079_PIANO079_MID--AUDIO-split_07-09-17_Piano-e_1-04_wav--3,/Users/mymac/PycharmProjects/EEG-to-classical-music/data/maestro-v3.0.0/2017/MIDI-Unprocessed_079_PIANO079_MID--AUDIO-split_07-09-17_Piano-e_1-04_wav--3.midi,HVHA,0.7265220914948357,predicted,stacked_v4_40dim
MIDI-Unprocessed_080_PIANO080_MID--AUDIO-split_07-09-17_Piano-e_1-06_wav--2,/Users/mymac/PycharmProjects/EEG-to-classical-music/data/maestro-v3.0.0/2017/MIDI-Unprocessed_080_PIANO080_MID--AUDIO-split_07-09-17_Piano-e_1-06_wav--2.midi,HVHA,0.6302353066922354,predicted,stacked_v4_40dim
MIDI-Unprocessed_082_PIANO082_MID--AUDIO-split_07-09-17_Piano-e_2_-04_wav--1,/Users/mymac/PycharmProjects/EEG-to-classical-music/data/maestro-v3.0.0/2017/MIDI-Unprocessed_082_PIANO082_MID--AUDIO-split_07-09-17_Piano-e_2_-04_wav--1.midi,HVHA,0.5266016603514639,predicted,stacked_v4_40dim
ORIG-MIDI_02_7_10_13_Group_MID--AUDIO_14_R3_2013_wav--1,/Users/mymac/PycharmProjects/EEG-to-classical-music/data/maestro-v3.0.0/2013/ORIG-MIDI_02_7_10_13_Group_MID--AUDIO_14_R3_2013_wav--1.midi,HVHA,0.5542327713023847,predicted,stacked_v4_40dim
MIDI-Unprocessed_R2_D1-2-3-6-7-8-11_mid--AUDIO-from_mp3_08_R2_2015_wav--1,/Users/mymac/PycharmProjects/EEG-to-classical-music/data/maestro-v3.0.0/2015/MIDI-Unprocessed_R2_D1-2-3-6-7-8-11_mid--AUDIO-from_mp3_08_R2_2015_wav--1.midi,HVHA,0.7067533985346025,predicted,stacked_v4_40dim
MIDI-Unprocessed_R2_D1-2-3-6-7-8-11_mid--AUDIO-from_mp3_11_R2_2015_wav--1,/Users/mymac/PycharmProjects/EEG-to-classical-music/data/maestro-v3.0.0/2015/MIDI-Unprocessed_R2_D1-2-3-6-7-8-11_mid--AUDIO-from_mp3_11_R2_2015_wav--1.midi,HVHA,0.7747288629472082,predicted,stacked_v4_40dim
MIDI-Unprocessed_16_R1_2009_01-02_ORIG_MID--AUDIO_16_R1_2009_16_R1_2009_01_WAV,/Users/mymac/PycharmProjects/EEG-to-classical-music/data/maestro-v3.0.0/2009/MIDI-Unprocessed_16_R1_2009_01-02_ORIG_MID--AUDIO_16_R1_2009_16_R1_2009_01_WAV.midi,HVHA,0.8342409798337268,predicted,stacked_v4_40dim
MIDI-Unprocessed_02_R1_2008_01-05_ORIG_MID--AUDIO_02_R1_2008_wav--5,/Users/mymac/PycharmProjects/EEG-to-classical-music/data/maestro-v3.0.0/2008/MIDI-Unprocessed_02_R1_2008_01-05_ORIG_MID--AUDIO_02_R1_2008_wav--5.midi,LVLA,0.337132307087011,predicted,stacked_v4_40dim
MIDI-Unprocessed_06_R1_2008_01-04_ORIG_MID--AUDIO_06_R1_2008_wav--4,/Users/mymac/PycharmProjects/EEG-to-classical-music/data/maestro-v3.0.0/2008/MIDI-Unprocessed_06_R1_2008_01-04_ORIG_MID--AUDIO_06_R1_2008_wav--4.midi,HVLA,0.3442312925549569,predicted,stacked_v4_40dim
MIDI-Unprocessed_03_R3_2011_MID--AUDIO_R3-D1_06_Track06_wav,/Users/mymac/PycharmProjects/EEG-to-classical-music/data/maestro-v3.0.0/2011/MIDI-Unprocessed_03_R3_2011_MID--AUDIO_R3-D1_06_Track06_wav.midi,HVHA,0.7299243594958493,predicted,stacked_v4_40dim
MIDI-Unprocessed_XP_04_R1_2004_06_ORIG_MID--AUDIO_04_R1_2004_08_Track08_wav,/Users/mymac/PycharmProjects/EEG-to-classical-music/data/maestro-v3.0.0/2004/MIDI-Unprocessed_XP_04_R1_2004_06_ORIG_MID--AUDIO_04_R1_2004_08_Track08_wav.midi,HVHA,0.6937077964487743,predicted,stacked_v4_40dim
MIDI-Unprocessed_13_R1_2006_01-06_ORIG_MID--AUDIO_13_R1_2006_05_Track05_wav,/Users/mymac/PycharmProjects/EEG-to-classical-music/data/maestro-v3.0.0/2006/MIDI-Unprocessed_13_R1_2006_01-06_ORIG_MID--AUDIO_13_R1_2006_05_Track05_wav.midi,HVHA,0.694229224813297,predicted,stacked_v4_40dim
MIDI-Unprocessed_21_R1_2011_MID--AUDIO_R1-D8_10_Track10_wav,/Users/mymac/PycharmProjects/EEG-to-classical-music/data/maestro-v3.0.0/2011/MIDI-Unprocessed_21_R1_2011_MID--AUDIO_R1-D8_10_Track10_wav.midi,HVHA,0.6840816819923593,predicted,stacked_v4_40dim
MIDI-Unprocessed_04_R1_2006_01-04_ORIG_MID--AUDIO_04_R1_2006_04_Track04_wav,/Users/mymac/PycharmProjects/EEG-to-classical-music/data/maestro-v3.0.0/2006/MIDI-Unprocessed_04_R1_2006_01-04_ORIG_MID--AUDIO_04_R1_2006_04_Track04_wav.midi,HVHA,0.8240635411979548,predicted,stacked_v4_40dim
MIDI-Unprocessed_18_R1_2006_01-05_ORIG_MID--AUDIO_18_R1_2006_05_Track05_wav,/Users/mymac/PycharmProjects/EEG-to-classical-music/data/maestro-v3.0.0/2006/MIDI-Unprocessed_18_R1_2006_01-05_ORIG_MID--AUDIO_18_R1_2006_05_Track05_wav.midi,HVHA,0.7717484423251831,predicted,stacked_v4_40dim
MIDI-Unprocessed_XP_03_R1_2004_01-02_ORIG_MID--AUDIO_03_R1_2004_02_Track02_wav,/Users/mymac/PycharmProjects/EEG-to-classical-music/data/maestro-v3.0.0/2004/MIDI-Unprocessed_XP_03_R1_2004_01-02_ORIG_MID--AUDIO_03_R1_2004_02_Track02_wav.midi,HVHA,0.8266340802182673,predicted,stacked_v4_40dim
MIDI-Unprocessed_XP_21_R1_2004_03_ORIG_MID--AUDIO_21_R1_2004_04_Track04_wav,/Users/mymac/PycharmProjects/EEG-to-classical-music/data/maestro-v3.0.0/2004/MIDI-Unprocessed_XP_21_R1_2004_03_ORIG_MID--AUDIO_21_R1_2004_04_Track04_wav.midi,HVHA,0.7550929703721424,predicted,stacked_v4_40dim
MIDI-Unprocessed_Recital5-7_MID--AUDIO_07_R1_2018_wav--4,/Users/mymac/PycharmProjects/EEG-to-classical-music/data/maestro-v3.0.0/2018/MIDI-Unprocessed_Recital5-7_MID--AUDIO_07_R1_2018_wav--4.midi,HVHA,0.8227807200200767,predicted,stacked_v4_40dim
MIDI-Unprocessed_Recital8_MID--AUDIO_08_R1_2018_wav--4,/Users/mymac/PycharmProjects/EEG-to-classical-music/data/maestro-v3.0.0/2018/MIDI-Unprocessed_Recital8_MID--AUDIO_08_R1_2018_wav--4.midi,HVHA,0.7871440760864914,predicted,stacked_v4_40dim
MIDI-Unprocessed_18_R1_2009_01-03_ORIG_MID--AUDIO_18_R1_2009_18_R1_2009_02_WAV,/Users/mymac/PycharmProjects/EEG-to-classical-music/data/maestro-v3.0.0/2009/MIDI-Unprocessed_18_R1_2009_01-03_ORIG_MID--AUDIO_18_R1_2009_18_R1_2009_02_WAV.midi,HVHA,0.836408335083337,predicted,stacked_v4_40dim
MIDI-Unprocessed_18_R1_2006_01-05_ORIG_MID--AUDIO_18_R1_2006_01_Track01_wav,/Users/mymac/PycharmProjects/EEG-to-classical-music/data/maestro-v3.0.0/2006/MIDI-Unprocessed_18_R1_2006_01-05_ORIG_MID--AUDIO_18_R1_2006_01_Track01_wav.midi,HVHA,0.8161256609691975,predicted,stacked_v4_40dim
MIDI-Unprocessed_10_R1_2011_MID--AUDIO_R1-D4_04_Track04_wav,/Users/mymac/PycharmProjects/EEG-to-classical-music/data/maestro-v3.0.0/2011/MIDI-Unprocessed_10_R1_2011_MID--AUDIO_R1-D4_04_Track04_wav.midi,HVHA,0.634308586762004,predicted,stacked_v4_40dim
MIDI-Unprocessed_15_R1_2009_01-02_ORIG_MID--AUDIO_15_R1_2009_15_R1_2009_01_WAV,/Users/mymac/PycharmProjects/EEG-to-classical-music/data/maestro-v3.0.0/2009/MIDI-Unprocessed_15_R1_2009_01-02_ORIG_MID--AUDIO_15_R1_2009_15_R1_2009_01_WAV.midi,HVHA,0.8451393310790247,predicted,stacked_v4_40dim
MIDI-Unprocessed_15_R1_2006_01-05_ORIG_MID--AUDIO_15_R1_2006_01_Track01_wav,/Users/mymac/PycharmProjects/EEG-to-classical-music/data/maestro-v3.0.0/2006/MIDI-Unprocessed_15_R1_2006_01-05_ORIG_MID--AUDIO_15_R1_2006_01_Track01_wav.midi,HVHA,0.5340793097988163,predicted,stacked_v4_40dim
ORIG-MIDI_02_7_6_13_Group__MID--AUDIO_07_R1_2013_wav--2,/Users/mymac/PycharmProjects/EEG-to-classical-music/data/maestro-v3.0.0/2013/ORIG-MIDI_02_7_6_13_Group__MID--AUDIO_07_R1_2013_wav--2.midi,HVHA,0.49469460041232866,predicted,stacked_v4_40dim
MIDI-Unprocessed_16_R1_2008_01-04_ORIG_MID--AUDIO_16_R1_2008_wav--4,/Users/mymac/PycharmProjects/EEG-to-classical-music/data/maestro-v3.0.0/2008/MIDI-Unprocessed_16_R1_2008_01-04_ORIG_MID--AUDIO_16_R1_2008_wav--4.midi,HVLA,0.6403181490381568,predicted,stacked_v4_40dim
MIDI-Unprocessed_03_R1_2009_03-08_ORIG_MID--AUDIO_03_R1_2009_03_R1_2009_05_WAV,/Users/mymac/PycharmProjects/EEG-to-classical-music/data/maestro-v3.0.0/2009/MIDI-Unprocessed_03_R1_2009_03-08_ORIG_MID--AUDIO_03_R1_2009_03_R1_2009_05_WAV.midi,HVHA,0.31065310716068867,predicted,stacked_v4_40dim
MIDI-Unprocessed_078_PIANO078_MID--AUDIO-split_07-09-17_Piano-e_1-02_wav--3,/Users/mymac/PycharmProjects/EEG-to-classical-music/data/maestro-v3.0.0/2017/MIDI-Unprocessed_078_PIANO078_MID--AUDIO-split_07-09-17_Piano-e_1-02_wav--3.midi,HVHA,0.7266668346018853,predicted,stacked_v4_40dim
MIDI-UNPROCESSED_09-10_R1_2014_MID--AUDIO_10_R1_2014_wav--5,/Users/mymac/PycharmProjects/EEG-to-classical-music/data/maestro-v3.0.0/2014/MIDI-UNPROCESSED_09-10_R1_2014_MID--AUDIO_10_R1_2014_wav--5.midi,HVHA,0.4890013446001001,predicted,stacked_v4_40dim
MIDI-Unprocessed_Recital16_MID--AUDIO_16_R1_2018_wav--2,/Users/mymac/PycharmProjects/EEG-to-classical-music/data/maestro-v3.0.0/2018/MIDI-Unprocessed_Recital16_MID--AUDIO_16_R1_2018_wav--2.midi,HVHA,0.5783878942830942,predicted,stacked_v4_40dim
MIDI-Unprocessed_13_R1_2006_01-06_ORIG_MID--AUDIO_13_R1_2006_01_Track01_wav,/Users/mymac/PycharmProjects/EEG-to-classical-music/data/maestro-v3.0.0/2006/MIDI-Unprocessed_13_R1_2006_01-06_ORIG_MID--AUDIO_13_R1_2006_01_Track01_wav.midi,HVLA,0.6873557545358674,predicted,stacked_v4_40dim
MIDI-Unprocessed_08_R1_2008_01-05_ORIG_MID--AUDIO_08_R1_2008_wav--5,/Users/mymac/PycharmProjects/EEG-to-classical-music/data/maestro-v3.0.0/2008/MIDI-Unprocessed_08_R1_2008_01-05_ORIG_MID--AUDIO_08_R1_2008_wav--5.midi,HVLA,0.7874365452449765,predicted,stacked_v4_40dim
MIDI-Unprocessed_Recital13-15_MID--AUDIO_15_R1_2018_wav--2,/Users/mymac/PycharmProjects/EEG-to-classical-music/data/maestro-v3.0.0/2018/MIDI-Unprocessed_Recital13-15_MID--AUDIO_15_R1_2018_wav--2.midi,LVLA,0.6680681179957012,predicted,stacked_v4_40dim
MIDI-Unprocessed_Recital1-3_MID--AUDIO_02_R1_2018_wav--3,/Users/mymac/PycharmProjects/EEG-to-classical-music/data/maestro-v3.0.0/2018/MIDI-Unprocessed_Recital1-3_MID--AUDIO_02_R1_2018_wav--3.midi,HVHA,0.466078184165364,predicted,stacked_v4_40dim
MIDI-Unprocessed_18_R1_2006_01-05_ORIG_MID--AUDIO_18_R1_2006_03_Track03_wav,/Users/mymac/PycharmProjects/EEG-to-classical-music/data/maestro-v3.0.0/2006/MIDI-Unprocessed_18_R1_2006_01-05_ORIG_MID--AUDIO_18_R1_2006_03_Track03_wav.midi,HVHA,0.5799042105851598,predicted,stacked_v4_40dim
MIDI-Unprocessed_17_R2_2008_01-04_ORIG_MID--AUDIO_17_R2_2008_wav--2,/Users/mymac/PycharmProjects/EEG-to-classical-music/data/maestro-v3.0.0/2008/MIDI-Unprocessed_17_R2_2008_01-04_ORIG_MID--AUDIO_17_R2_2008_wav--2.midi,HVHA,0.5551973967079531,predicted,stacked_v4_40dim
MIDI-Unprocessed_13_R1_2009_01-03_ORIG_MID--AUDIO_13_R1_2009_13_R1_2009_01_WAV,/Users/mymac/PycharmProjects/EEG-to-classical-music/data/maestro-v3.0.0/2009/MIDI-Unprocessed_13_R1_2009_01-03_ORIG_MID--AUDIO_13_R1_2009_13_R1_2009_01_WAV.midi,HVHA,0.555153509693685,predicted,stacked_v4_40dim
MIDI-Unprocessed_24_R1_2006_01-05_ORIG_MID--AUDIO_24_R1_2006_04_Track04_wav,/Users/mymac/PycharmProjects/EEG-to-classical-music/data/maestro-v3.0.0/2006/MIDI-Unprocessed_24_R1_2006_01-05_ORIG_MID--AUDIO_24_R1_2006_04_Track04_wav.midi,HVHA,0.8341613213690222,predicted,stacked_v4_40dim
MIDI-Unprocessed_09_R1_2008_01-05_ORIG_MID--AUDIO_09_R1_2008_wav--5,/Users/mymac/PycharmProjects/EEG-to-classical-music/data/maestro-v3.0.0/2008/MIDI-Unprocessed_09_R1_2008_01-05_ORIG_MID--AUDIO_09_R1_2008_wav--5.midi,HVHA,0.6450298277524235,predicted,stacked_v4_40dim
MIDI-UNPROCESSED_16-18_R1_2014_MID--AUDIO_18_R1_2014_wav--5,/Users/mymac/PycharmProjects/EEG-to-classical-music/data/maestro-v3.0.0/2014/MIDI-UNPROCESSED_16-18_R1_2014_MID--AUDIO_18_R1_2014_wav--5.midi,HVHA,0.8156644220553304,predicted,stacked_v4_40dim
MIDI-Unprocessed_02_R2_2008_01-05_ORIG_MID--AUDIO_02_R2_2008_wav--5,/Users/mymac/PycharmProjects/EEG-to-classical-music/data/maestro-v3.0.0/2008/MIDI-Unprocessed_02_R2_2008_01-05_ORIG_MID--AUDIO_02_R2_2008_wav--5.midi,HVLA,0.49242396038415076,predicted,stacked_v4_40dim
MIDI-Unprocessed_SMF_16_R1_2004_01-08_ORIG_MID--AUDIO_16_R1_2004_13_Track13_wav,/Users/mymac/PycharmProjects/EEG-to-classical-music/data/maestro-v3.0.0/2004/MIDI-Unprocessed_SMF_16_R1_2004_01-08_ORIG_MID--AUDIO_16_R1_2004_13_Track13_wav.midi,HVHA,0.4941930325151621,predicted,stacked_v4_40dim
MIDI-Unprocessed_XP_11_R1_2004_03-04_ORIG_MID--AUDIO_11_R1_2004_03_Track03_wav,/Users/mymac/PycharmProjects/EEG-to-classical-music/data/maestro-v3.0.0/2004/MIDI-Unprocessed_XP_11_R1_2004_03-04_ORIG_MID--AUDIO_11_R1_2004_03_Track03_wav.midi,HVLA,0.4818318891265063,predicted,stacked_v4_40dim
MIDI-Unprocessed_02_R2_2008_01-05_ORIG_MID--AUDIO_02_R2_2008_wav--3,/Users/mymac/PycharmProjects/EEG-to-classical-music/data/maestro-v3.0.0/2008/MIDI-Unprocessed_02_R2_2008_01-05_ORIG_MID--AUDIO_02_R2_2008_wav--3.midi,HVHA,0.8018147335424822,predicted,stacked_v4_40dim
MIDI-Unprocessed_02_R2_2008_01-05_ORIG_MID--AUDIO_02_R2_2008_wav--4,/Users/mymac/PycharmProjects/EEG-to-classical-music/data/maestro-v3.0.0/2008/MIDI-Unprocessed_02_R2_2008_01-05_ORIG_MID--AUDIO_02_R2_2008_wav--4.midi,HVLA,0.8168588207123422,predicted,stacked_v4_40dim
MIDI-Unprocessed_09_R1_2006_01-04_ORIG_MID--AUDIO_09_R1_2006_04_Track04_wav,/Users/mymac/PycharmProjects/EEG-to-classical-music/data/maestro-v3.0.0/2006/MIDI-Unprocessed_09_R1_2006_01-04_ORIG_MID--AUDIO_09_R1_2006_04_Track04_wav.midi,HVHA,0.4726381368084113,predicted,stacked_v4_40dim
MIDI-Unprocessed_13_R1_2006_01-06_ORIG_MID--AUDIO_13_R1_2006_04_Track04_wav,/Users/mymac/PycharmProjects/EEG-to-classical-music/data/maestro-v3.0.0/2006/MIDI-Unprocessed_13_R1_2006_01-06_ORIG_MID--AUDIO_13_R1_2006_04_Track04_wav.midi,LVHA,0.4474419847760344,predicted,stacked_v4_40dim
MIDI-Unprocessed_SMF_16_R1_2004_01-08_ORIG_MID--AUDIO_16_R1_2004_05_Track05_wav,/Users/mymac/PycharmProjects/EEG-to-classical-music/data/maestro-v3.0.0/2004/MIDI-Unprocessed_SMF_16_R1_2004_01-08_ORIG_MID--AUDIO_16_R1_2004_05_Track05_wav.midi,LVHA,0.3602169995761158,predicted,stacked_v4_40dim
MIDI-Unprocessed_16_R1_2006_01-04_ORIG_MID--AUDIO_16_R1_2006_02_Track02_wav,/Users/mymac/PycharmProjects/EEG-to-classical-music/data/maestro-v3.0.0/2006/MIDI-Unprocessed_16_R1_2006_01-04_ORIG_MID--AUDIO_16_R1_2006_02_Track02_wav.midi,HVHA,0.5962929982652856,predicted,stacked_v4_40dim
MIDI-Unprocessed_17_R1_2009_01-03_ORIG_MID--AUDIO_17_R1_2009_17_R1_2009_02_WAV,/Users/mymac/PycharmProjects/EEG-to-classical-music/data/maestro-v3.0.0/2009/MIDI-Unprocessed_17_R1_2009_01-03_ORIG_MID--AUDIO_17_R1_2009_17_R1_2009_02_WAV.midi,HVHA,0.5940715231161265,predicted,stacked_v4_40dim
MIDI-Unprocessed_R2_D1-2-3-6-7-8-11_mid--AUDIO-from_mp3_08_R2_2015_wav--3,/Users/mymac/PycharmProjects/EEG-to-classical-music/data/maestro-v3.0.0/2015/MIDI-Unprocessed_R2_D1-2-3-6-7-8-11_mid--AUDIO-from_mp3_08_R2_2015_wav--3.midi,HVHA,0.71698419622043,predicted,stacked_v4_40dim
MIDI-Unprocessed_04_R1_2011_MID--AUDIO_R1-D2_06_Track06_wav,/Users/mymac/PycharmProjects/EEG-to-classical-music/data/maestro-v3.0.0/2011/MIDI-Unprocessed_04_R1_2011_MID--AUDIO_R1-D2_06_Track06_wav.midi,HVHA,0.7200015886944892,predicted,stacked_v4_40dim
MIDI-Unprocessed_12_R2_2008_01-04_ORIG_MID--AUDIO_12_R2_2008_wav--3,/Users/mymac/PycharmProjects/EEG-to-classical-music/data/maestro-v3.0.0/2008/MIDI-Unprocessed_12_R2_2008_01-04_ORIG_MID--AUDIO_12_R2_2008_wav--3.midi,HVHA,0.7333218006051457,predicted,stacked_v4_40dim
ORIG-MIDI_01_7_7_13_Group__MID--AUDIO_12_R1_2013_wav--5,/Users/mymac/PycharmProjects/EEG-to-classical-music/data/maestro-v3.0.0/2013/ORIG-MIDI_01_7_7_13_Group__MID--AUDIO_12_R1_2013_wav--5.midi,HVHA,0.6856916141301489,predicted,stacked_v4_40dim
ORIG-MIDI_01_7_7_13_Group__MID--AUDIO_13_R1_2013_wav--4,/Users/mymac/PycharmProjects/EEG-to-classical-music/data/maestro-v3.0.0/2013/ORIG-MIDI_01_7_7_13_Group__MID--AUDIO_13_R1_2013_wav--4.midi,HVHA,0.7525537687984571,predicted,stacked_v4_40dim
ORIG-MIDI_02_7_8_13_Group__MID--AUDIO_08_R2_2013_wav--3,/Users/mymac/PycharmProjects/EEG-to-classical-music/data/maestro-v3.0.0/2013/ORIG-MIDI_02_7_8_13_Group__MID--AUDIO_08_R2_2013_wav--3.midi,HVHA,0.7282103928959374,predicted,stacked_v4_40dim
MIDI-Unprocessed_08_R1_2011_MID--AUDIO_R1-D3_09_Track09_wav,/Users/mymac/PycharmProjects/EEG-to-classical-music/data/maestro-v3.0.0/2011/MIDI-Unprocessed_08_R1_2011_MID--AUDIO_R1-D3_09_Track09_wav.midi,HVHA,0.7311122841119424,predicted,stacked_v4_40dim
MIDI-UNPROCESSED_01-03_R1_2014_MID--AUDIO_01_R1_2014_wav--5,/Users/mymac/PycharmProjects/EEG-to-classical-music/data/maestro-v3.0.0/2014/MIDI-UNPROCESSED_01-03_R1_2014_MID--AUDIO_01_R1_2014_wav--5.midi,LVHA,0.5167745390629273,predicted,stacked_v4_40dim
ORIG-MIDI_03_7_10_13_Group_MID--AUDIO_15_R3_2013_wav--2,/Users/mymac/PycharmProjects/EEG-to-classical-music/data/maestro-v3.0.0/2013/ORIG-MIDI_03_7_10_13_Group_MID--AUDIO_15_R3_2013_wav--2.midi,LVHA,0.43024794510235953,predicted,stacked_v4_40dim
MIDI-Unprocessed_XP_01_R1_2004_03_ORIG_MID--AUDIO_01_R1_2004_04_Track04_wav,/Users/mymac/PycharmProjects/EEG-to-classical-music/data/maestro-v3.0.0/2004/MIDI-Unprocessed_XP_01_R1_2004_03_ORIG_MID--AUDIO_01_R1_2004_04_Track04_wav.midi,HVHA,0.8177819005530041,predicted,stacked_v4_40dim
MIDI-Unprocessed_XP_10_R1_2004_05_ORIG_MID--AUDIO_10_R1_2004_05_Track05_wav,/Users/mymac/PycharmProjects/EEG-to-classical-music/data/maestro-v3.0.0/2004/MIDI-Unprocessed_XP_10_R1_2004_05_ORIG_MID--AUDIO_10_R1_2004_05_Track05_wav.midi,HVHA,0.7610806044045695,predicted,stacked_v4_40dim
MIDI-Unprocessed_Recital13-15_MID--AUDIO_15_R1_2018_wav--4,/Users/mymac/PycharmProjects/EEG-to-classical-music/data/maestro-v3.0.0/2018/MIDI-Unprocessed_Recital13-15_MID--AUDIO_15_R1_2018_wav--4.midi,HVHA,0.7796866238621196,predicted,stacked_v4_40dim
MIDI-UNPROCESSED_01-03_R1_2014_MID--AUDIO_03_R1_2014_wav--6,/Users/mymac/PycharmProjects/EEG-to-classical-music/data/maestro-v3.0.0/2014/MIDI-UNPROCESSED_01-03_R1_2014_MID--AUDIO_03_R1_2014_wav--6.midi,HVHA,0.7046925855554896,predicted,stacked_v4_40dim
MIDI-Unprocessed_XP_19_R1_2004_01-02_ORIG_MID--AUDIO_19_R1_2004_03_Track03_wav,/Users/mymac/PycharmProjects/EEG-to-classical-music/data/maestro-v3.0.0/2004/MIDI-Unprocessed_XP_19_R1_2004_01-02_ORIG_MID--AUDIO_19_R1_2004_03_Track03_wav.midi,HVHA,0.7791155778036587,predicted,stacked_v4_40dim
MIDI-Unprocessed_Recital9-11_MID--AUDIO_11_R1_2018_wav--5,/Users/mymac/PycharmProjects/EEG-to-classical-music/data/maestro-v3.0.0/2018/MIDI-Unprocessed_Recital9-11_MID--AUDIO_11_R1_2018_wav--5.midi,HVHA,0.43206857454436914,predicted,stacked_v4_40dim
MIDI-Unprocessed_Recital17-19_MID--AUDIO_17_R1_2018_wav--4,/Users/mymac/PycharmProjects/EEG-to-classical-music/data/maestro-v3.0.0/2018/MIDI-Unprocessed_Recital17-19_MID--AUDIO_17_R1_2018_wav--4.midi,LVLA,0.33386282711974274,predicted,stacked_v4_40dim
MIDI-Unprocessed_XP_08_R1_2004_01-02_ORIG_MID--AUDIO_08_R1_2004_02_Track02_wav,/Users/mymac/PycharmProjects/EEG-to-classical-music/data/maestro-v3.0.0/2004/MIDI-Unprocessed_XP_08_R1_2004_01-02_ORIG_MID--AUDIO_08_R1_2004_02_Track02_wav.midi,HVHA,0.43053270438485636,predicted,stacked_v4_40dim
MIDI-Unprocessed_Recital1-3_MID--AUDIO_03_R1_2018_wav--2,/Users/mymac/PycharmProjects/EEG-to-classical-music/data/maestro-v3.0.0/2018/MIDI-Unprocessed_Recital1-3_MID--AUDIO_03_R1_2018_wav--2.midi,LVLA,0.402866462442343,predicted,stacked_v4_40dim
MIDI-UNPROCESSED_01-03_R1_2014_MID--AUDIO_02_R1_2014_wav--4,/Users/mymac/PycharmProjects/EEG-to-classical-music/data/maestro-v3.0.0/2014/MIDI-UNPROCESSED_01-03_R1_2014_MID--AUDIO_02_R1_2014_wav--4.midi,HVHA,0.8487497724861984,predicted,stacked_v4_40dim
MIDI-UNPROCESSED_19-20_R1_2014_MID--AUDIO_20_R1_2014_wav--2,/Users/mymac/PycharmProjects/EEG-to-classical-music/data/maestro-v3.0.0/2014/MIDI-UNPROCESSED_19-20_R1_2014_MID--AUDIO_20_R1_2014_wav--2.midi,HVHA,0.7873606672643626,predicted,stacked_v4_40dim
MIDI-Unprocessed_XP_11_R1_2004_01-02_ORIG_MID--AUDIO_11_R1_2004_02_Track02_wav,/Users/mymac/PycharmProjects/EEG-to-classical-music/data/maestro-v3.0.0/2004/MIDI-Unprocessed_XP_11_R1_2004_01-02_ORIG_MID--AUDIO_11_R1_2004_02_Track02_wav.midi,HVHA,0.8117162730822616,predicted,stacked_v4_40dim
MIDI-Unprocessed_23_R1_2006_01-05_ORIG_MID--AUDIO_23_R1_2006_04_Track04_wav,/Users/mymac/PycharmProjects/EEG-to-classical-music/data/maestro-v3.0.0/2006/MIDI-Unprocessed_23_R1_2006_01-05_ORIG_MID--AUDIO_23_R1_2006_04_Track04_wav.midi,HVHA,0.4778198445375112,predicted,stacked_v4_40dim
MIDI-Unprocessed_SMF_17_R1_2004_01-02_ORIG_MID--AUDIO_20_R2_2004_04_Track04_wav,/Users/mymac/PycharmProjects/EEG-to-classical-music/data/maestro-v3.0.0/2004/MIDI-Unprocessed_SMF_17_R1_2004_01-02_ORIG_MID--AUDIO_20_R2_2004_04_Track04_wav.midi,HVHA,0.8126272118401907,predicted,stacked_v4_40dim
MIDI-Unprocessed_SMF_17_R1_2004_01-02_ORIG_MID--AUDIO_20_R2_2004_06_Track06_wav,/Users/mymac/PycharmProjects/EEG-to-classical-music/data/maestro-v3.0.0/2004/MIDI-Unprocessed_SMF_17_R1_2004_01-02_ORIG_MID--AUDIO_20_R2_2004_06_Track06_wav.midi,HVHA,0.5354479018469924,predicted,stacked_v4_40dim
MIDI-Unprocessed_05_R1_2009_03-05_ORIG_MID--AUDIO_05_R1_2009_05_R1_2009_03_WAV,/Users/mymac/PycharmProjects/EEG-to-classical-music/data/maestro-v3.0.0/2009/MIDI-Unprocessed_05_R1_2009_03-05_ORIG_MID--AUDIO_05_R1_2009_05_R1_2009_03_WAV.midi,HVHA,0.49981326091768136,predicted,stacked_v4_40dim
MIDI-UNPROCESSED_11-13_R1_2014_MID--AUDIO_12_R1_2014_wav--1,/Users/mymac/PycharmProjects/EEG-to-classical-music/data/maestro-v3.0.0/2014/MIDI-UNPROCESSED_11-13_R1_2014_MID--AUDIO_12_R1_2014_wav--1.midi,HVHA,0.4219650561406021,predicted,stacked_v4_40dim
MIDI-UNPROCESSED_09-10_R1_2014_MID--AUDIO_10_R1_2014_wav--3,/Users/mymac/PycharmProjects/EEG-to-classical-music/data/maestro-v3.0.0/2014/MIDI-UNPROCESSED_09-10_R1_2014_MID--AUDIO_10_R1_2014_wav--3.midi,HVHA,0.5694089439953416,predicted,stacked_v4_40dim
MIDI-Unprocessed_23_R3_2011_MID--AUDIO_R3-D8_03_Track03_wav,/Users/mymac/PycharmProjects/EEG-to-classical-music/data/maestro-v3.0.0/2011/MIDI-Unprocessed_23_R3_2011_MID--AUDIO_R3-D8_03_Track03_wav.midi,LVHA,0.7533497919910864,predicted,stacked_v4_40dim
MIDI-Unprocessed_23_R3_2011_MID--AUDIO_R3-D8_04_Track04_wav,/Users/mymac/PycharmProjects/EEG-to-classical-music/data/maestro-v3.0.0/2011/MIDI-Unprocessed_23_R3_2011_MID--AUDIO_R3-D8_04_Track04_wav.midi,HVHA,0.7318563371600346,predicted,stacked_v4_40dim
MIDI-Unprocessed_01_R1_2006_01-09_ORIG_MID--AUDIO_01_R1_2006_01_Track01_wav,/Users/mymac/PycharmProjects/EEG-to-classical-music/data/maestro-v3.0.0/2006/MIDI-Unprocessed_01_R1_2006_01-09_ORIG_MID--AUDIO_01_R1_2006_01_Track01_wav.midi,HVHA,0.5793833642661066,predicted,stacked_v4_40dim
MIDI-UNPROCESSED_04-08-12_R3_2014_MID--AUDIO_08_R3_2014_wav,/Users/mymac/PycharmProjects/EEG-to-classical-music/data/maestro-v3.0.0/2014/MIDI-UNPROCESSED_04-08-12_R3_2014_MID--AUDIO_08_R3_2014_wav.midi,HVHA,0.6595432446839185,predicted,stacked_v4_40dim
MIDI-Unprocessed_13_R1_2009_04_ORIG_MID--AUDIO_13_R1_2009_13_R1_2009_04_WAV,/Users/mymac/PycharmProjects/EEG-to-classical-music/data/maestro-v3.0.0/2009/MIDI-Unprocessed_13_R1_2009_04_ORIG_MID--AUDIO_13_R1_2009_13_R1_2009_04_WAV.midi,HVHA,0.5489516595342645,predicted,stacked_v4_40dim
MIDI-Unprocessed_Recital4_MID--AUDIO_04_R1_2018_wav--4,/Users/mymac/PycharmProjects/EEG-to-classical-music/data/maestro-v3.0.0/2018/MIDI-Unprocessed_Recital4_MID--AUDIO_04_R1_2018_wav--4.midi,HVHA,0.6039401726817282,predicted,stacked_v4_40dim
MIDI-UNPROCESSED_04-05_R1_2014_MID--AUDIO_04_R1_2014_wav--3,/Users/mymac/PycharmProjects/EEG-to-classical-music/data/maestro-v3.0.0/2014/MIDI-UNPROCESSED_04-05_R1_2014_MID--AUDIO_04_R1_2014_wav--3.midi,HVHA,0.6708344807025192,predicted,stacked_v4_40dim
MIDI-Unprocessed_073_PIANO073_MID--AUDIO-split_07-08-17_Piano-e_2-02_wav--4,/Users/mymac/PycharmProjects/EEG-to-classical-music/data/maestro-v3.0.0/2017/MIDI-Unprocessed_073_PIANO073_MID--AUDIO-split_07-08-17_Piano-e_2-02_wav--4.midi,HVHA,0.6378314193605303,predicted,stacked_v4_40dim
MIDI-Unprocessed_08_R1_2006_01-04_ORIG_MID--AUDIO_08_R1_2006_Disk1_03_Track03_wav,/Users/mymac/PycharmProjects/EEG-to-classical-music/data/maestro-v3.0.0/2006/MIDI-Unprocessed_08_R1_2006_01-04_ORIG_MID--AUDIO_08_R1_2006_Disk1_03_Track03_wav.midi,HVHA,0.633938217738421,predicted,stacked_v4_40dim
MIDI-Unprocessed_14_R1_2006_01-05_ORIG_MID--AUDIO_14_R1_2006_01_Track01_wav,/Users/mymac/PycharmProjects/EEG-to-classical-music/data/maestro-v3.0.0/2006/MIDI-Unprocessed_14_R1_2006_01-05_ORIG_MID--AUDIO_14_R1_2006_01_Track01_wav.midi,HVHA,0.5125117765418936,predicted,stacked_v4_40dim
MIDI-Unprocessed_16_R1_2006_01-04_ORIG_MID--AUDIO_16_R1_2006_03_Track03_wav,/Users/mymac/PycharmProjects/EEG-to-classical-music/data/maestro-v3.0.0/2006/MIDI-Unprocessed_16_R1_2006_01-04_ORIG_MID--AUDIO_16_R1_2006_03_Track03_wav.midi,HVHA,0.58125059538107,predicted,stacked_v4_40dim
MIDI-Unprocessed_Recital13-15_MID--AUDIO_13_R1_2018_wav--2,/Users/mymac/PycharmProjects/EEG-to-classical-music/data/maestro-v3.0.0/2018/MIDI-Unprocessed_Recital13-15_MID--AUDIO_13_R1_2018_wav--2.midi,HVLA,0.5040971425612222,predicted,stacked_v4_40dim
MIDI-Unprocessed_Recital20_MID--AUDIO_20_R1_2018_wav--4,/Users/mymac/PycharmProjects/EEG-to-classical-music/data/maestro-v3.0.0/2018/MIDI-Unprocessed_Recital20_MID--AUDIO_20_R1_2018_wav--4.midi,HVHA,0.5769037401104745,predicted,stacked_v4_40dim
MIDI-Unprocessed_02_R1_2009_01-02_ORIG_MID--AUDIO_02_R1_2009_02_R1_2009_02_WAV,/Users/mymac/PycharmProjects/EEG-to-classical-music/data/maestro-v3.0.0/2009/MIDI-Unprocessed_02_R1_2009_01-02_ORIG_MID--AUDIO_02_R1_2009_02_R1_2009_02_WAV.midi,HVLA,0.6242053130863101,predicted,stacked_v4_40dim
MIDI-UNPROCESSED_14-15_R1_2014_MID--AUDIO_15_R1_2014_wav--6,/Users/mymac/PycharmProjects/EEG-to-classical-music/data/maestro-v3.0.0/2014/MIDI-UNPROCESSED_14-15_R1_2014_MID--AUDIO_15_R1_2014_wav--6.midi,HVHA,0.511634907613351,predicted,stacked_v4_40dim
MIDI-Unprocessed_R2_D2-12-13-15_mid--AUDIO-from_mp3_15_R2_2015_wav--3,/Users/mymac/PycharmProjects/EEG-to-classical-music/data/maestro-v3.0.0/2015/MIDI-Unprocessed_R2_D2-12-13-15_mid--AUDIO-from_mp3_15_R2_2015_wav--3.midi,HVHA,0.5328718752561487,predicted,stacked_v4_40dim
MIDI-UNPROCESSED_21-22_R1_2014_MID--AUDIO_21_R1_2014_wav--8,/Users/mymac/PycharmProjects/EEG-to-classical-music/data/maestro-v3.0.0/2014/MIDI-UNPROCESSED_21-22_R1_2014_MID--AUDIO_21_R1_2014_wav--8.midi,HVHA,0.5983637882814257,predicted,stacked_v4_40dim
MIDI-Unprocessed_06_R1_2006_01-04_ORIG_MID--AUDIO_06_R1_2006_02_Track02_wav,/Users/mymac/PycharmProjects/EEG-to-classical-music/data/maestro-v3.0.0/2006/MIDI-Unprocessed_06_R1_2006_01-04_ORIG_MID--AUDIO_06_R1_2006_02_Track02_wav.midi,HVLA,0.5085600278145356,predicted,stacked_v4_40dim
MIDI-UNPROCESSED_11-13_R1_2014_MID--AUDIO_13_R1_2014_wav--4,/Users/mymac/PycharmProjects/EEG-to-classical-music/data/maestro-v3.0.0/2014/MIDI-UNPROCESSED_11-13_R1_2014_MID--AUDIO_13_R1_2014_wav--4.midi,HVLA,0.6139288675280759,predicted,stacked_v4_40dim
MIDI-UNPROCESSED_19-20_R1_2014_MID--AUDIO_19_R1_2014_wav--8,/Users/mymac/PycharmProjects/EEG-to-classical-music/data/maestro-v3.0.0/2014/MIDI-UNPROCESSED_19-20_R1_2014_MID--AUDIO_19_R1_2014_wav--8.midi,HVLA,0.5934161104993202,predicted,stacked_v4_40dim
MIDI-Unprocessed_SMF_02_R1_2004_01-05_ORIG_MID--AUDIO_02_R1_2004_10_Track10_wav,/Users/mymac/PycharmProjects/EEG-to-classical-music/data/maestro-v3.0.0/2004/MIDI-Unprocessed_SMF_02_R1_2004_01-05_ORIG_MID--AUDIO_02_R1_2004_10_Track10_wav.midi,HVLA,0.5841016233669882,predicted,stacked_v4_40dim
MIDI-Unprocessed_20_R1_2009_01-05_ORIG_MID--AUDIO_20_R1_2009_20_R1_2009_02_WAV,/Users/mymac/PycharmProjects/EEG-to-classical-music/data/maestro-v3.0.0/2009/MIDI-Unprocessed_20_R1_2009_01-05_ORIG_MID--AUDIO_20_R1_2009_20_R1_2009_02_WAV.midi,HVLA,0.6051772755854677,predicted,stacked_v4_40dim
MIDI-Unprocessed_15_R2_2008_01-04_ORIG_MID--AUDIO_15_R2_2008_wav--3,/Users/mymac/PycharmProjects/EEG-to-classical-music/data/maestro-v3.0.0/2008/MIDI-Unprocessed_15_R2_2008_01-04_ORIG_MID--AUDIO_15_R2_2008_wav--3.midi,HVHA,0.7233827523062547,predicted,stacked_v4_40dim
MIDI-Unprocessed_09_R1_2006_01-04_ORIG_MID--AUDIO_09_R1_2006_03_Track03_wav,/Users/mymac/PycharmProjects/EEG-to-classical-music/data/maestro-v3.0.0/2006/MIDI-Unprocessed_09_R1_2006_01-04_ORIG_MID--AUDIO_09_R1_2006_03_Track03_wav.midi,HVHA,0.6650126933173733,predicted,stacked_v4_40dim
MIDI-Unprocessed_12_R2_2011_MID--AUDIO_R2-D4_02_Track02_wav,/Users/mymac/PycharmProjects/EEG-to-classical-music/data/maestro-v3.0.0/2011/MIDI-Unprocessed_12_R2_2011_MID--AUDIO_R2-D4_02_Track02_wav.midi,LVLA,0.45228714651246626,predicted,stacked_v4_40dim
ORIG-MIDI_01_7_6_13_Group__MID--AUDIO_01_R1_2013_wav--3,/Users/mymac/PycharmProjects/EEG-to-classical-music/data/maestro-v3.0.0/2013/ORIG-MIDI_01_7_6_13_Group__MID--AUDIO_01_R1_2013_wav--3.midi,HVHA,0.329741453998477,predicted,stacked_v4_40dim
MIDI-Unprocessed_SMF_16_R1_2004_01-08_ORIG_MID--AUDIO_16_R1_2004_03_Track03_wav,/Users/mymac/PycharmProjects/EEG-to-classical-music/data/maestro-v3.0.0/2004/MIDI-Unprocessed_SMF_16_R1_2004_01-08_ORIG_MID--AUDIO_16_R1_2004_03_Track03_wav.midi,HVHA,0.4535496240999009,predicted,stacked_v4_40dim
MIDI-Unprocessed_Recital17-19_MID--AUDIO_17_R1_2018_wav--2,/Users/mymac/PycharmProjects/EEG-to-classical-music/data/maestro-v3.0.0/2018/MIDI-Unprocessed_Recital17-19_MID--AUDIO_17_R1_2018_wav--2.midi,HVLA,0.5519085425534674,predicted,stacked_v4_40dim
MIDI-Unprocessed_08_R1_2008_01-05_ORIG_MID--AUDIO_08_R1_2008_wav--3,/Users/mymac/PycharmProjects/EEG-to-classical-music/data/maestro-v3.0.0/2008/MIDI-Unprocessed_08_R1_2008_01-05_ORIG_MID--AUDIO_08_R1_2008_wav--3.midi,HVLA,0.8531844528238904,predicted,stacked_v4_40dim
MIDI-Unprocessed_09_R1_2008_01-05_ORIG_MID--AUDIO_09_R1_2008_wav--4,/Users/mymac/PycharmProjects/EEG-to-classical-music/data/maestro-v3.0.0/2008/MIDI-Unprocessed_09_R1_2008_01-05_ORIG_MID--AUDIO_09_R1_2008_wav--4.midi,HVLA,0.7570055318861355,predicted,stacked_v4_40dim
MIDI-Unprocessed_049_PIANO049_MID--AUDIO-split_07-06-17_Piano-e_2-06_wav--4,/Users/mymac/PycharmProjects/EEG-to-classical-music/data/maestro-v3.0.0/2017/MIDI-Unprocessed_049_PIANO049_MID--AUDIO-split_07-06-17_Piano-e_2-06_wav--4.midi,HVLA,0.7627838787836557,predicted,stacked_v4_40dim
MIDI-UNPROCESSED_04-05_R1_2014_MID--AUDIO_04_R1_2014_wav--5,/Users/mymac/PycharmProjects/EEG-to-classical-music/data/maestro-v3.0.0/2014/MIDI-UNPROCESSED_04-05_R1_2014_MID--AUDIO_04_R1_2014_wav--5.midi,HVLA,0.7717602059178201,predicted,stacked_v4_40dim
MIDI-Unprocessed_R1_D2-13-20_mid--AUDIO-from_mp3_17_R1_2015_wav--3,/Users/mymac/PycharmProjects/EEG-to-classical-music/data/maestro-v3.0.0/2015/MIDI-Unprocessed_R1_D2-13-20_mid--AUDIO-from_mp3_17_R1_2015_wav--3.midi,HVLA,0.6507416211877357,predicted,stacked_v4_40dim
MIDI-Unprocessed_23_R1_2011_MID--AUDIO_R1-D9_05_Track05_wav,/Users/mymac/PycharmProjects/EEG-to-classical-music/data/maestro-v3.0.0/2011/MIDI-Unprocessed_23_R1_2011_MID--AUDIO_R1-D9_05_Track05_wav.midi,HVLA,0.7394635323957413,predicted,stacked_v4_40dim
ORIG-MIDI_01_7_6_13_Group__MID--AUDIO_04_R1_2013_wav--3,/Users/mymac/PycharmProjects/EEG-to-classical-music/data/maestro-v3.0.0/2013/ORIG-MIDI_01_7_6_13_Group__MID--AUDIO_04_R1_2013_wav--3.midi,HVLA,0.7815956301008387,predicted,stacked_v4_40dim
MIDI-Unprocessed_05_R1_2008_01-04_ORIG_MID--AUDIO_05_R1_2008_wav--4,/Users/mymac/PycharmProjects/EEG-to-classical-music/data/maestro-v3.0.0/2008/MIDI-Unprocessed_05_R1_2008_01-04_ORIG_MID--AUDIO_05_R1_2008_wav--4.midi,HVLA,0.7629574878186588,predicted,stacked_v4_40dim
MIDI-Unprocessed_12_R1_2008_01-04_ORIG_MID--AUDIO_12_R1_2008_wav--3,/Users/mymac/PycharmProjects/EEG-to-classical-music/data/maestro-v3.0.0/2008/MIDI-Unprocessed_12_R1_2008_01-04_ORIG_MID--AUDIO_12_R1_2008_wav--3.midi,HVLA,0.7884909439905532,predicted,stacked_v4_40dim
MIDI-Unprocessed_SMF_02_R1_2004_01-05_ORIG_MID--AUDIO_02_R1_2004_06_Track06_wav,/Users/mymac/PycharmProjects/EEG-to-classical-music/data/maestro-v3.0.0/2004/MIDI-Unprocessed_SMF_02_R1_2004_01-05_ORIG_MID--AUDIO_02_R1_2004_06_Track06_wav.midi,LVLA,0.33240882432993757,predicted,stacked_v4_40dim
MIDI-Unprocessed_SMF_02_R1_2004_01-05_ORIG_MID--AUDIO_02_R1_2004_08_Track08_wav,/Users/mymac/PycharmProjects/EEG-to-classical-music/data/maestro-v3.0.0/2004/MIDI-Unprocessed_SMF_02_R1_2004_01-05_ORIG_MID--AUDIO_02_R1_2004_08_Track08_wav.midi,HVLA,0.6294076908554082,predicted,stacked_v4_40dim
MIDI-Unprocessed_12_R1_2006_01-08_ORIG_MID--AUDIO_12_R1_2006_07_Track07_wav,/Users/mymac/PycharmProjects/EEG-to-classical-music/data/maestro-v3.0.0/2006/MIDI-Unprocessed_12_R1_2006_01-08_ORIG_MID--AUDIO_12_R1_2006_07_Track07_wav.midi,HVHA,0.5035442915681011,predicted,stacked_v4_40dim
MIDI-Unprocessed_Recital5-7_MID--AUDIO_05_R1_2018_wav--3,/Users/mymac/PycharmProjects/EEG-to-classical-music/data/maestro-v3.0.0/2018/MIDI-Unprocessed_Recital5-7_MID--AUDIO_05_R1_2018_wav--3.midi,HVHA,0.6570098144676532,predicted,stacked_v4_40dim
MIDI-Unprocessed_SMF_16_R1_2004_01-08_ORIG_MID--AUDIO_16_R1_2004_04_Track04_wav,/Users/mymac/PycharmProjects/EEG-to-classical-music/data/maestro-v3.0.0/2004/MIDI-Unprocessed_SMF_16_R1_2004_01-08_ORIG_MID--AUDIO_16_R1_2004_04_Track04_wav.midi,HVHA,0.751128049021461,predicted,stacked_v4_40dim
MIDI-Unprocessed_12_R1_2006_01-08_ORIG_MID--AUDIO_12_R1_2006_03_Track03_wav,/Users/mymac/PycharmProjects/EEG-to-classical-music/data/maestro-v3.0.0/2006/MIDI-Unprocessed_12_R1_2006_01-08_ORIG_MID--AUDIO_12_R1_2006_03_Track03_wav.midi,LVLA,0.5308443104326683,predicted,stacked_v4_40dim
MIDI-Unprocessed_XP_08_R1_2004_04-06_ORIG_MID--AUDIO_08_R1_2004_05_Track05_wav--2,/Users/mymac/PycharmProjects/EEG-to-classical-music/data/maestro-v3.0.0/2004/MIDI-Unprocessed_XP_08_R1_2004_04-06_ORIG_MID--AUDIO_08_R1_2004_05_Track05_wav--2.midi,HVLA,0.7978310975223363,predicted,stacked_v4_40dim
MIDI-Unprocessed_060_PIANO060_MID--AUDIO-split_07-07-17_Piano-e_2-04_wav--2,/Users/mymac/PycharmProjects/EEG-to-classical-music/data/maestro-v3.0.0/2017/MIDI-Unprocessed_060_PIANO060_MID--AUDIO-split_07-07-17_Piano-e_2-04_wav--2.midi,HVLA,0.7900277053918061,predicted,stacked_v4_40dim
MIDI-Unprocessed_Recital1-3_MID--AUDIO_03_R1_2018_wav--4,/Users/mymac/PycharmProjects/EEG-to-classical-music/data/maestro-v3.0.0/2018/MIDI-Unprocessed_Recital1-3_MID--AUDIO_03_R1_2018_wav--4.midi,LVLA,0.8033071284048782,predicted,stacked_v4_40dim
MIDI-Unprocessed_Recital1-3_MID--AUDIO_03_R1_2018_wav--5,/Users/mymac/PycharmProjects/EEG-to-classical-music/data/maestro-v3.0.0/2018/MIDI-Unprocessed_Recital1-3_MID--AUDIO_03_R1_2018_wav--5.midi,HVLA,0.758052160763203,predicted,stacked_v4_40dim
ORIG-MIDI_01_7_6_13_Group__MID--AUDIO_02_R1_2013_wav--4,/Users/mymac/PycharmProjects/EEG-to-classical-music/data/maestro-v3.0.0/2013/ORIG-MIDI_01_7_6_13_Group__MID--AUDIO_02_R1_2013_wav--4.midi,LVLA,0.6724034113607112,predicted,stacked_v4_40dim
MIDI-Unprocessed_22_R1_2006_01-04_ORIG_MID--AUDIO_22_R1_2006_04_Track04_wav,/Users/mymac/PycharmProjects/EEG-to-classical-music/data/maestro-v3.0.0/2006/MIDI-Unprocessed_22_R1_2006_01-04_ORIG_MID--AUDIO_22_R1_2006_04_Track04_wav.midi,HVHA,0.7739004126366034,predicted,stacked_v4_40dim
MIDI-Unprocessed_17_R3_2011_MID--AUDIO_R3-D6_03_Track03_wav,/Users/mymac/PycharmProjects/EEG-to-classical-music/data/maestro-v3.0.0/2011/MIDI-Unprocessed_17_R3_2011_MID--AUDIO_R3-D6_03_Track03_wav.midi,HVHA,0.4774577274043007,predicted,stacked_v4_40dim
MIDI-Unprocessed_17_R3_2011_MID--AUDIO_R3-D6_04_Track04_wav,/Users/mymac/PycharmProjects/EEG-to-classical-music/data/maestro-v3.0.0/2011/MIDI-Unprocessed_17_R3_2011_MID--AUDIO_R3-D6_04_Track04_wav.midi,HVLA,0.7747518244746924,predicted,stacked_v4_40dim
MIDI-Unprocessed_17_R3_2011_MID--AUDIO_R3-D6_05_Track05_wav,/Users/mymac/PycharmProjects/EEG-to-classical-music/data/maestro-v3.0.0/2011/MIDI-Unprocessed_17_R3_2011_MID--AUDIO_R3-D6_05_Track05_wav.midi,LVLA,0.44463256769276704,predicted,stacked_v4_40dim
MIDI-Unprocessed_17_R3_2011_MID--AUDIO_R3-D6_06_Track06_wav,/Users/mymac/PycharmProjects/EEG-to-classical-music/data/maestro-v3.0.0/2011/MIDI-Unprocessed_17_R3_2011_MID--AUDIO_R3-D6_06_Track06_wav.midi,HVLA,0.7784960835149357,predicted,stacked_v4_40dim
MIDI-Unprocessed_17_R3_2011_MID--AUDIO_R3-D6_07_Track07_wav,/Users/mymac/PycharmProjects/EEG-to-classical-music/data/maestro-v3.0.0/2011/MIDI-Unprocessed_17_R3_2011_MID--AUDIO_R3-D6_07_Track07_wav.midi,LVLA,0.5008716500657105,predicted,stacked_v4_40dim
MIDI-Unprocessed_17_R3_2011_MID--AUDIO_R3-D6_08_Track08_wav,/Users/mymac/PycharmProjects/EEG-to-classical-music/data/maestro-v3.0.0/2011/MIDI-Unprocessed_17_R3_2011_MID--AUDIO_R3-D6_08_Track08_wav.midi,HVLA,0.4948460230745671,predicted,stacked_v4_40dim
MIDI-Unprocessed_SMF_16_R1_2004_01-08_ORIG_MID--AUDIO_16_R1_2004_06_Track06_wav,/Users/mymac/PycharmProjects/EEG-to-classical-music/data/maestro-v3.0.0/2004/MIDI-Unprocessed_SMF_16_R1_2004_01-08_ORIG_MID--AUDIO_16_R1_2004_06_Track06_wav.midi,HVHA,0.7449505978893031,predicted,stacked_v4_40dim
MIDI-Unprocessed_12_R1_2006_01-08_ORIG_MID--AUDIO_12_R1_2006_04_Track04_wav,/Users/mymac/PycharmProjects/EEG-to-classical-music/data/maestro-v3.0.0/2006/MIDI-Unprocessed_12_R1_2006_01-08_ORIG_MID--AUDIO_12_R1_2006_04_Track04_wav.midi,HVHA,0.6807848778798536,predicted,stacked_v4_40dim
MIDI-Unprocessed_SMF_13_01_2004_01-05_ORIG_MID--AUDIO_13_R1_2004_12_Track12_wav,/Users/mymac/PycharmProjects/EEG-to-classical-music/data/maestro-v3.0.0/2004/MIDI-Unprocessed_SMF_13_01_2004_01-05_ORIG_MID--AUDIO_13_R1_2004_12_Track12_wav.midi,HVHA,0.7348400151777368,predicted,stacked_v4_40dim
MIDI-Unprocessed_R1_D1-9-12_mid--AUDIO-from_mp3_11_R1_2015_wav--4,/Users/mymac/PycharmProjects/EEG-to-classical-music/data/maestro-v3.0.0/2015/MIDI-Unprocessed_R1_D1-9-12_mid--AUDIO-from_mp3_11_R1_2015_wav--4.midi,HVHA,0.4241349730552855,predicted,stacked_v4_40dim
MIDI-Unprocessed_12_R3_2008_01-04_ORIG_MID--AUDIO_12_R3_2008_wav--3,/Users/mymac/PycharmProjects/EEG-to-classical-music/data/maestro-v3.0.0/2008/MIDI-Unprocessed_12_R3_2008_01-04_ORIG_MID--AUDIO_12_R3_2008_wav--3.midi,HVHA,0.6762779231587935,predicted,stacked_v4_40dim
MIDI-Unprocessed_XP_08_R1_2004_04-06_ORIG_MID--AUDIO_08_R1_2004_04_Track04_wav,/Users/mymac/PycharmProjects/EEG-to-classical-music/data/maestro-v3.0.0/2004/MIDI-Unprocessed_XP_08_R1_2004_04-06_ORIG_MID--AUDIO_08_R1_2004_04_Track04_wav.midi,HVHA,0.5184249100328072,predicted,stacked_v4_40dim
MIDI-Unprocessed_12_R1_2006_01-08_ORIG_MID--AUDIO_12_R1_2006_05_Track05_wav,/Users/mymac/PycharmProjects/EEG-to-classical-music/data/maestro-v3.0.0/2006/MIDI-Unprocessed_12_R1_2006_01-08_ORIG_MID--AUDIO_12_R1_2006_05_Track05_wav.midi,LVHA,0.36895442800425204,predicted,stacked_v4_40dim
MIDI-Unprocessed_Recital17-19_MID--AUDIO_19_R1_2018_wav--5,/Users/mymac/PycharmProjects/EEG-to-classical-music/data/maestro-v3.0.0/2018/MIDI-Unprocessed_Recital17-19_MID--AUDIO_19_R1_2018_wav--5.midi,HVHA,0.6795714170887454,predicted,stacked_v4_40dim
MIDI-Unprocessed_R1_D1-9-12_mid--AUDIO-from_mp3_11_R1_2015_wav--5,/Users/mymac/PycharmProjects/EEG-to-classical-music/data/maestro-v3.0.0/2015/MIDI-Unprocessed_R1_D1-9-12_mid--AUDIO-from_mp3_11_R1_2015_wav--5.midi,HVHA,0.6453242771212402,predicted,stacked_v4_40dim
MIDI-Unprocessed_XP_08_R1_2004_04-06_ORIG_MID--AUDIO_08_R1_2004_05_Track05_wav--1,/Users/mymac/PycharmProjects/EEG-to-classical-music/data/maestro-v3.0.0/2004/MIDI-Unprocessed_XP_08_R1_2004_04-06_ORIG_MID--AUDIO_08_R1_2004_05_Track05_wav--1.midi,HVHA,0.3808387036276363,predicted,stacked_v4_40dim
MIDI-Unprocessed_14_R1_2006_01-05_ORIG_MID--AUDIO_14_R1_2006_04_Track04_wav,/Users/mymac/PycharmProjects/EEG-to-classical-music/data/maestro-v3.0.0/2006/MIDI-Unprocessed_14_R1_2006_01-05_ORIG_MID--AUDIO_14_R1_2006_04_Track04_wav.midi,HVLA,0.5274133375991044,predicted,stacked_v4_40dim
MIDI-Unprocessed_SMF_16_R1_2004_01-08_ORIG_MID--AUDIO_16_R1_2004_02_Track02_wav,/Users/mymac/PycharmProjects/EEG-to-classical-music/data/maestro-v3.0.0/2004/MIDI-Unprocessed_SMF_16_R1_2004_01-08_ORIG_MID--AUDIO_16_R1_2004_02_Track02_wav.midi,HVHA,0.7066170862160068,predicted,stacked_v4_40dim
MIDI-UNPROCESSED_04-05_R1_2014_MID--AUDIO_04_R1_2014_wav--4,/Users/mymac/PycharmProjects/EEG-to-classical-music/data/maestro-v3.0.0/2014/MIDI-UNPROCESSED_04-05_R1_2014_MID--AUDIO_04_R1_2014_wav--4.midi,HVHA,0.4043338634976208,predicted,stacked_v4_40dim
ORIG-MIDI_02_7_6_13_Group__MID--AUDIO_05_R1_2013_wav--3,/Users/mymac/PycharmProjects/EEG-to-classical-music/data/maestro-v3.0.0/2013/ORIG-MIDI_02_7_6_13_Group__MID--AUDIO_05_R1_2013_wav--3.midi,HVHA,0.4525148886915869,predicted,stacked_v4_40dim
MIDI-Unprocessed_03_R2_2011_MID--AUDIO_R2-D1_06_Track06_wav,/Users/mymac/PycharmProjects/EEG-to-classical-music/data/maestro-v3.0.0/2011/MIDI-Unprocessed_03_R2_2011_MID--AUDIO_R2-D1_06_Track06_wav.midi,LVLA,0.4602610711937632,predicted,stacked_v4_40dim
MIDI-Unprocessed_Recital17-19_MID--AUDIO_19_R1_2018_wav--6,/Users/mymac/PycharmProjects/EEG-to-classical-music/data/maestro-v3.0.0/2018/MIDI-Unprocessed_Recital17-19_MID--AUDIO_19_R1_2018_wav--6.midi,HVHA,0.5479151360701484,predicted,stacked_v4_40dim
MIDI-Unprocessed_12_R3_2011_MID--AUDIO_R3-D4_04_Track04_wav,/Users/mymac/PycharmProjects/EEG-to-classical-music/data/maestro-v3.0.0/2011/MIDI-Unprocessed_12_R3_2011_MID--AUDIO_R3-D4_04_Track04_wav.midi,HVHA,0.6159461286569469,predicted,stacked_v4_40dim
MIDI-Unprocessed_12_R3_2011_MID--AUDIO_R3-D4_07_Track07_wav,/Users/mymac/PycharmProjects/EEG-to-classical-music/data/maestro-v3.0.0/2011/MIDI-Unprocessed_12_R3_2011_MID--AUDIO_R3-D4_07_Track07_wav.midi,HVHA,0.5306476976166492,predicted,stacked_v4_40dim
MIDI-Unprocessed_12_R3_2011_MID--AUDIO_R3-D4_08_Track08_wav,/Users/mymac/PycharmProjects/EEG-to-classical-music/data/maestro-v3.0.0/2011/MIDI-Unprocessed_12_R3_2011_MID--AUDIO_R3-D4_08_Track08_wav.midi,LVHA,0.761607524053858,predicted,stacked_v4_40dim
MIDI-Unprocessed_12_R3_2011_MID--AUDIO_R3-D4_09_Track09_wav,/Users/mymac/PycharmProjects/EEG-to-classical-music/data/maestro-v3.0.0/2011/MIDI-Unprocessed_12_R3_2011_MID--AUDIO_R3-D4_09_Track09_wav.midi,HVHA,0.8052501270720932,predicted,stacked_v4_40dim
MIDI-Unprocessed_XP_15_R1_2004_04_ORIG_MID--AUDIO_15_R1_2004_04_Track04_wav,/Users/mymac/PycharmProjects/EEG-to-classical-music/data/maestro-v3.0.0/2004/MIDI-Unprocessed_XP_15_R1_2004_04_ORIG_MID--AUDIO_15_R1_2004_04_Track04_wav.midi,HVHA,0.8113848431821635,predicted,stacked_v4_40dim
MIDI-Unprocessed_XP_01_R1_2004_04-05_ORIG_MID--AUDIO_01_R1_2004_06_Track06_wav,/Users/mymac/PycharmProjects/EEG-to-classical-music/data/maestro-v3.0.0/2004/MIDI-Unprocessed_XP_01_R1_2004_04-05_ORIG_MID--AUDIO_01_R1_2004_06_Track06_wav.midi,HVHA,0.6848074976918782,predicted,stacked_v4_40dim
MIDI-Unprocessed_14_R1_2009_06-08_ORIG_MID--AUDIO_14_R1_2009_14_R1_2009_08_WAV,/Users/mymac/PycharmProjects/EEG-to-classical-music/data/maestro-v3.0.0/2009/MIDI-Unprocessed_14_R1_2009_06-08_ORIG_MID--AUDIO_14_R1_2009_14_R1_2009_08_WAV.midi,HVHA,0.7910818505617028,predicted,stacked_v4_40dim
MIDI-Unprocessed_08_R1_2009_05-06_ORIG_MID--AUDIO_08_R1_2009_08_R1_2009_06_WAV,/Users/mymac/PycharmProjects/EEG-to-classical-music/data/maestro-v3.0.0/2009/MIDI-Unprocessed_08_R1_2009_05-06_ORIG_MID--AUDIO_08_R1_2009_08_R1_2009_06_WAV.midi,HVHA,0.8271248720161631,predicted,stacked_v4_40dim
MIDI-Unprocessed_SMF_16_R1_2004_01-08_ORIG_MID--AUDIO_16_R1_2004_08_Track08_wav,/Users/mymac/PycharmProjects/EEG-to-classical-music/data/maestro-v3.0.0/2004/MIDI-Unprocessed_SMF_16_R1_2004_01-08_ORIG_MID--AUDIO_16_R1_2004_08_Track08_wav.midi,HVHA,0.8631270554829836,predicted,stacked_v4_40dim
MIDI-Unprocessed_03_R1_2006_01-05_ORIG_MID--AUDIO_03_R1_2006_05_Track05_wav,/Users/mymac/PycharmProjects/EEG-to-classical-music/data/maestro-v3.0.0/2006/MIDI-Unprocessed_03_R1_2006_01-05_ORIG_MID--AUDIO_03_R1_2006_05_Track05_wav.midi,HVHA,0.8295706518702122,predicted,stacked_v4_40dim
MIDI-Unprocessed_07_R1_2009_04-05_ORIG_MID--AUDIO_07_R1_2009_07_R1_2009_05_WAV,/Users/mymac/PycharmProjects/EEG-to-classical-music/data/maestro-v3.0.0/2009/MIDI-Unprocessed_07_R1_2009_04-05_ORIG_MID--AUDIO_07_R1_2009_07_R1_2009_05_WAV.midi,HVHA,0.8456259595837224,predicted,stacked_v4_40dim
MIDI-Unprocessed_12_R1_2006_01-08_ORIG_MID--AUDIO_12_R1_2006_08_Track08_wav,/Users/mymac/PycharmProjects/EEG-to-classical-music/data/maestro-v3.0.0/2006/MIDI-Unprocessed_12_R1_2006_01-08_ORIG_MID--AUDIO_12_R1_2006_08_Track08_wav.midi,HVLA,0.805714979627866,predicted,stacked_v4_40dim
MIDI-Unprocessed_04_R1_2009_04-06_ORIG_MID--AUDIO_04_R1_2009_04_R1_2009_06_WAV,/Users/mymac/PycharmProjects/EEG-to-classical-music/data/maestro-v3.0.0/2009/MIDI-Unprocessed_04_R1_2009_04-06_ORIG_MID--AUDIO_04_R1_2009_04_R1_2009_06_WAV.midi,HVHA,0.6444768561543818,predicted,stacked_v4_40dim
MIDI-Unprocessed_07_R1_2006_01-04_ORIG_MID--AUDIO_07_R1_2006_02_Track02_wav,/Users/mymac/PycharmProjects/EEG-to-classical-music/data/maestro-v3.0.0/2006/MIDI-Unprocessed_07_R1_2006_01-04_ORIG_MID--AUDIO_07_R1_2006_02_Track02_wav.midi,LVLA,0.43201827930541903,predicted,stacked_v4_40dim
MIDI-Unprocessed_04_R1_2009_01-03_ORIG_MID--AUDIO_04_R1_2009_04_R1_2009_02_WAV,/Users/mymac/PycharmProjects/EEG-to-classical-music/data/maestro-v3.0.0/2009/MIDI-Unprocessed_04_R1_2009_01-03_ORIG_MID--AUDIO_04_R1_2009_04_R1_2009_02_WAV.midi,HVHA,0.842674800270748,predicted,stacked_v4_40dim
MIDI-Unprocessed_Chamber2_MID--AUDIO_09_R3_2018_wav--1,/Users/mymac/PycharmProjects/EEG-to-classical-music/data/maestro-v3.0.0/2018/MIDI-Unprocessed_Chamber2_MID--AUDIO_09_R3_2018_wav--1.midi,HVHA,0.7524375776162712,predicted,stacked_v4_40dim
MIDI-Unprocessed_05_R1_2011_MID--AUDIO_R1-D2_12_Track12_wav,/Users/mymac/PycharmProjects/EEG-to-classical-music/data/maestro-v3.0.0/2011/MIDI-Unprocessed_05_R1_2011_MID--AUDIO_R1-D2_12_Track12_wav.midi,LVLA,0.3484959676327354,predicted,stacked_v4_40dim
MIDI-Unprocessed_24_R1_2006_01-05_ORIG_MID--AUDIO_24_R1_2006_01_Track01_wav,/Users/mymac/PycharmProjects/EEG-to-classical-music/data/maestro-v3.0.0/2006/MIDI-Unprocessed_24_R1_2006_01-05_ORIG_MID--AUDIO_24_R1_2006_01_Track01_wav.midi,HVHA,0.5598060515365687,predicted,stacked_v4_40dim
MIDI-Unprocessed_R1_D1-1-8_mid--AUDIO-from_mp3_01_R1_2015_wav--3,/Users/mymac/PycharmProjects/EEG-to-classical-music/data/maestro-v3.0.0/2015/MIDI-Unprocessed_R1_D1-1-8_mid--AUDIO-from_mp3_01_R1_2015_wav--3.midi,HVHA,0.4749833668606688,predicted,stacked_v4_40dim
MIDI-Unprocessed_08_R1_2008_01-05_ORIG_MID--AUDIO_08_R1_2008_wav--2,/Users/mymac/PycharmProjects/EEG-to-classical-music/data/maestro-v3.0.0/2008/MIDI-Unprocessed_08_R1_2008_01-05_ORIG_MID--AUDIO_08_R1_2008_wav--2.midi,HVHA,0.7179996509068651,predicted,stacked_v4_40dim
MIDI-Unprocessed_02_R1_2011_MID--AUDIO_R1-D1_09_Track09_wav,/Users/mymac/PycharmProjects/EEG-to-classical-music/data/maestro-v3.0.0/2011/MIDI-Unprocessed_02_R1_2011_MID--AUDIO_R1-D1_09_Track09_wav.midi,HVHA,0.7394226989740036,predicted,stacked_v4_40dim
ORIG-MIDI_03_7_10_13_Group_MID--AUDIO_17_R3_2013_wav--1,/Users/mymac/PycharmProjects/EEG-to-classical-music/data/maestro-v3.0.0/2013/ORIG-MIDI_03_7_10_13_Group_MID--AUDIO_17_R3_2013_wav--1.midi,HVHA,0.7224361795958728,predicted,stacked_v4_40dim
MIDI-Unprocessed_052_PIANO052_MID--AUDIO-split_07-06-17_Piano-e_3-03_wav--3,/Users/mymac/PycharmProjects/EEG-to-classical-music/data/maestro-v3.0.0/2017/MIDI-Unprocessed_052_PIANO052_MID--AUDIO-split_07-06-17_Piano-e_3-03_wav--3.midi,HVHA,0.6284434903801438,predicted,stacked_v4_40dim
ORIG-MIDI_02_7_7_13_Group__MID--AUDIO_18_R1_2013_wav--3,/Users/mymac/PycharmProjects/EEG-to-classical-music/data/maestro-v3.0.0/2013/ORIG-MIDI_02_7_7_13_Group__MID--AUDIO_18_R1_2013_wav--3.midi,HVHA,0.7584833193300358,predicted,stacked_v4_40dim
MIDI-Unprocessed_08_R1_2009_01-04_ORIG_MID--AUDIO_08_R1_2009_08_R1_2009_01_WAV,/Users/mymac/PycharmProjects/EEG-to-classical-music/data/maestro-v3.0.0/2009/MIDI-Unprocessed_08_R1_2009_01-04_ORIG_MID--AUDIO_08_R1_2009_08_R1_2009_01_WAV.midi,HVHA,0.7319384731736039,predicted,stacked_v4_40dim
MIDI-Unprocessed_R1_D2-13-20_mid--AUDIO-from_mp3_20_R1_2015_wav--2,/Users/mymac/PycharmProjects/EEG-to-classical-music/data/maestro-v3.0.0/2015/MIDI-Unprocessed_R1_D2-13-20_mid--AUDIO-from_mp3_20_R1_2015_wav--2.midi,HVHA,0.5359895979104975,predicted,stacked_v4_40dim
MIDI-Unprocessed_R1_D2-13-20_mid--AUDIO-from_mp3_18_R1_2015_wav--3,/Users/mymac/PycharmProjects/EEG-to-classical-music/data/maestro-v3.0.0/2015/MIDI-Unprocessed_R1_D2-13-20_mid--AUDIO-from_mp3_18_R1_2015_wav--3.midi,HVHA,0.8357125490309106,predicted,stacked_v4_40dim
MIDI-Unprocessed_02_R1_2008_01-05_ORIG_MID--AUDIO_02_R1_2008_wav--2,/Users/mymac/PycharmProjects/EEG-to-classical-music/data/maestro-v3.0.0/2008/MIDI-Unprocessed_02_R1_2008_01-05_ORIG_MID--AUDIO_02_R1_2008_wav--2.midi,HVHA,0.5886377005134098,predicted,stacked_v4_40dim
MIDI-Unprocessed_Recital13-15_MID--AUDIO_13_R1_2018_wav--1,/Users/mymac/PycharmProjects/EEG-to-classical-music/data/maestro-v3.0.0/2018/MIDI-Unprocessed_Recital13-15_MID--AUDIO_13_R1_2018_wav--1.midi,HVHA,0.3313504412317414,predicted,stacked_v4_40dim
ORIG-MIDI_01_7_7_13_Group__MID--AUDIO_11_R1_2013_wav--2,/Users/mymac/PycharmProjects/EEG-to-classical-music/data/maestro-v3.0.0/2013/ORIG-MIDI_01_7_7_13_Group__MID--AUDIO_11_R1_2013_wav--2.midi,HVHA,0.5931023119460581,predicted,stacked_v4_40dim
MIDI-Unprocessed_Recital12_MID--AUDIO_12_R1_2018_wav--1,/Users/mymac/PycharmProjects/EEG-to-classical-music/data/maestro-v3.0.0/2018/MIDI-Unprocessed_Recital12_MID--AUDIO_12_R1_2018_wav--1.midi,HVHA,0.6702458802149309,predicted,stacked_v4_40dim
MIDI-Unprocessed_14_R1_2008_01-05_ORIG_MID--AUDIO_14_R1_2008_wav--2,/Users/mymac/PycharmProjects/EEG-to-classical-music/data/maestro-v3.0.0/2008/MIDI-Unprocessed_14_R1_2008_01-05_ORIG_MID--AUDIO_14_R1_2008_wav--2.midi,HVHA,0.7344037331196079,predicted,stacked_v4_40dim
MIDI-Unprocessed_07_R3_2008_01-05_ORIG_MID--AUDIO_07_R3_2008_wav--1,/Users/mymac/PycharmProjects/EEG-to-classical-music/data/maestro-v3.0.0/2008/MIDI-Unprocessed_07_R3_2008_01-05_ORIG_MID--AUDIO_07_R3_2008_wav--1.midi,HVHA,0.8782567223106782,predicted,stacked_v4_40dim
MIDI-Unprocessed_03_R1_2011_MID--AUDIO_R1-D1_16_Track16_wav,/Users/mymac/PycharmProjects/EEG-to-classical-music/data/maestro-v3.0.0/2011/MIDI-Unprocessed_03_R1_2011_MID--AUDIO_R1-D1_16_Track16_wav.midi,HVHA,0.7212025691564071,predicted,stacked_v4_40dim
MIDI-Unprocessed_14_R1_2009_06-08_ORIG_MID--AUDIO_14_R1_2009_14_R1_2009_06_WAV,/Users/mymac/PycharmProjects/EEG-to-classical-music/data/maestro-v3.0.0/2009/MIDI-Unprocessed_14_R1_2009_06-08_ORIG_MID--AUDIO_14_R1_2009_14_R1_2009_06_WAV.midi,HVHA,0.7344763921358156,predicted,stacked_v4_40dim
MIDI-UNPROCESSED_09-10_R1_2014_MID--AUDIO_09_R1_2014_wav--1,/Users/mymac/PycharmProjects/EEG-to-classical-music/data/maestro-v3.0.0/2014/MIDI-UNPROCESSED_09-10_R1_2014_MID--AUDIO_09_R1_2014_wav--1.midi,HVHA,0.6802362861654052,predicted,stacked_v4_40dim
ORIG-MIDI_01_7_7_13_Group__MID--AUDIO_12_R1_2013_wav--2,/Users/mymac/PycharmProjects/EEG-to-classical-music/data/maestro-v3.0.0/2013/ORIG-MIDI_01_7_7_13_Group__MID--AUDIO_12_R1_2013_wav--2.midi,HVHA,0.7398825212070586,predicted,stacked_v4_40dim
ORIG-MIDI_01_7_7_13_Group__MID--AUDIO_12_R1_2013_wav--3,/Users/mymac/PycharmProjects/EEG-to-classical-music/data/maestro-v3.0.0/2013/ORIG-MIDI_01_7_7_13_Group__MID--AUDIO_12_R1_2013_wav--3.midi,LVLA,0.6172341040350936,predicted,stacked_v4_40dim
MIDI-Unprocessed_05_R1_2009_01-02_ORIG_MID--AUDIO_05_R1_2009_05_R1_2009_01_WAV,/Users/mymac/PycharmProjects/EEG-to-classical-music/data/maestro-v3.0.0/2009/MIDI-Unprocessed_05_R1_2009_01-02_ORIG_MID--AUDIO_05_R1_2009_05_R1_2009_01_WAV.midi,HVHA,0.7940509317762312,predicted,stacked_v4_40dim
MIDI-Unprocessed_07_R1_2011_MID--AUDIO_R1-D3_04_Track04_wav,/Users/mymac/PycharmProjects/EEG-to-classical-music/data/maestro-v3.0.0/2011/MIDI-Unprocessed_07_R1_2011_MID--AUDIO_R1-D3_04_Track04_wav.midi,HVHA,0.8526201563046301,predicted,stacked_v4_40dim
MIDI-Unprocessed_16_R1_2006_01-04_ORIG_MID--AUDIO_16_R1_2006_01_Track01_wav,/Users/mymac/PycharmProjects/EEG-to-classical-music/data/maestro-v3.0.0/2006/MIDI-Unprocessed_16_R1_2006_01-04_ORIG_MID--AUDIO_16_R1_2006_01_Track01_wav.midi,HVHA,0.7266571698733555,predicted,stacked_v4_40dim
MIDI-Unprocessed_06_R1_2006_01-04_ORIG_MID--AUDIO_06_R1_2006_01_Track01_wav,/Users/mymac/PycharmProjects/EEG-to-classical-music/data/maestro-v3.0.0/2006/MIDI-Unprocessed_06_R1_2006_01-04_ORIG_MID--AUDIO_06_R1_2006_01_Track01_wav.midi,HVHA,0.599881137406975,predicted,stacked_v4_40dim
MIDI-Unprocessed_R1_D1-9-12_mid--AUDIO-from_mp3_11_R1_2015_wav--1,/Users/mymac/PycharmProjects/EEG-to-classical-music/data/maestro-v3.0.0/2015/MIDI-Unprocessed_R1_D1-9-12_mid--AUDIO-from_mp3_11_R1_2015_wav--1.midi,HVHA,0.7357648566253906,predicted,stacked_v4_40dim
MIDI-Unprocessed_R1_D1-9-12_mid--AUDIO-from_mp3_12_R1_2015_wav--2,/Users/mymac/PycharmProjects/EEG-to-classical-music/data/maestro-v3.0.0/2015/MIDI-Unprocessed_R1_D1-9-12_mid--AUDIO-from_mp3_12_R1_2015_wav--2.midi,HVHA,0.8027383100933461,predicted,stacked_v4_40dim
ORIG-MIDI_03_7_6_13_Group__MID--AUDIO_09_R1_2013_wav--3,/Users/mymac/PycharmProjects/EEG-to-classical-music/data/maestro-v3.0.0/2013/ORIG-MIDI_03_7_6_13_Group__MID--AUDIO_09_R1_2013_wav--3.midi,HVHA,0.6897036095460765,predicted,stacked_v4_40dim
MIDI-Unprocessed_XP_14_R1_2004_04_ORIG_MID--AUDIO_14_R1_2004_04_Track04_wav,/Users/mymac/PycharmProjects/EEG-to-classical-music/data/maestro-v3.0.0/2004/MIDI-Unprocessed_XP_14_R1_2004_04_ORIG_MID--AUDIO_14_R1_2004_04_Track04_wav.midi,HVHA,0.7147659192116563,predicted,stacked_v4_40dim
MIDI-Unprocessed_XP_14_R1_2004_04_ORIG_MID--AUDIO_14_R1_2004_05_Track05_wav,/Users/mymac/PycharmProjects/EEG-to-classical-music/data/maestro-v3.0.0/2004/MIDI-Unprocessed_XP_14_R1_2004_04_ORIG_MID--AUDIO_14_R1_2004_05_Track05_wav.midi,LVHA,0.5938811450084202,predicted,stacked_v4_40dim
MIDI-Unprocessed_XP_14_R1_2004_04_ORIG_MID--AUDIO_14_R1_2004_06_Track06_wav,/Users/mymac/PycharmProjects/EEG-to-classical-music/data/maestro-v3.0.0/2004/MIDI-Unprocessed_XP_14_R1_2004_04_ORIG_MID--AUDIO_14_R1_2004_06_Track06_wav.midi,HVHA,0.8601063463907208,predicted,stacked_v4_40dim
MIDI-Unprocessed_SMF_12_01_2004_01-05_ORIG_MID--AUDIO_12_R1_2004_03_Track03_wav--1,/Users/mymac/PycharmProjects/EEG-to-classical-music/data/maestro-v3.0.0/2004/MIDI-Unprocessed_SMF_12_01_2004_01-05_ORIG_MID--AUDIO_12_R1_2004_03_Track03_wav--1.midi,HVHA,0.6708424033993159,predicted,stacked_v4_40dim
MIDI-Unprocessed_Recital17-19_MID--AUDIO_17_R1_2018_wav--3,/Users/mymac/PycharmProjects/EEG-to-classical-music/data/maestro-v3.0.0/2018/MIDI-Unprocessed_Recital17-19_MID--AUDIO_17_R1_2018_wav--3.midi,HVHA,0.6974710668852442,predicted,stacked_v4_40dim
MIDI-Unprocessed_XP_04_R1_2004_01-02_ORIG_MID--AUDIO_04_R1_2004_02_Track02_wav,/Users/mymac/PycharmProjects/EEG-to-classical-music/data/maestro-v3.0.0/2004/MIDI-Unprocessed_XP_04_R1_2004_01-02_ORIG_MID--AUDIO_04_R1_2004_02_Track02_wav.midi,HVHA,0.6842855416660322,predicted,stacked_v4_40dim
